TransactionID,CustomerID,CustGender,CustLocation,CustAccountBalance,TransactionDate,TransactionTime,TransactionAmount (INR)
T892846,C5725279,M,JASPUR,84447.82,7/9/16,183210,11858.0
T444995,C4588538,M,GURGAON,12549.49,16/8/16,161300,250.0
T614897,C2416476,M,NEW DELHI,33607.65,26/8/16,102007,3360.0
T457037,C5940151,M,HYDERABAD,38238.86,21/8/16,110438,250.0
T997442,C5922989,M,PURBO MEDINIPUR,9506.85,14/9/16,90810,33.0
T518220,C8296884,M,BANGALORE,635863.63,19/8/16,215646,2688.0
T778233,C6671851,M,SHOPPING COMPLEX THIRUVANATHAPURAM,5867.38,6/9/16,193036,870.0
T151836,C8927812,M,NEW DELHI,63911.56,4/8/16,30857,499.0
T446576,C7511745,F,GURGAON,19853.15,16/8/16,183906,280.0
T887528,C6126877,M,GURGAON,3848.86,7/9/16,201500,203.45
T672566,C4838159,M,ROAD NUNGAMBAKKAM CHENNAI,32578.12,31/8/16,190101,350.0
T542360,C2312711,M,AURANGABAD,7626.73,23/8/16,1540,147.0
T320470,C7895589,M,LUCKNOW,167783.85,15/8/16,15803,49041.68
T634647,C1737472,M,GHAZIABAD,2954.27,29/8/16,173500,300.0
T153452,C7220357,M,HYDERABAD,19841.89,4/8/16,41313,300.0
T160007,C4547164,M,BANGALORE,8056.18,4/8/16,81808,150.0
T865234,C6641948,M,MOHALI,34807.77,8/9/16,20600,2.7
T133065,C3014337,M,NOIDA,2379.92,5/8/16,90701,946.0
T26154,C5326361,F,MANGALORE TQ,27382.64,26/9/16,173252,1249.0
T995716,C4040113,M,CHENNAI,3122.1,14/9/16,94149,1000.0
T417157,C4140330,M,MUMBAI,2057.19,17/8/16,120037,1965.0
T252393,C2835570,M,GURGAON,223078.63,7/8/16,202538,500.0
T288515,C8523469,M,HYDERABAD,10963.61,11/8/16,153244,200.0
T675827,C6920776,M,HYDERABAD,30423.14,28/8/16,112927,659.0
T519648,C2723414,F,ULHASNAGAR,187115.35,19/8/16,213946,15300.0
T901428,C5928779,M,MUMBAI,14525.85,7/9/16,110104,100.0
T177531,C4823476,M,GURGAON,20384.09,4/8/16,210517,500.0
T125723,C4030963,M,SAHIB STRT BANGALORE,116024.37,6/8/16,235804,635.0
T179851,C6717763,M,GURDASPUR,1387.05,4/8/16,211925,1170.0
T166501,C5135922,M,NOIDA,29911.96,4/8/16,135909,822.0
T788306,C5214325,F,NEW DELHI,99950.89,6/9/16,45030,149.0
T15027,C6535238,F,DELHI,10125.36,26/9/16,201650,432.0
T1021731,C2925333,M,AMBERNATH,41467.47,13/9/16,143323,191.0
T916399,C8112785,M,GANGTOK,9270.75,12/9/16,192301,101.15
T747735,C2019141,M,DELHI,108586.67,2/9/16,201922,100.0
T2726,C2234990,M,RAJKOT,4102.18,21/10/16,155850,50.0
T142744,C5632280,M,GUWAHATI,18322.19,5/8/16,124752,26.0
T403466,C3716768,M,LUCKNOW,513.2,18/8/16,141537,100.0
T282429,C2716163,F,CHENNAI,51193.01,11/8/16,115831,600.0
T147571,C2838389,F,MOHALI,25417.72,5/8/16,192752,606.9
T473178,C4334836,M,BANGALORE,34224.88,21/8/16,142651,200.0
T139725,C3836872,M,AHMEDABAD,16667.49,5/8/16,113546,25989.0
T418976,C1216378,F,BANGALORE,17072.15,17/8/16,213903,20.0
T216001,C6810662,M,AHMEDABAD,106475.17,8/8/16,154952,30.0
T724448,C4314078,M,ALWAR,13973.85,2/9/16,80727,1820.0
T20776,C4525944,F,THANE,6669.98,23/9/16,190447,3599.0
T734802,C3821745,F,KARIMNAGAR,3344.36,2/9/16,174750,120.0
T874067,C4916771,M,DELHI,6589.94,8/9/16,212119,1002.0
T224792,C8524228,M,BHIWANI,10836.21,7/8/16,32514,50.0
T70608,C1839418,M,BHAVNAGAR,11124.55,2/8/16,190329,50.0
T137268,C3739451,F,NOIDA,719.7,5/8/16,44048,85.0
T227040,C4631273,M,CUDDALORE,2362.5,7/8/16,142837,813.0
T70570,C8736963,M,KALYAN WEST,13204.45,2/8/16,171800,5206.0
T544955,C5328391,F,BANGALORE,5807.89,23/8/16,234128,1020.0
T6615,C6921476,F,MUMBAI,69073.56,22/9/16,132133,499.0
T601896,C8433880,M,KOLKATA,34047.25,26/8/16,235241,485.0
T106975,C1325773,M,GURGAON,15166.35,6/8/16,44526,123.0
T672488,C6738879,F,GHAZIABAD,109847.34,28/8/16,191159,3531.0
T997414,C4334023,F,AGARTALA,0.0,14/9/16,143420,3050.0
T730023,C3134514,M,SALCETTE,57428.85,2/9/16,151037,268.0
T217464,C3415792,M,AHMEDNAGAR,3432.37,8/8/16,194101,45.0
T976150,C6228347,M,DELHI,6832.59,15/9/16,160238,23928.0
T930164,C3330558,F,NEW DELHI,19053.66,11/9/16,111834,2748.0
T914159,C8936280,M,JAIPUR,1761.78,12/9/16,85009,189.0
T386293,C1924915,M,NEW DELHI,471466.98,13/8/16,200820,2000.0
T321544,C6425031,M,RAJPURA,3167.49,15/8/16,104905,55.0
T280641,C4915584,M,MUMBAI,4352.68,11/8/16,102352,581.8
T310795,C8431258,F,THANE,362.18,10/8/16,174629,500.0
T281245,C4229683,M,BURDWAN,33178.94,11/8/16,110848,205.0
T1039446,C3249876,M,GURGAON,11665.51,18/9/16,161306,1500.01
T508531,C7142253,M,AHMEDABAD,27263.7,19/8/16,180420,2999.0
T756117,C1363821,M,JAIPUR,64408.59,1/9/16,183954,2241.82
T225231,C2535784,M,CHENNAI,2992.2,7/8/16,91235,45.0
T358067,C7726989,F,KANCHEEPURAM,23581.13,14/8/16,134353,2875.0
T942718,C3535553,M,NAVI MUMBAI,29000.54,11/9/16,185555,1397.0
T693508,C2039851,M,DELHI,30057.55,31/8/16,211311,1050.0
T635359,C7584460,M,BANGALORE,18399.65,29/8/16,131934,755.0
T743958,C5324073,M,CHENNAI,21246.03,2/9/16,203651,485.0
T70473,C1729633,F,DISTT-GHAZIABAD GHAZIABAD,8725.5,2/8/16,155602,1299.0
T504630,C1220126,M,BANGALORE,8903.78,19/8/16,133136,558.25
T112751,C6859742,F,BHILAI,,6/8/16,114549,25.0
T585264,C2880749,M,VARANASI,49978.19,22/8/16,203807,499.0
T134893,C8546382,M,CHENNAI,307.69,5/8/16,83743,970.0
T537750,C4725590,M,PANNA SHOPPING CENTRE JOGESHWARI W,37629.29,23/8/16,201806,8500.0
T437553,C1325454,M,NEW DELHI,87707.74,17/8/16,161813,2797.0
T996551,C4688471,F,BANGALORE,11555.06,14/9/16,100346,640.9
T1035813,C5923873,F,NEW DELHI,991.06,18/9/16,170757,101.0
T15389,C7419118,M,GORAKHPUR,937.03,26/9/16,195129,50.0
T496528,C1513727,M,RUPNAGAR,10959.4,19/8/16,62056,605.4
T81933,C2119275,M,BURDWAN,130438.56,2/8/16,223435,435.0
T570540,C1151882,M,NEW DELHI,567819.93,22/8/16,111935,850.0
T244712,C7693881,M,GAUTAM BUDDHA NAGAR,55042.73,7/8/16,191604,101.15
T247650,C5441245,M,DELHI,3119.24,7/8/16,153628,240.0
T673255,C6220778,M,GHAZIABAD,38440.32,28/8/16,41105,10.35
T513817,C5079434,M,DOMBIVALI EAST,90444.42,19/8/16,141053,1932.0
T539384,C2532165,F,DELHI,20.23,24/8/16,213612,249.0
T388028,C5312351,F,THANE- EAST,61169.9,13/8/16,195100,200.0
T204213,C4725327,M,MUZAFFARPUR,462.11,8/8/16,115337,10.0
T989280,C8440473,M,NEW DELHI,8683.1,15/9/16,223639,204.0
T921238,C5419278,F,KOTTAYAM,12051.88,11/9/16,100716,30.0
T901508,C5959977,M,BHUBANESHWAR,5410.65,7/9/16,4413,2000.0
T301202,C3166470,M,GURGAON,370.05,10/8/16,103738,137.0
T318291,C5738638,M,OFF BKC MUMBAI,5040.82,15/8/16,111803,540.26
T123903,C6512254,M,GUWAHATI,3070487.24,6/8/16,180234,2501.0
T734351,C1825757,M,NANGAL,75006.15,2/9/16,174539,50.0
T89813,C5610988,M,NOIDA,,1/8/16,120555,10.0
T550601,C3356516,M,NEW DELHI,1055799.07,23/8/16,173249,200.0
T936648,C1329241,M,GURGAON,656808.66,11/9/16,185028,355.0
T1021983,C3629072,M,PUNE,99131.5,13/9/16,142859,2500.0
T60426,C5881554,F,NEW DELHI,67810.5,3/8/16,234352,141.0
T907506,C8421487,F,BADLAPUR E,380662.34,12/9/16,114156,3414.0
T853646,C7519574,M,DELHI,2422.42,9/9/16,191932,154.05
T998041,C6220020,M,HYDERABAD,31828.98,14/9/16,115849,2767.0
T338812,C6614992,F,BHOPAL,6406304.47,15/8/16,221614,10756.0
T950563,C8218816,M,NEW DELHI,977085.88,10/9/16,204437,1250.0
T739460,C5313115,M,CHENNAI,13521.91,2/9/16,180448,179.36
T245142,C2463172,F,DEOLI,237.51,7/8/16,174354,2000.0
T1002560,C6235689,F,NOIDA,1654.4,14/9/16,140630,30.0
T551037,C4531419,M,JALANDHAR,72.51,23/8/16,192015,430.0
T55019,C8462740,M,GHAZIABAD,58587.16,3/8/16,195107,1000.0
T108309,C6390219,M,PUNE,59439.71,6/8/16,91851,147.0
T107656,C6125890,M,MUMBAI,199717.26,6/8/16,134649,500.0
T541701,C6334887,M,DELHI,5607.12,23/8/16,105701,109.0
T762878,C8116819,M,SHAMA,15509.93,1/9/16,132139,50.0
T716952,C7423549,M,MUMBAI,148486.79,3/9/16,194835,2200.0
T298727,C8842782,M,HYDERABAD,1849.67,11/8/16,225033,536.26
T361157,C3147785,M,SAHARANPUR,84021.35,14/8/16,170309,1000.0
T1041597,C6416281,M,BANGALORE,5.98,18/9/16,140414,2049.51
T996725,C3739915,M,GURGAON,34487.81,14/9/16,94406,51.45
T90752,C3513238,F,MUMBAI,11900.51,22/9/16,122141,2000.0
T809667,C6921739,M,FARIDABAD,20659.93,4/9/16,230319,306.0
T606027,C3233686,M,AJMER,9302.05,26/8/16,181904,344.0
T954916,C2364253,F,MUKTSAR,591.41,10/9/16,185812,170.0
T1038191,C1820911,F,MUMBAI,11777.4,18/9/16,140614,20.0
T897322,C1017889,M,CHAKALA ANDHERI E MUMBAI,14470.97,7/9/16,90945,220.83
T776513,C2725647,M,DIBRUGARH,4138.66,6/9/16,194937,2100.0
T5465,C2338873,M,PUNE,9650.48,16/8/16,215821,75.97
T784460,C3014424,F,ST JOSEDH BANGALORE,8155.14,6/9/16,133109,698.0
T344678,C3814281,M,AGRA,3493.91,15/8/16,200001,270.0
T311655,C4219628,M,PUNE,247220.72,10/8/16,172033,2052.7
T673790,C3998448,M,PATPARGANJ DELHI,204185.61,28/8/16,193038,2099.0
T170630,C4532133,F,BANGALORE,11384.3,4/8/16,182532,140.0
T502662,C1621047,F,GWALIOR,17215.98,20/8/16,204628,2096.0
T940043,C8840360,F,NEW DELHI,66335.58,11/9/16,195730,1099.0
T631194,C1746072,F,DELHI,11690.33,29/8/16,175441,100.0
T4591,C4925389,M,BANGALORE,51907.55,23/8/16,145302,500.0
T698469,C5179040,M,LUCKNOW,36.77,30/8/16,104928,150.0
T209419,C7820558,M,CHENNAI,2156.69,3/9/16,133921,200.0
T757646,C7475622,M,NEW DELHI,60729.01,1/9/16,173042,19036.8
T189410,C2023670,M,NEW DELHI,15408.02,9/8/16,185606,500.0
T13754,C3238941,M,FARIDABAD,40858.16,25/9/16,214858,350.0
T393632,C1017848,M,BANGALORE,5226.48,13/8/16,225854,1000.0
T575534,C3951831,M,NEW DELHI,567819.93,22/8/16,113109,600.0
T758267,C1725062,M,FARIDABAD,16472.2,1/9/16,172502,4641.0
T711816,C4929983,M,GURGAON,50156.13,3/9/16,182525,500.0
T571980,C6188068,M,GURGAON,6263.67,27/8/16,101443,607.0
T235014,C3637853,M,MOHALI,16377.92,7/8/16,144742,247.0
T424232,C8026342,M,NEW DELHI,189036.55,17/8/16,122520,920.0
T817649,C9010546,F,PATIALA,15086.39,4/9/16,163028,50.0
T158593,C2339940,M,GURGAON,28333.11,5/8/16,215653,311.0
T1035753,C2913757,F,BANGALORE,173447.62,18/9/16,165122,50.0
T544553,C4910260,F,GURGAON,7905.24,24/8/16,215248,1960.0
T234337,C1637123,F,DEHRADUN,34084.05,7/8/16,180229,3080.0
T723627,C8914446,M,KARNAL,13663.23,2/9/16,95609,500.0
T489605,C8333990,F,MUMBAI,230464.03,20/8/16,124737,573.0
T1015904,C2826714,M,CHENNAI,1589.43,14/9/16,220223,65.0
T381701,C7417688,F,KOLLAM,6767.8,13/8/16,190213,218.0
T388483,C1511717,M,DOHA,54895.59,13/8/16,110817,238.0
T535055,C1710333,F,FARIDABAD,3015.27,22/8/16,105326,6999.0
T671802,C4715048,M,NOIDA,17889.45,31/8/16,191256,248.0
T1045428,C6022485,M,BAMBOLIM,95209.23,18/9/16,114759,440.0
T951175,C3629650,F,MUMBAI,69471.64,10/9/16,191506,498.0
T762546,C8542650,F,BANGALORE,1968.97,1/9/16,132700,500.0
T1010211,C7528691,F,GURGAON,140150.31,14/9/16,204606,4000.0
T599733,C2021952,M,NEW DELHI,61463.62,25/8/16,4009,195.0
T225671,C7814057,M,PUNE,1943.4,8/8/16,192100,1.89
T1012704,C5573663,M,HYDERABAD,43854.35,13/9/16,204827,458.0
T697471,C5168088,M,NEW DELHI,5008.33,30/8/16,125709,300.0
T726510,C2018067,M,GUWAHATI,17969.28,3/9/16,230921,16806.0
T955032,C6812148,F,DELHI,36016.49,10/9/16,223957,1176.0
T690872,C2937614,M,SIRHIND,911.25,31/8/16,205416,12.0
T428272,C6437368,M,AHMEDABAD,24205.84,17/8/16,211452,120.0
T494064,C3827177,M,PUNE,13916.76,20/8/16,211109,100.0
T407435,C3520271,M,BENGALURU,17255.79,18/8/16,131559,2000.0
T813500,C2310723,M,NOIDA,204792.69,4/9/16,201521,260.0
T258957,C7326872,F,BENGALURU,17996.65,12/8/16,145351,875.5
T801047,C3841874,F,RAIPUR,247407.57,5/9/16,171239,3102.0
T557187,C2887761,M,3RD BLOCK BANGALORE,5.18,24/8/16,150747,100.0
T78088,C2122187,M,BANGALORE,41255.35,2/8/16,204100,1121.0
T395428,C2434751,M,PATIALA,14521.96,13/8/16,212649,1371.0
T358574,C1021370,F,NEW DELHI,42387.74,14/8/16,173034,681.98
T589620,C4727567,M,COIMBATORE,220241.6,25/8/16,124555,460.0
T799113,C6635782,M,NOIDA,53654.22,5/9/16,161321,500.0
T227364,C8940775,M,GAZIABAD,7866.26,7/8/16,34147,210.0
T323464,C6141752,M,BAREILLY,56754.46,10/8/16,181452,270.0
T90837,C6534862,F,GHAZIABAD,32250.68,22/9/16,110044,210.0
T535616,C7033086,F,PUNE,344976.94,23/8/16,225317,5229.0
T763593,C6822429,M,VADODARA,66176.15,1/9/16,131040,1630.0
T789817,C5327445,M,SINGAPORE,522.29,5/9/16,4744,1158.0
T999274,C6618370,F,DELHI,22709.1,14/9/16,141407,40.0
T792147,C4821711,M,NEW DELHI,19037.54,5/9/16,123303,4470.83
T696552,C1929538,M,NEW DELHI,228814.79,30/8/16,130457,5608.5
T263761,C7030947,M,NEW DELHI,10199.89,12/8/16,171746,2700.0
T405259,C8521864,F,HYDERABAD,9270.44,18/8/16,190222,1947.5
T432627,C5019557,F,CHENNAI,82658.86,17/8/16,185341,500.0
T149820,C8035439,M,VARANASI,1391.03,5/8/16,224431,12776.0
T670219,C5512151,F,GURGAON,3660.2,31/8/16,65953,50.0
T490470,C6333139,M,BANGALORE,21074.13,20/8/16,180349,996.0
T862400,C4640365,M,RAIPUR,6154.5,8/9/16,102031,120.0
T1039910,C1331772,F,NEW DELHI,14938.26,18/9/16,133824,900.0
T1021590,C1135492,M,MUMBAI,7774.3,13/9/16,205123,566.0
T518963,C3919777,F,NEW DELHI,89445.92,19/8/16,222626,147.0
T487534,C6436117,F,NOIDA,5570.0,20/8/16,165856,200.0
T940022,C1516523,M,VELLORE,8151.22,11/9/16,191951,195.0
T313522,C4388370,M,CHENNAI,0.62,10/8/16,194447,250.0
T177553,C8110368,M,BHARATPUR,27206.59,4/8/16,210316,606.9
T1003404,C2818737,M,GURGAON,34221.37,14/9/16,193430,1156.0
T812697,C6022011,F,AHMEDABAD,59874.17,5/9/16,211214,297.0
T329801,C5813722,M,BOISAR W,11989.62,15/8/16,111838,2054.17
T81315,C8738790,M,PUNE,73592.43,2/8/16,224110,450.0
T550100,C1543580,M,THANE,91405.56,23/8/16,192713,487.0
T109753,C5687255,M,PALI,415.14,1/8/16,222331,100.0
T135726,C7416173,M,BANGALORE,273395.44,5/8/16,120116,92.0
T833169,C4128839,M,TIRUVALLUR,3680.47,4/9/16,115338,887.0
T16142,C7122340,M,BANGALORE,12084.77,26/9/16,195421,50.0
T160937,C5937975,M,JAIPUR,11455.45,4/8/16,83349,150.0
T1032020,C2442653,M,DELHI,316.35,13/9/16,111221,359.0
T563122,C6140873,M,BAMBOLIM,17046.96,27/8/16,110125,154.0
T710301,C1935862,M,VISAKHAPATNAM,11733.24,3/9/16,82141,70.0
T969755,C3228565,M,KICHHA,81606.28,10/9/16,102401,30.0
T518349,C8711148,M,HYDERABAD,59.76,19/8/16,192352,120.0
T896582,C2474251,M,BANGALORE,15834.56,7/9/16,115656,124.0
T865486,C3226634,M,GURGAON,551279.11,8/9/16,134805,20700.0
T776582,C2327832,M,NOIDA,137387.52,6/9/16,183717,10903.0
T807804,C3527742,M,NEW DELHI,35.82,4/9/16,211525,66.61
T475695,C1915448,M,GHAZIABAD,1063239.22,20/8/16,91320,1903.0
T964627,C4130450,F,GHAZIABAD,77932.38,10/9/16,115510,1347.49
T377039,C1412623,M,DELHI,98663.55,13/8/16,135508,413.0
T47360,C6790925,M,ERNAKULAM,256859.1,3/8/16,145326,899.0
T983120,C4135334,F,JALANDHAR,8848.78,15/9/16,123957,100.0
T291008,C5758879,M,THANE,6088.12,11/8/16,235337,1945.0
T5008,C5812373,M,DIMAPUR,26794.55,15/8/16,192416,48.0
T163820,C1017571,M,GURGAON,13652.99,4/8/16,123215,400.0
T533665,C3496442,M,AHMEDABAD,64893.96,23/8/16,214402,100.0
T389689,C8286860,F,GURGAON,114.69,13/8/16,201805,3599.0
T708950,C8319816,F,MUMBAI,14365.69,3/9/16,170623,2300.0
T298837,C4230890,M,MUMBAI,497.96,10/8/16,3722,560.0
T57575,C3036254,M,NAVI MUMBAI,3979.79,3/8/16,212653,240.0
T141770,C6672511,F,AHMEDABAD,1611.91,5/8/16,144700,0.52
T666854,C5732338,F,ANDHERI-E MUMBAI,104523.14,31/8/16,93751,600.0
T992829,C8227529,M,NAVI MUMBAI,260740.23,15/9/16,213443,150.0
T8444,C1923728,M,HYDERABAD,5.4,22/9/16,113742,50.0
T330072,C1138684,F,BANGALORE,2000.42,15/8/16,111845,1171.0
T843284,C7124615,M,GURGAON,105433.4,9/9/16,115720,259.0
T473161,C3512635,M,THANE WEST,20408.15,21/8/16,142232,2225.39
T875477,C5419124,M,UDAIPUR,18109.95,8/9/16,223204,1783.0
T874689,C7370533,M,MUMBAI,3314.87,8/9/16,205252,925.0
T936873,C3515213,M,NEW DELHI,30145.26,11/9/16,184743,3772.9
T733679,C6619416,M,PUNE,23509.82,2/9/16,174240,210.0
T952408,C5914727,M,BANGALORE,232008.83,10/9/16,190240,3947.0
T973413,C5638835,M,CHANDIGARH,53524.95,10/9/16,636,2000.0
T46390,C2926868,M,NEW DELHI,260479.53,3/8/16,115300,50.0
T485138,C1461168,M,DELHI,403.53,20/8/16,155927,620.0
T883654,C4267054,M,DELHI,22652.45,7/9/16,213709,200.0
T83547,C8429449,M,DELHI,81630.8,1/8/16,20405,747.0
T823633,C2526934,F,DELHI,149120.1,4/9/16,173016,347.0
T972074,C3891078,M,GURDASPUR,61928.95,10/9/16,115849,3393.0
T51285,C2216514,F,PUNE,38528.54,3/8/16,170547,1550.1
T1007288,C7628043,M,VIZIANAGARAM,25835.38,14/9/16,161903,402.0
T64833,C7715421,M,BANGALORE,4325.83,2/8/16,103922,122.3
T437527,C4635511,M,ROAD EAST THANE,29324.63,17/8/16,213052,17066.0
T779872,C6487579,F,NOIDA,10947.74,6/9/16,144722,75.0
T497607,C3830990,F,WARANGAL,11.78,20/8/16,182011,21.0
T524908,C2825821,M,FARIDABAD,3166.32,24/8/16,160239,1300.0
T93947,C8838444,F,DELHI,265.76,1/8/16,140945,612.0
T303132,C8241133,F,VISAKHAPATNAM,13926.0,10/8/16,103730,149.0
T354601,C5039849,M,NAVI MUMBAI,858.49,14/8/16,174242,1500.0
T489608,C8924759,M,BANUR,13267.3,20/8/16,180850,300.0
T734471,C2329122,F,GURGAON,11084.91,2/9/16,170203,195.0
T54893,C8125188,M,MUMBAI,16919.09,3/8/16,194824,450.0
T241676,C6976235,M,JAMMU,33169.35,7/8/16,191106,579.52
T966670,C3415812,M,PATHANKOT [PB],9374.37,10/9/16,122435,1.0
T857638,C3321343,M,SINGHBUM,6988.01,9/9/16,203956,618.12
T103724,C8533389,M,GURGAON,105501.41,1/8/16,200307,715.15
T155362,C5236423,M,THANE,28799.24,3/9/16,152025,720.0
T437342,C7984074,M,NEW DELHI,119416.19,17/8/16,213930,1092.0
T236565,C5538357,M,BANGALORE,32314.77,7/8/16,124918,276.0
T112655,C1738151,M,MUMBAI,24.93,6/8/16,170916,46.0
T70984,C8582413,M,BANGALORE,8329.81,2/8/16,190612,223.5
T907008,C7826734,F,BANGALORE,103039.36,12/9/16,90812,5.63
T538794,C3916672,M,NIZAMABAD,1448.28,23/8/16,90309,10.0
T260102,C1529363,M,NOIDA,480.34,12/8/16,140549,298.0
T159184,C1126085,M,CHENNAI,149636.72,4/8/16,111347,931.0
T16624,C7928170,M,NORTH 24 PARGANAS,7820.3,26/9/16,191825,2279.0
T620294,C4922382,M,GHAZIABAD,150681.34,28/8/16,635,100.0
T74317,C1620454,F,KANGRA,9801.14,2/8/16,214626,2051.0
T635391,C3724755,M,MUMBAI,48225.22,29/8/16,173411,150.0
T998269,C2671112,M,LUDHIANA,25630.48,14/9/16,72738,43.0
T1004085,C8433338,F,BANGALORE,7.16,14/9/16,172321,150.0
T687598,C8616956,M,CHENNAI,572.98,30/8/16,222912,190.0
T878445,C3821516,F,NAGPUR,5254.74,7/9/16,223253,180.0
T539766,C1122149,M,AGARTALA,11970.85,23/8/16,233813,20632.0
T638087,C8538972,M,KOLHAPUR,,29/8/16,180233,217.0
T846422,C8223119,M,NEW DELHI,10119.27,9/9/16,123613,2600.0
T336018,C6474130,M,AURANGABAD,461.0,14/8/16,75214,1252.0
T397402,C4126947,M,MUMBAI,1908.37,13/8/16,215719,2500.0
T905821,C1614516,F,GURGAON,38368.2,12/9/16,150957,82.24
T423224,C5439517,M,GURGAON,69503.59,17/8/16,140336,2190.0
T582919,C6633085,M,HYDERABAD,25377.9,27/8/16,143527,75690.0
T548220,C6122419,M,AMRITSAR,353.3,23/8/16,184841,100.0
T1004896,C6611962,F,PUNE,2040875.54,14/9/16,181919,2300.0
T721257,C8611639,M,GANDHINAGAR,7233.15,3/9/16,201809,1650.0
T673364,C1918870,M,CHANDIGARH,19957.76,31/8/16,190650,60.0
T397770,C2473222,F,MUMBAI,8192.5,18/8/16,90954,1065.0
T916688,C5739948,M,GAUTAM BUDDHA NAGAR,6162.43,12/9/16,191245,373.0
T793025,C1835337,M,NOIDA,3066.71,5/9/16,103058,1062.0
T95754,C2816673,F,GURGAON,296.21,1/8/16,142115,250.0
T302109,C7322017,F,KOLKATA,530.01,10/8/16,120639,17.0
T877829,C1828832,M,MUMBAI,247088.52,8/9/16,215658,1161.92
T517593,C5330657,M,BANGALORE,12171.48,19/8/16,222155,951.0
T364293,C6691585,M,NOIDA,44297.53,14/8/16,180600,755.0
T351107,C9035682,F,GURGAON,2940.39,14/8/16,130314,2502.0
T48447,C1722423,M,THANE,7027.26,3/8/16,134824,200.0
T705688,C5925343,M,NASHIK,106880.36,3/9/16,102330,1000.0
T441542,C4815432,M,NELLORE,5876.95,16/8/16,125719,543.0
T400330,C9021154,M,PILANI,427665.74,18/8/16,123930,13687.0
T664663,C4719138,M,PATNA,14443.17,31/8/16,120549,690.16
T250460,C3425992,M,MUMBAI,5613.28,7/8/16,212549,1057.0
T137915,C3512731,F,GURGAON,117687.86,5/8/16,120314,52.0
T779746,C7017760,M,DELHI,89403.14,6/9/16,141001,250.0
T165272,C6827337,M,BANGALORE,15735.53,4/8/16,154240,150.0
T959302,C1898288,M,PUNE,17187.0,10/9/16,193021,258.0
T407255,C3528364,F,INDIRANAGAR BANGALORE,33059.28,18/8/16,181111,246.14
T285077,C7115634,F,AHMEDABAD,102054.74,11/8/16,104240,990.0
T202747,C9017131,M,MUMBAI,246019.95,8/8/16,92930,3300.0
T545547,C5134659,M,BHILAI,82.66,24/8/16,171935,10.0
T693618,C6331159,M,NEW DELHI,118604.68,31/8/16,221230,7084.0
T136544,C7536652,M,NEW DELHI,5412.56,6/8/16,222745,500.0
T574981,C3819982,F,NEW DELHI,738.24,27/8/16,142135,1890.0
T677939,C5135149,M,VADODARA,10770.34,28/8/16,115005,245.0
T446582,C5283266,M,TIRUNELVELI,27027.08,16/8/16,124320,30.0
T953045,C1130314,M,ERNAKULAM,22383.77,10/9/16,194341,1701.0
T1016273,C6225042,F,IMPHAL EAST,5249.14,14/9/16,211421,200.0
T73766,C4232837,F,DELHI,72262.34,2/8/16,172938,100.0
T656036,C6917442,F,BANGALORE,26594.19,31/8/16,184134,317.0
T227932,C7518776,M,DELHI,102761.49,8/8/16,155940,67.0
T340018,C3739887,F,PUNE,168537.34,15/8/16,183226,7300.0
T1047124,C5132030,M,BANGLORE,11461.07,18/9/16,193734,1000.0
T262430,C3223448,M,BANGALORE,11509.43,12/8/16,195232,1283.54
T139501,C6766063,M,CHENNAI,2677.18,5/8/16,102154,10.0
T826920,C3112362,F,MUMBAI,69300.56,4/9/16,110450,373.3
T420838,C5131575,F,DELHI,36286.56,17/8/16,142634,631.0
T264230,C8010375,M,MANDYA,4986.75,12/8/16,172857,1551.0
T159914,C1316451,F,SINGRAULI,4761.28,5/8/16,230628,185.0
T237752,C3020254,M,NOIDA,4.29,7/8/16,164847,95.0
T66734,C5737762,M,MUMBAI,108.44,2/8/16,114047,78.0
T134350,C1035033,M,BANGALORE,556.44,6/8/16,222311,100.0
T55582,C5241948,M,NASHIK,24055.25,3/8/16,191220,2814.0
T302629,C7832563,M,BANGALORE,73.36,10/8/16,143653,300.0
T617987,C6487985,M,THANE,391962.43,25/8/16,180823,1050.0
T284298,C3029376,M,HYDERABAD,1130.57,11/8/16,130450,1742.5
T829643,C7620177,M,NEW DELHI,4181.86,4/9/16,115449,107.0
T792931,C5420470,M,NAVI MUMBAI,7989.52,5/9/16,123741,454.0
T636892,C2529629,M,NEW DELHI,3910.45,25/8/16,183857,200.0
T485678,C2736563,M,THANE,8731.46,20/8/16,34237,370.0
T895871,C6619117,M,LUDHIANA,31397.85,7/9/16,125308,2806.0
T800981,C8540513,M,MEDINIPUR,32.56,5/9/16,142346,774.0
T56781,C6833335,M,KOLKATA,3340.39,3/8/16,194524,20.0
T270158,C7439745,M,MUZAFFAR NAGAR,24427.92,12/8/16,184743,90.0
T867602,C4597539,F,BANGALORE,115690.34,8/9/16,133343,55.0
T34733,C5511578,M,SHIMLA,203.69,30/9/16,142243,147.0
T1043194,C3339630,M,NEW DELHI,225002.97,18/9/16,114141,4130.0
T938406,C3917249,F,BANGALORE,125871.04,11/9/16,141036,1800.0
T5586,C7334392,M,MOTHERSON COMPANY FARIDABAD,1167.64,22/9/16,70740,200.0
T296869,C5833174,M,BANGALORE,16335.88,11/8/16,201950,260.85
T412155,C7132857,M,DELHI,88.49,18/8/16,181718,600.0
T364689,C2338861,M,NEW DELHI,9905.03,14/8/16,192651,1405.0
T365523,C3039589,M,AHMEDABAD,5940.05,14/8/16,195812,50.0
T812878,C7527537,M,CUDDALORE,6442.87,4/9/16,232931,600.0
T163258,C2116822,M,MUMBAI,1129.44,4/8/16,140728,10.0
T242691,C6432513,F,GURGAON,55928.61,7/8/16,190822,286.0
T886056,C8712330,M,MUMBAI,23069.3,7/9/16,205807,1199.0
T855790,C3217347,M,GURGAON,18025.83,9/9/16,223422,2561.0
T882316,C2734344,F,FARIDABAD,4936.09,8/9/16,223720,1000.0
T169474,C8518154,M,MUMBAI,47019.48,4/8/16,183049,50.0
T545944,C3415411,M,BANGALORE,40664.82,24/8/16,185342,492.0
T850546,C3433761,F,BANGALORE,528660.55,9/9/16,3733,24.0
T735480,C6615616,M,MAHAD,2972.18,2/9/16,165651,1450.0
T630543,C1640078,M,MUMBAI,10969.95,29/8/16,132738,300.0
T948996,C8826860,M,CHENNAI,3393.27,11/9/16,213730,265.0
T903141,C6934520,F,NAVI MUMBAI,125336.73,12/9/16,161739,300.0
T207176,C6023432,M,BANGALORE,142.96,8/8/16,115453,500.0
T839195,C6020526,M,GURGAON,2511.85,9/9/16,171552,169.0
T743539,C4661442,M,BHANDARA,7756.05,1/9/16,220828,1184.0
T788384,C6242726,M,KOLKATA,4470.81,5/9/16,85619,2096.0
T1048422,C5114584,M,NEW DELHI,23.24,18/9/16,82432,32500.0
T1037129,C2472541,M,PUNE,13669.48,18/9/16,140146,4400.0
T535161,C3842786,M,SURAT,44981.72,24/8/16,214045,767.0
T918627,C1319141,M,SIRMAUR,11197.6,12/9/16,192936,666.0
T989710,C7223156,M,BANGALORE,8578.07,15/9/16,220339,670.0
T89432,C1527273,F,HOWRAH,1800.33,1/8/16,112115,60.0
T510073,C6072031,M,VAPI,19021.55,19/8/16,114134,4951.0
T1020665,C7039178,F,GURGAON,10463.74,13/9/16,145323,640.0
T939762,C6028634,M,MUMBAI,5668.29,11/9/16,195415,3000.0
T657550,C6012950,M,BANGALORE,59664.7,31/8/16,182254,645.0
T206868,C5318778,F,MARGAO,59536.79,8/8/16,164637,1000.0
T764438,C5935471,M,VARANASI,14.69,1/9/16,121053,248.0
T649669,C4827857,M,DELHI,6643.86,31/8/16,134202,100.0
T109963,C1541252,M,CHENNAI,10.15,1/8/16,220457,45.0
T181877,C7410563,M,NEW DELHI,373110.85,9/8/16,62612,1119.0
T488367,C6810833,M,TIRUVANNAMALAI,32485.42,20/8/16,184038,150.0
T189628,C2327926,M,BANGALORE,2112.56,9/8/16,171629,200.0
T459931,C8811286,M,KANPUR,14226.23,21/8/16,125222,1052.44
T544731,C5968073,M,CHENNAI,5200.96,23/8/16,41209,30.0
T633104,C1933265,M,CHENNAI,13723.33,29/8/16,173504,1677.56
T761027,C4817590,M,NEW DELHI,18040.7,1/9/16,161629,1512.94
T228857,C8615341,F,DELHI,78826.37,7/8/16,135033,2555.0
T882541,C4181988,F,MUMBAI,15394.61,7/9/16,195432,407.0
T283864,C5544654,M,KANNAUJ,9916.42,11/8/16,141218,10.0
T138049,C7998263,M,COCHIN,12337.29,5/8/16,111235,50.0
T435941,C3611313,M,NEW DELHI,451575.68,16/8/16,94301,70.0
T437380,C1617339,M,DELHI,9370.41,17/8/16,204845,3435.0
T916947,C3133464,M,JIND,35105.93,12/9/16,224809,894.83
T362062,C9010524,F,MUMBAI,869.84,13/8/16,913,160.0
T576518,C7411471,M,LUCKNOW,25256.28,22/8/16,201355,809.2
T977002,C8622918,M,MANGALORE,506729.37,15/9/16,142036,120.0
T986658,C3411811,M,JAIPUR,11281.65,15/9/16,190643,200.0
T513936,C5334664,M,BAMBOLIM,18170.67,19/8/16,203052,100.0
T837539,C1183583,M,BOISAR,8093.64,9/9/16,163101,190.0
T189227,C7421247,F,GURGAON,10795.53,9/8/16,191509,960.0
T597953,C7329325,M,KANCHEEPURAM,9370.67,26/8/16,210152,2750.0
T1048249,C7040531,M,MUMBAI,253378.18,18/9/16,91840,2549.85
T702968,C6271259,M,NEW DELHI,22808.24,31/8/16,163830,40.0
T922031,C7729952,M,DELHI,975.7,12/9/16,202403,606.9
T4402,C4437418,M,OXFORD SCHOOL MUMBAI,260500.99,22/9/16,141208,1200.0
T730194,C6545149,M,MUMBAI,73588.16,2/9/16,140044,1181.0
T1009375,C1288363,M,MUMBAI,10025.04,14/9/16,185907,5251.77
T1032996,C1028919,M,GURGAON,35671.32,18/9/16,180534,624.58
T748443,C5727077,F,DELHI,1500.43,2/9/16,223308,1696.0
T646441,C7537529,F,SHIMLA,8557.01,25/8/16,144343,2799.0
T76188,C3334422,M,DEVANAHALLI BANGALORE,5012.73,2/8/16,183207,100.0
T591259,C6432334,F,MORADABAD,127306.63,25/8/16,125954,8000.0
T1035113,C7931546,F,NEW DELHI,8430.36,13/9/16,1948,1000.0
T411799,C2940487,M,GHAZIABAD,98905.62,18/8/16,213716,1750.0
T880267,C1611257,M,DELHI,641046.94,7/9/16,235155,107000.04
T661644,C8620445,F,BANGALORE,18319.99,31/8/16,82550,352.0
T520352,C7214949,M,THANE,44889.76,19/8/16,195633,446.31
T349978,C4711528,M,MUMBAI,209579.12,14/8/16,162551,25000.26
T120035,C8736138,F,AGRA,11899.53,6/8/16,144655,193.0
T353120,C6220137,M,NEW DELHI,3798.03,14/8/16,121626,2794.0
T568788,C4438084,M,MUMBAI,12013.94,22/8/16,182002,137.0
T801632,C5130916,M,MUMBAI,13215.66,5/9/16,220149,2000.0
T351534,C7328577,M,BALESHWAR,768.94,14/8/16,123643,585.0
T960461,C2022249,M,AHMEDABAD,5982.87,10/9/16,142118,113.71
T786840,C4526059,M,CHENNAI,27744.25,6/9/16,91516,189.18
T1027024,C2014858,M,GOLAGHAT,25566.3,13/9/16,180723,50.0
T975919,C4721345,F,GURGAON,207824.13,15/9/16,140430,275.0
T359517,C3336949,M,FARIDABAD,4250.34,14/8/16,222933,30.0
T591564,C2317460,F,JEKEGRAM THANE,9250.74,27/8/16,234941,267.2
T279327,C1040724,M,THANE,692.16,12/8/16,224444,1575.0
T608537,C3428659,M,SRIKAKULAM,5546.16,25/8/16,104711,254.0
T602060,C8972590,F,PUNE,18775.76,26/8/16,212356,310.0
T997443,C3369156,M,MUMBAI,71542.84,14/9/16,90609,200.0
T134319,C6256883,M,NEW DELHI,51391.93,6/8/16,165804,29785.0
T964757,C8321553,M,BANDA,42616.12,10/9/16,125145,374.0
T797069,C4326640,M,BERHAMPUR,3768.77,5/9/16,144804,298.0
T21975,C4439857,F,DELHI,119952.7,23/9/16,201810,1000.0
T399640,C2242875,M,GURGAON,15002.44,18/8/16,82807,400.0
T568604,C4933942,F,GURGAON,34436.86,22/8/16,182144,20000.0
T530522,C8473646,M,MUMBAI,362815.22,23/8/16,143652,11999.0
T635662,C8931181,M,JHAJJAR,11.58,29/8/16,114311,150.0
T306422,C8613018,M,DELHI,213824.09,10/8/16,160202,1512.75
T263980,C7829885,M,MUMBAI,557.96,12/8/16,180220,10.0
T1011160,C3153288,M,HOSUR,370575.22,14/9/16,181258,1000.0
T501971,C6036165,M,BANGALORE,3072.7,20/8/16,202125,331.0
T692904,C5125539,M,HOWRAH,235.87,31/8/16,201923,1458.0
T176374,C7876945,M,MAHALAXMI MUMBAI,2057.61,4/8/16,211754,1300.0
T528821,C1112169,M,HYDERABAD,614156.34,24/8/16,201301,200.0
T759917,C2142031,F,NEW DELHI,10053.89,1/9/16,172631,70.0
T373306,C2110511,F,ADILABAD,6915.51,13/8/16,80659,200.0
T782008,C7420986,F,RD SAKET NEW DELHI,124127.77,6/9/16,140504,6021.0
T465996,C1926411,M,MUMBAI,45470.23,21/8/16,125041,616.5
T893859,C5913047,M,GHAZIABAD,227713.63,7/9/16,134036,4198.0
T356930,C6914369,M,GURGAON,115007.59,14/8/16,180153,691.0
T473675,C7128017,M,MUMBAI,22929.02,21/8/16,220704,390.0
T339988,C8040874,M,MANDI,12778.25,15/8/16,190622,880.8
T75123,C2432470,F,MUMBAI,350530.88,2/8/16,173731,2996.0
T872095,C6235215,F,GURGAON,730803.91,8/9/16,173746,499.52
T178362,C6259044,M,KOLKATA,62576.32,4/8/16,205209,871.0
T125798,C7928422,M,BARNALA,3428.85,6/8/16,210208,300.0
T158706,C5538916,M,AURANGABAD,10874.44,4/8/16,74301,900.0
T128028,C5028568,M,MUMBAI,213934.73,6/8/16,195600,330.0
T733830,C6232672,M,NOIDA,3701.23,2/9/16,163311,17.0
T506483,C7527675,F,DELHI,4504.82,20/8/16,231916,50.0
T161678,C6417273,M,PANJIM,1303.74,4/8/16,170410,197.0
T256186,C6718553,M,NOIDA,68313.97,12/8/16,150348,255.0
T283228,C1611583,F,BANGALORE,357724.53,11/8/16,53459,60.0
T240752,C4521671,M,DELHI,13522.41,7/8/16,201315,300.0
T628751,C5530339,M,BAHADURGARH,57.61,29/8/16,144527,54.0
T334936,C3738911,M,SION E,30488.33,15/8/16,162005,2020.55
T157022,C3011872,M,BENGALURU,92919.23,3/9/16,162809,488.0
T621247,C5227358,M,CHENNAI,7478.52,25/8/16,165644,289.0
T155111,C5977122,F,GURGAON,55248.39,3/9/16,145605,1233.0
T576537,C5342443,M,ERNAKULAM,3979.16,22/8/16,202121,50.0
T633388,C7129131,M,BHUBANESHWAR,2515.76,29/8/16,213124,2999.0
T173906,C2941912,M,BANGALORE,3.13,4/8/16,200246,200.0
T556607,C4020013,F,BANGALORE,25492.11,24/8/16,155957,140.0
T890562,C5220173,M,BHIWADI,2574.46,7/9/16,190603,238.2
T743288,C2376073,M,NASHIK,405988.15,2/9/16,214342,350.0
T946224,C2027179,M,GURGAON,62840.24,11/9/16,210522,1539.0
T350646,C6974512,M,ALIGARH,12802.72,14/8/16,115653,601.0
T748717,C7711541,F,HYDERABAD,101100.72,1/9/16,224052,2145.0
T837994,C8112690,M,SCHOOL HYDERABAD,1268754.13,9/9/16,70908,0.0
T403703,C9035031,M,AHMEDABAD,8567.06,18/8/16,143716,3767.5
T802038,C2938984,F,BANGALORE,102056.3,5/9/16,193239,361.0
T382641,C1542782,M,BANGALORE,14908.49,13/8/16,180836,1774.0
T884713,C4712985,M,BANGALORE,59664.7,7/9/16,194650,1000.0
T869873,C3568284,M,MUMBAI,119965.29,8/9/16,161042,1337.0
T553688,C6310520,M,DELHI,151.92,24/8/16,141412,200.0
T425846,C1017959,F,DAKSHINA KANNADA,50720.7,17/8/16,131033,505.0
T179964,C1537259,M,FATEHGARH,86.33,9/8/16,85739,27.0
T371045,C5935368,M,THRISSUR,1202773.56,13/8/16,110012,50000.0
T104972,C2867458,M,MUMBAI,14967.42,1/8/16,203408,1660.0
T287331,C2126921,M,DOMBIVALI,1708.3,11/8/16,195351,1400.0
T363214,C3421976,M,BANGALORE,43525.65,13/8/16,1,233.0
T1036791,C1429937,M,GURGAON,50156.13,18/9/16,134928,160.0
T926125,C2329869,M,JAIPUR,6487.87,11/9/16,12345,339.0
T866302,C6371657,M,MEERUT,338386.72,8/9/16,63432,306.14
T220232,C3437868,F,THANE,21300.15,8/8/16,195651,312.0
T220269,C3623619,M,BANGALORE,3035.84,8/8/16,200621,798.0
T663017,C3691986,M,CHENNAI,472.44,28/8/16,215913,1355.0
T35033,C4178785,M,DELHI,12526.98,27/9/16,84707,500.0
T508183,C1630550,M,MUMBAI,42965.16,19/8/16,102101,173.27
T157166,C3368954,M,ALLAHABAD,8577.54,3/9/16,144659,187.0
T62923,C8618614,M,GANDHIDHAM,91597.57,2/8/16,10106,78.0
T621990,C7340436,F,BANGALORE,14786.89,25/8/16,181934,1000.0
T763833,C4339273,F,NEAR GOLOK DHAM DELHI,19786.25,1/9/16,141952,108.0
T524645,C3680053,M,JAIPUR,58804.41,24/8/16,121002,275.0
T238569,C5273229,M,PARK PHASE 1 HINJEWADI PUNE,44721.35,7/8/16,174508,1255.5
T543913,C6712574,M,HYDERABAD,1017.52,23/8/16,200519,200.0
T994831,C3315024,F,BANGALORE,206199.12,15/9/16,204810,216.0
T1043379,C5132784,M,THOOTHUKUDI,6530.27,18/9/16,130713,96.0
T962250,C6826065,M,MUMBAI,54283.71,10/9/16,174709,950.74
T115182,C7429064,M,KARIMNAGAR,1623.65,6/8/16,130400,493.0
T134977,C7230868,M,DELHI,5160.41,5/8/16,123314,20.0
T714978,C4612332,M,GURGAON,122.97,3/9/16,184431,209.0
T68259,C2241213,M,GULBARGA,13160.62,2/8/16,133525,150.0
T189393,C8022971,F,BANGALORE,33022.88,9/8/16,191020,559.43
T456694,C3727692,M,BANGALORE,17305.37,21/8/16,44632,445.0
T749692,C1635785,F,MUMBAI,26746.44,2/9/16,221945,680.0
T1041542,C5123641,M,NEW DELHI,708153.24,18/9/16,115519,490.0
T262176,C5810020,M,LUCKNOW,1794.68,12/8/16,163918,300.0
T196466,C5890151,M,MOHALI,19512.91,9/8/16,192835,550.0
T200669,C7025682,F,DELHI,144.01,9/8/16,220448,2842.0
T94839,C7641062,M,NEW DELHI,,1/8/16,140955,3789.46
T166728,C9022455,F,MUMBAI,17225.51,4/8/16,90500,450.0
T544695,C8221368,M,STOP KOLKATA,14788.35,23/8/16,220448,150.0
T210629,C1127165,F,NOIDA,53788.83,3/9/16,143531,50.0
T838479,C2313158,M,VELLORE,184.48,9/9/16,175816,55.0
T19937,C8313852,F,HYDERABAD,9081.13,27/9/16,140713,1828.07
T953810,C6111048,F,LUCKNOW,56412.91,10/9/16,191456,675.0
T97443,C2141463,F,BHOPAL,609.98,1/8/16,170510,1559.86
T867283,C1032969,F,MUMBAI,4348.02,8/9/16,162125,1333.0
T85126,C5626955,M,NASHIK,6973.03,1/8/16,81444,198.0
T719376,C6033835,M,BANGALORE,144992.02,3/9/16,211852,1402.13
T337464,C5217825,M,GHAZIPUR,179.47,14/8/16,102308,10.0
T384652,C6029271,M,LUDHIANA,27896.49,13/8/16,190051,7000.0
T690123,C1317385,M,JAMSHEDPUR,0.89,30/8/16,190025,169.0
T427899,C3540719,M,DELHI,398326.19,17/8/16,184609,369.0
T669406,C8111554,M,CHENNAI,1266244.71,28/8/16,152444,825.0
T174104,C1535261,F,KODAGU,17265.6,4/8/16,194642,462.0
T180389,C2327568,M,DEHRADUN,1049252.23,9/8/16,72455,150.0
T806730,C7733387,F,NAGPUR,40179.26,5/9/16,205528,820.0
T732246,C5415691,M,AMRELI,6276.86,2/9/16,112304,1950.0
T334003,C1617979,M,GURGAON,41411.41,15/8/16,172220,1814.0
T100130,C8746318,M,JAIPUR,17940.56,1/8/16,183112,4587.0
T318351,C5629620,M,TO J P PARK BANGALORE,12784.14,15/8/16,51439,200.0
T1003522,C5615845,M,HYDERABAD,3813.57,14/9/16,170154,784.0
T829382,C3687780,M,HOOGHLY,10848.57,4/9/16,114733,350.0
T1020228,C3725342,M,NEW DELHI,1629378.7,13/9/16,162047,4502.0
T866344,C2633862,F,GUNTUR,4125.94,8/9/16,165259,10.0
T867277,C5424557,F,FARIDABAD,109525.97,8/9/16,163922,3003.0
T654756,C3411045,M,MYSORE,59901.09,31/8/16,145445,14496.0
T679894,C2340617,M,HYDERABAD,11866.18,31/8/16,233953,60.0
T519601,C8974146,M,THANE W,3234.34,19/8/16,215813,20.0
T279214,C7338041,M,VISAKHAPATNAM,3084.6,11/8/16,112105,200.0
T340401,C2374811,M,RAJAHMUNDRY,41.19,15/8/16,203121,14288.01
T657227,C8430761,F,VVNAGAR,388.24,31/8/16,124544,150.0
T801577,C3654923,F,MUMBAI,460.04,5/9/16,200150,1178.0
T1033621,C5126947,M,KAITHAL,0.0,18/9/16,184850,250.0
T495721,C6720270,M,KOLKATA,2185.74,20/8/16,233311,3565.0
T130134,C3729828,M,CHANDIGARH,11117.93,5/8/16,22302,1713.0
T360928,C7839628,M,BHUJ,1203.93,13/8/16,1617,199.0
T267403,C7734952,M,MUMBAI,186109.63,3/9/16,110515,2804.0
T504674,C8723746,M,DELHI,1007.47,20/8/16,221945,607.0
T127110,C2288758,M,KOLKATA,14870.07,6/8/16,234017,1233.37
T713191,C9034320,M,KOLHAPUR,12910.0,3/9/16,173751,80.0
T277139,C2231354,M,CHANDIGARH,6403.47,11/8/16,13052,320.0
T317121,C4921590,F,MUMBAI,112521.34,10/8/16,185049,750.0
T1038377,C3923625,F,MUMBAI,1981.59,18/9/16,180459,404.0
T837147,C2022358,F,NEW DELHI,7008.85,9/9/16,164407,1317.5
T199780,C4547250,M,LUCKNOW,2521.41,9/8/16,220026,903.0
T609677,C5633526,M,PARGANAS,27980.68,26/8/16,121520,3175.0
T422339,C1655478,F,PATHANKOT,9.68,17/8/16,100320,245.0
T57385,C8942558,M,NAVIMUMBAI NERUL NODE-3 THANE,62.62,3/8/16,230736,1390.0
T412973,C5417436,M,BANGALORE,56662.48,18/8/16,182255,225.0
T279031,C5537818,M,BANGALORE,98529.97,11/8/16,92112,68.0
T457702,C3679852,M,CHENNAI,1295.92,21/8/16,104928,159.0
T156166,C6115744,F,WARANGAL,12429.18,3/9/16,161934,250.0
T649655,C7041630,M,ARUMBAKKAM,6416.25,31/8/16,133449,52.0
T494554,C7230277,F,NEW DELHI,13.3,20/8/16,154122,150.0
T878143,C2431590,M,MONTEPADAV KEIRANGALA MANGALORE,,7/9/16,221242,245.0
T933989,C4413556,M,CHENNAI,139710.09,11/9/16,134340,13769.0
T791171,C8422076,M,BANGALORE,20824.07,6/9/16,64739,54322.0
T699845,C4922838,F,MUMBAI,75841.89,30/8/16,152554,16990.0
T368421,C8212426,M,RAJAHMUNDRY,6403.16,14/8/16,193815,495.0
T145599,C1011728,M,DELHI,29100.95,5/8/16,201020,958.0
T739864,C6631038,M,SURAT,28625.78,2/9/16,205724,123.0
T988415,C4920944,M,BENGALURU,3040.43,15/9/16,204523,368.0
T709796,C6234438,M,PUNE,21884.21,3/9/16,165538,230.0
T741650,C2342148,F,MUMBAI,275316.16,2/9/16,195643,552.0
T271829,C7539830,M,NEW DELHI,830.91,11/8/16,5157,99.0
T104257,C3021132,M,KOLKATA,526.47,1/8/16,215218,3774.0
T637462,C8840167,M,ROAD ANDHERI (E) MUMBAI,11768.47,29/8/16,184433,62.0
T1039394,C6119165,M,FARIDABAD,18600.87,18/9/16,165148,243.0
T704436,C1714712,M,ALLAHABAD,1740474.25,30/8/16,162841,602.0
T490971,C8764021,M,MUMBAI,17820.7,20/8/16,143633,3121.3
T254709,C5419058,M,DEOGHAR,12889.31,7/8/16,214928,385.0
T717958,C6240380,F,NEW DELHI,805065.05,3/9/16,190827,1299.0
T843438,C3261642,M,MUMBAI,2941.72,9/9/16,125220,330.0
T475088,C7212540,F,DELHI,165030.31,20/8/16,2432,100.0
T963053,C3172473,F,BANGALORE,4341.39,10/9/16,170841,883.0
T482816,C7134158,F,AMRITSAR,42243.68,21/8/16,211056,2094.0
T223273,C6880432,F,KANCHEEPURAM,20332.74,8/8/16,220343,1251.0
T771114,C8421980,M,MADURAI,869.6,1/9/16,70959,200.0
T831208,C7527767,M,SURAT,10039.67,4/9/16,131425,10.0
T986895,C5655428,F,LUDHIANA,24816.47,15/9/16,74101,4000.0
T78265,C8722842,M,NEW DELHI,15066.2,2/8/16,201004,1150.0
T794601,C8614386,M,SO MUNDWA PUNE,128698.43,5/9/16,132923,6275.0
T870289,C4222554,M,SANGUR,31334.32,8/9/16,181809,200.0
T169598,C2315659,M,KRISHNARAJPET,6358.52,4/8/16,170019,175.0
T282333,C3950819,M,BANGALORE,18193.71,11/8/16,151305,205.0
T640277,C5311470,M,MUMBAI,53509.6,29/8/16,160801,599.0
T21459,C2735312,F,LUDHIANA,6560.52,23/9/16,204423,32.0
T944382,C6514045,F,GURDASPUR,670.94,11/9/16,214235,199.0
T581746,C4337435,F,THANE,32951.34,27/8/16,115631,526.0
T20474,C9040859,M,BANGALORE,23997.71,23/9/16,204220,17413.0
T603860,C4022888,M,SILIGURI,16292.85,26/8/16,143844,10.0
T475112,C7833428,M,BADDI,11275.28,20/8/16,11345,600.0
T528309,C4146049,F,MUMBAI,54571.16,24/8/16,224459,1983.95
T492888,C5994572,F,MUMBAI,92844.7,20/8/16,193755,1290.1
T513130,C3523532,M,JAIPUR,9507.89,19/8/16,140658,500.0
T111330,C8925070,M,KANPUR,34597.36,6/8/16,105957,5521.0
T799368,C8433082,M,SRINAGAR,40801.42,5/9/16,175241,1791.0
T938622,C2063914,F,KURNOOL,33477.47,11/9/16,192806,2325.0
T162804,C4185538,M,GURGAON,1536244.95,4/8/16,125047,4500.0
T490301,C3716526,F,NEW BOMBAY,89744.49,20/8/16,192526,3083.5
T55904,C8713583,M,GURGAON,0.0,3/8/16,183157,1830.0
T664622,C7934981,M,GURGAON,52889.26,31/8/16,74136,47.0
T358714,C6829163,M,ERNAKULAM,131413.95,14/8/16,180617,3232.0
T868403,C1636946,M,KOLKATA,35875.26,8/9/16,150012,440.0
T428697,C4824951,M,MUMBAI,107.65,17/8/16,154559,255.37
T857876,C4223692,F,MUMBAI,23.14,9/9/16,214145,40.0
T347902,C4026239,M,SURAT,4095.32,14/8/16,145652,50.0
T761859,C2526677,M,AURANGABAD,10504.84,1/9/16,130855,604.0
T242909,C1736687,M,CHENNAI,218674.45,7/8/16,185613,1070.0
T336767,C7619942,M,NORTH 24 PARGANAS,71336.38,15/8/16,172217,100.0
T1035996,C3917371,F,MUMBAI,33283.19,18/9/16,172626,189.0
T660418,C3835871,M,KOLKATA,31.59,31/8/16,10300,69.0
T934528,C4835818,M,JALAUN,6155.24,11/9/16,132803,315.0
T403483,C6926046,M,UDAIPUR,1611.13,18/8/16,143803,750.0
T495269,C4616749,F,DELHI,68248.9,20/8/16,172024,1350.0
T253588,C2613259,M,NEW DELHI,435557.31,12/8/16,94915,35.0
T887645,C1035524,M,SHAMSHABAD,16684.57,7/9/16,191013,500.0
T505972,C5261318,M,PANCHKULA,19812.53,20/8/16,214136,348.0
T389065,C8913464,F,UDAIPUR,61847.95,13/8/16,193437,550.0
T869257,C5232745,F,NAGPUR,104546.19,8/9/16,191342,145.0
T95138,C8817055,M,BHAVNAGAR,18273.9,1/8/16,160246,770.0
T413341,C5516738,M,VIMANNAGAR NAGAR ROAD PUNE,31990.69,17/8/16,64651,200.0
T319601,C7542447,M,FARIDABAD,2491.41,15/8/16,122812,10.0
T729899,C6310833,F,BOKARO,65989.73,2/9/16,142145,1.0
T75324,C5825367,M,MUMBAI,4191.06,2/8/16,91257,300.0
T872143,C2213570,F,RANCHI,25534.28,8/9/16,184938,235.0
T989808,C1792834,M,CHENNAI,14206.75,15/9/16,190313,200.0
T652187,C4111939,M,BANGALORE,239465.58,31/8/16,133137,2700.0
T624154,C1321078,F,NASHIK,11387.97,25/8/16,190628,110.0
T589148,C8534746,M,HYDERABAD,37812.49,22/8/16,205254,55.0
T601719,C3228313,M,PUNE,215284.32,26/8/16,171441,933.91
T581427,C6020129,M,MUMBAI,24897.36,27/8/16,143101,904.0
T151846,C2063739,M,KURALI,114099.59,4/8/16,91831,1512.75
T1038584,C1616914,M,PARVATIPURAM,19345.91,18/9/16,164623,100.0
T484677,C5734836,M,JALANDHAR,4688.96,20/8/16,152154,100.0
T608252,C6221561,F,MUMBAI,6530.16,26/8/16,131932,245.0
T504698,C3540024,M,DAKSHINA KANNADA,7054.64,20/8/16,215157,135.0
T227450,C1212326,M,MOHALI,21189.79,7/8/16,1224,50.0
T436892,C8515689,M,SHIMLA,11991.44,16/8/16,122753,500.0
T235064,C1844216,M,BANGALORE,219069.16,7/8/16,135130,908.0
T853762,C7335167,M,GURGAON,6983.86,9/9/16,221555,320.0
T836059,C6923153,M,FAIZABAD,734.18,9/9/16,185757,100.0
T285127,C8218350,F,REWARI (HARYANA),34809.39,11/8/16,134635,1643.0
T440375,C7325925,M,NEW DELHI,1085690.26,16/8/16,140238,2000.0
T808207,C6413940,M,LUCKNOW,33511.1,4/9/16,234303,310.0
T251121,C4711590,F,GURGAON,17214.13,7/8/16,203505,2209.81
T564381,C4729042,M,NEW DELHI,107022.36,27/8/16,145054,6219.0
T902282,C7149777,M,NALGONDA,11348.15,7/9/16,44825,400.0
T156801,C6325326,M,JODHPUR,14882.92,3/9/16,160858,1999.0
T875004,C6311264,M,BANGALORE,103205.33,8/9/16,185701,145.0
T893336,C4137750,M,NAVI MUMBAI,79.61,7/9/16,142256,1800.0
T136535,C8510278,M,TEHRI GARHWAL,149425.48,6/8/16,221923,250.0
T917902,C5417175,M,CHENNAI,1974.76,12/9/16,210214,4000.0
T325161,C8114745,F,AHMEDABAD,230.35,15/8/16,102216,38.0
T142305,C3010032,M,NEW DELHI,5615.53,5/8/16,173143,659.0
T646289,C5636188,M,FARIDABAD,51538.64,25/8/16,195837,600.0
T57854,C6625428,M,MUMBAI,5033.94,3/8/16,212816,144.0
T216336,C8310360,M,GURGAON,8533.96,8/8/16,164521,395.0
T483389,C8396440,M,MUMBAI,862.8,21/8/16,225154,2330.0
T157705,C1626433,F,FARIDABAD,460771.69,3/9/16,161839,3500.0
T437795,C5233227,M,LAXMINAGAR,15.76,16/8/16,114817,30.0
T542205,C1419048,F,KOLKATA,12239.6,23/8/16,234348,21.0
T682675,C6236648,M,JAIPUR,23872.19,28/8/16,125849,960.0
T385633,C6630580,M,NAINITAL,1109481.24,13/8/16,163849,2186.0
T390876,C1130922,M,THANE,37439.76,13/8/16,193024,2938.4
T494180,C1442467,M,MEDAK DIST,8825.93,20/8/16,190308,300.0
T820234,C2336420,F,DELHI,39226.37,4/9/16,192749,2287.0
T55396,C2115063,F,JAIPUR,2934.96,3/8/16,194429,2007.0
T425949,C4024287,F,BANGALORE,957.21,17/8/16,163144,189.45
T661342,C1718816,F,GURGAON,146.6,28/8/16,202528,435.32
T324301,C3720632,F,MUMBAI,61634.07,15/8/16,102328,286.46
T786952,C3996617,M,TEHRI GARHWAL,148505.58,6/9/16,100806,250.0
T465035,C7913087,M,NEW DELHI,13638.88,21/8/16,185825,321.0
T486201,C1918284,M,NAVI MUMBAI,1832.52,20/8/16,12201,200.0
T785939,C4421590,M,JODHPUR,6384.49,6/9/16,113340,1852.0
T953215,C6718748,F,NEW DELHI,18207.95,10/9/16,184229,290.0
T103946,C1611250,M,NEW DELHI,70.93,1/8/16,193001,200.0
T478506,C6436927,M,RAIPUR,188.69,21/8/16,204423,1799.0
T823409,C5427966,M,MUMBAI,382.27,4/9/16,134840,222.65
T46159,C7039072,M,SIVASAGAR,5.15,3/8/16,130732,360.0
T972902,C8341862,M,NEW DELHI,40509.22,10/9/16,115719,500.0
T921296,C4226055,M,NAVI MUMBAI,3773.46,11/9/16,24956,240.0
T293152,C6614381,M,ZIRAKPUR,27179.37,11/8/16,201616,5060.0
T579405,C8513019,M,CHANDIGARH,275966.6,27/8/16,152303,635.0
T906596,C4380161,M,MUMBAI,24050.11,12/9/16,144246,200.0
T639272,C6222252,M,REWARI,14.38,25/8/16,190608,200.0
T892410,C6210176,M,VIJAYAWADA,23.74,7/9/16,151708,2495.0
T303265,C4526171,F,NOIDA,226.15,10/8/16,133504,184.0
T768266,C1117079,F,SIVASAGAR,651.39,1/9/16,22146,70.0
T712150,C5236275,M,KASARGOD,0.0,3/9/16,171535,359.0
T742197,C4711942,M,NEW DELHI,51193.56,2/9/16,205456,886.0
T304485,C2032529,M,GURGAON,740143.48,10/8/16,130334,1576.0
T96579,C2911291,F,LUCKNOW,982.34,1/8/16,195230,953.0
T14361,C8330418,M,GURGAON,11620.36,26/9/16,171756,30.0
T65189,C3840055,M,JAMSHEDPUR,964.23,2/8/16,113544,80.0
T341649,C1026277,M,SAS NAGAR,5765.34,15/8/16,195435,150.0
T923109,C6715075,M,NAVI MUMBAI,20686.14,12/9/16,224338,350.0
T523170,C8233046,M,GURGAON,27579.08,24/8/16,111625,240.0
T698763,C6710447,F,BANGALORE,79529.17,31/8/16,195641,399.0
T259843,C5614570,M,PANCHKULA,52988.3,12/8/16,153943,375.0
T732538,C4812062,M,BANGALORE,308775.78,2/9/16,133818,517.0
T89516,C3892430,F,GURGAON,99476.63,1/8/16,180346,14500.0
T385874,C8116939,F,SHIMLA,20994.37,13/8/16,170710,499.0
T846773,C7223035,M,FARIDABAD,3.72,9/9/16,101922,50.0
T678438,C5742619,M,KOLKATA,1936140.63,28/8/16,131902,9596.0
T8185,C2667833,M,AURANGABAD,10576.34,25/9/16,204104,100.0
T1012888,C4512885,F,GAUTAM BUDDH NAGAR,225673.6,14/9/16,212902,865.0
T420865,C2824753,M,NEW DELHI,102871.76,17/8/16,81151,1149.0
T60210,C7429448,M,GHAZIABAD,28836.41,3/8/16,204722,1509.0
T355964,C3535238,M,SHILLONG,137645.76,14/8/16,143551,2104.0
T83705,C3517212,F,REWARI,12856.87,2/8/16,205835,1008.63
T739854,C8889984,F,MUMBAI,217430.2,2/9/16,182045,650.0
T502197,C5528727,M,NOIDA,315728.31,20/8/16,222621,152.0
T673752,C7532755,M,GURGAON,46214.37,28/8/16,180035,685.0
T692656,C1430911,M,KOLKATA,25000.01,31/8/16,195053,836.0
T721092,C5010224,M,MUMBAI,71107.96,3/9/16,213007,5350.0
T540902,C8532813,M,NEW DELHI,36848.11,23/8/16,105552,1900.0
T385489,C8137847,M,SAS NAGAR,442032.43,13/8/16,193147,1493.65
T774187,C4424376,F,BANGALORE,54678.27,6/9/16,190320,435.0
T250192,C8830035,F,MUMBAI,9821.4,7/8/16,151213,525.0
T583694,C8556826,M,HYDERABAD,43760.82,27/8/16,115237,469.65
T413415,C1818481,F,SILIGURI,1686.67,18/8/16,193505,100.0
T848038,C2856323,M,BANGALORE,21657.54,9/9/16,72945,776.0
T652786,C6912734,M,GUWAHATI,33058.88,31/8/16,113138,600.0
T474318,C6287064,F,PATIALA,14263.92,21/8/16,233018,495.0
T63225,C3968315,M,YEHAKANKA BANGALORE,259.97,2/8/16,70901,655.0
T803877,C3636189,M,SANGLI,4769.45,5/9/16,183404,12.0
T18721,C8634478,F,LUCKNOW,5528.36,26/9/16,190425,40.0
T860086,C2524941,M,JAIPUR,34533.87,9/9/16,230725,892.0
T693184,C2529353,M,LUCKNOW,49829.12,30/8/16,200244,1444.0
T42013,C3811566,M,MARKET YARD PUNE,25893.41,3/8/16,112338,2146.0
T634675,C7641150,M,HASSAN,7.02,29/8/16,174941,500.0
T854436,C3617641,M,DASUYA,8949.25,9/9/16,224330,400.0
T313134,C7310482,M,VISAKHAPATNAM,447.74,10/8/16,205253,496.0
T633987,C8020530,M,GHAZIABAD,37895.39,29/8/16,205334,136.0
T603869,C7942270,F,MUMBAI,12166.67,26/8/16,171329,941.0
T527771,C2827363,F,GUWAHATI,25837.04,24/8/16,124140,1200.0
T779457,C6921956,F,BHIWANI,7173.11,6/9/16,195216,787.0
T632628,C5297286,M,BANGALORE,636230.2,29/8/16,123659,140.0
T578880,C3933661,M,HYDERABAD,15078.17,27/8/16,122050,199.0
T257361,C7523890,F,NOIDA,769951.62,12/8/16,124412,3290.21
T273102,C4333713,M,MUZAFFARPUR,58066.21,12/8/16,213841,125.0
T480882,C2710978,F,MUMBAI,83197.57,21/8/16,202419,2420.0
T863679,C1728613,M,SRIKAKULAM,5546.16,8/9/16,110546,100.0
T34255,C2642023,M,KOLKATA,18280.25,26/9/16,131548,1560.0
T864381,C4092751,M,MUMBAI,82942.05,8/9/16,123213,3351.0
T887639,C1947152,F,GHAZIABAD,26088.77,7/9/16,190329,100.0
T715546,C6313642,M,MUMBAI,2977.48,3/9/16,201434,310.0
T474438,C8912051,F,KOLKATA,7805.59,21/8/16,211503,50.0
T616783,C5442233,M,NEW DELHI,10156.77,26/8/16,124005,44.0
T708783,C2910653,M,CHENNAI,6708.96,3/9/16,74815,96.0
T883010,C4437011,M,MANDAPETA,1.1,7/9/16,232540,101.15
T527854,C8731988,M,BARNALA,8204.9,24/8/16,210434,179.0
T21828,C1218241,M,MUMBAI,300427.91,23/9/16,123655,300.0
T132501,C5747641,F,KATRAJ MUMBAI HIGHWAY NARHE PUNE,8042.15,5/8/16,103524,170.0
T328470,C8338521,M,BANGALORE,38595.71,15/8/16,181812,15000.0
T203224,C5521170,M,HALOL,8539.44,8/8/16,94200,100.0
T508276,C7217374,M,KARIMNAGAR,220.48,19/8/16,115502,30.0
T9516,C2110116,F,MUMBAI,1006187.2,27/9/16,190844,3500.0
T769299,C4064971,M,BANGALORE,6.73,6/9/16,223705,200.0
T895794,C5535534,F,VISAKHAPATNAM,11468.84,7/9/16,154322,150.0
T673769,C3435745,M,MUMBAI,21903.05,28/8/16,132158,12500.0
T214159,C1317474,M,JAIPUR,11.39,8/8/16,160458,200.0
T515645,C2731391,M,MUMBAI,7296.07,19/8/16,222745,420.0
T828317,C7512340,F,THANE,3347.68,4/9/16,120047,159.0
T266199,C8795858,M,KAITHAL,9872.88,3/9/16,111456,500.0
T1042131,C1835676,M,MEERUT,1464.33,18/9/16,140624,100.0
T348015,C7623213,M,DELHI,782689.86,14/8/16,90108,1291.0
T958452,C3819617,M,NEW DELHI,25525.44,10/9/16,85202,199.5
T103552,C5416645,M,DELHI,39108.68,6/8/16,122125,67.97
T665788,C1726858,M,KOLHAPUR,167341.27,31/8/16,95704,730.0
T363255,C3987837,M,MUMBAI,102856.46,14/8/16,182120,200.0
T141852,C7112824,M,DELHI,10582.88,5/8/16,174245,306.0
T360698,C6931636,M,VELLORE,14980.26,14/8/16,181854,1150.0
T662070,C8639591,M,PUNE,120.82,31/8/16,111317,674.0
T901422,C6462783,M,PUNE,91.95,7/9/16,104745,3339.0
T217633,C6939158,M,ANDHERI W MUMBAI,22120.5,8/8/16,183839,5494.0
T404503,C2589979,M,POST NAROLI,29404.85,18/8/16,154340,50.0
T1044098,C7368566,F,MUMBAI,87269.9,18/9/16,94621,1375.0
T617217,C3428348,M,NEW DELHI,54311.94,26/8/16,132945,2000.0
T456179,C3131886,M,GURGAON,78.68,21/8/16,31619,57.0
T742226,C8927957,F,CHENNAI,2408.66,2/9/16,211946,412.0
T774087,C4334359,M,MUMBAI,7515.3,6/9/16,204105,297.3
T159586,C1317935,M,SONARPUR,14447.59,4/8/16,91446,200.0
T367631,C5225254,F,ANAND,94276.45,14/8/16,194136,776.0
T554592,C4231043,F,AGRA,97.95,22/8/16,34441,100.0
T582843,C4839176,F,KARNAL,12970.46,23/8/16,154516,3104.0
T968460,C1837145,M,MAU,7880.03,10/9/16,145202,96.0
T654416,C3872214,M,GURGAON,177.93,31/8/16,131814,1011.0
T675667,C4640613,M,JAGATSINGHPUR,539.85,28/8/16,1124,50.0
T39883,C7636676,M,MOHALI,10739.57,22/9/16,24936,522.0
T978251,C4726759,F,BANGALORE,7760.59,15/9/16,145213,150.0
T228086,C6023180,M,BANGALORE,11784.37,7/8/16,143557,447.0
T948738,C4823456,M,GUWAHATI,13508.74,11/9/16,203210,3000.0
T721380,C6434151,M,HOSUR,21174.02,3/9/16,213005,1241.0
T939258,C8837046,F,CHITTO0R,34676.52,11/9/16,154909,1050.0
T313187,C1737279,F,NEW DELHI,20494.87,10/8/16,194906,200.0
T473696,C7419312,F,NAGPUR,317.38,21/8/16,220456,660.0
T445498,C8639372,M,CHENNAI,13629.05,16/8/16,113710,500.0
T912947,C1138650,M,SANGLI,15809.68,12/9/16,182004,561.5
T56737,C7314657,M,CHENNAI,6768.2,3/8/16,194010,540.0
T1037980,C7237231,M,BANGALORE,1865.04,18/9/16,160534,147.0
T852443,C6721464,M,GURGAON,893.41,9/9/16,213743,284.0
T715067,C6464263,F,NEW DELHI,1022.23,3/9/16,195121,7200.0
T560238,C5912783,F,SECUNDERABAD,96.02,22/8/16,150821,239.0
T94737,C2418891,F,NEW DELHI,1422254.47,1/8/16,162609,2583.3
T814199,C4427869,M,MOHALI,13853.27,4/9/16,201010,198.0
T701191,C5241835,M,NOIDA,317165.75,30/8/16,95718,578.79
T554317,C8746158,F,FARIDABAD,43115.93,24/8/16,162546,459.0
T771523,C3912214,M,DELHI,253021.31,6/9/16,230117,2007.0
T619182,C7123649,F,AMRITSAR,21160.35,27/8/16,201134,1449.0
T876070,C4110990,M,REWARI,2687.78,8/9/16,232940,50.0
T691458,C3933561,M,FUJAIRAH,10460.98,31/8/16,203112,805.0
T735077,C7837264,M,KHARAR,223348.71,2/9/16,130845,11300.0
T1003289,C6720713,F,MUMBAI,47921.25,14/9/16,193031,36.92
T405985,C2310818,M,NEW DELHI,23345.26,18/8/16,163534,182.82
T700036,C2039851,M,BANGALORE,35781.54,30/8/16,155901,1140.0
T247507,C7038775,M,GURGAON,288908.35,7/8/16,221254,2177.0
T574354,C5917189,M,BANGALORE,53.3,22/8/16,212147,174.06
T218559,C7194738,M,DIST-PUNE PUNE,25548.93,8/8/16,200047,410.0
T526222,C4514713,M,JAGADHRI,27899.27,23/8/16,170035,250.0
T719828,C1128689,M,DURG,27295.7,3/9/16,213631,21.0
T362789,C8336288,M,GURGAON,10789.66,14/8/16,164051,250.0
T750236,C9063613,M,BARODA,18351.79,2/9/16,224612,300.0
T187437,C2228517,F,BANGALORE,18723.43,9/8/16,141245,130.0
T769945,C6621211,M,RANGA REDDY,6629.81,6/9/16,160529,156.0
T283520,C7538456,M,BANGALORE,11021.34,11/8/16,131804,16025.31
T926275,C3330115,M,GURGAON,9501.07,11/9/16,121037,190.0
T441793,C6023146,F,GREATER NOIDA,824.48,16/8/16,123528,197.5
T1036845,C2016447,M,MAHALPAT KANGRA,2542.6,18/9/16,172645,673.0
T296063,C6814848,M,GHAZIABAD,18902.63,10/8/16,24345,300.0
T1019279,C3012934,F,MUMBAI,84098.47,13/9/16,184606,6002.1
T1021624,C4986871,F,AGRA,9815.68,13/9/16,203321,777.0
T636419,C5925766,M,KANPUR,275608.36,25/8/16,214805,10.0
T61113,C8210244,M,NEW DELHI,50.54,3/8/16,201023,50.0
T447209,C6828386,M,K V RANGA REDDY,70.7,16/8/16,133717,453.0
T994357,C5894525,M,CHENNAI,18328.24,15/9/16,204350,95.0
T617439,C5615389,M,DELHI,14265.2,22/8/16,223514,450.0
T302680,C7342486,M,GURGAON,17148.56,10/8/16,141034,990.0
T409791,C3623062,M,CHENNAI,56202.21,18/8/16,191450,393.0
T494398,C4310723,M,BANGALORE,18498.78,20/8/16,200912,200.0
T483253,C2032831,M,KHAMMAM,11083.07,20/8/16,141121,97.0
T222027,C1922914,F,MUMBAI,65491.61,8/8/16,214052,301.0
T743857,C8538539,M,NADIAD,10476.46,1/9/16,225635,150.0
T159531,C2522258,M,HYDERABAD,11734.08,5/8/16,221300,785.4
T366555,C2037637,M,DELHI,20.24,14/8/16,190612,100.0
T443330,C2242333,M,NEW DELHI,162451.35,16/8/16,112924,310.0
T263591,C2237666,M,MELBOURNE,12574.37,12/8/16,171541,8935.0
T778656,C6513040,M,NEW DELHI,111674.02,6/9/16,172015,200.0
T281238,C4570314,F,CURCHOREM SOUTH GOA,6796.44,11/8/16,110614,100.0
T295466,C5389840,M,GHAZIPUR,12.33,11/8/16,202937,499.0
T609368,C8138366,M,CHANDRAPUR,21133.73,26/8/16,32604,149.0
T776189,C1119985,M,ZIRKPUR,35142.17,6/9/16,184923,2700.0
T183831,C5414016,M,GURGAON,1357.33,9/8/16,114324,40.0
T90322,C4439363,M,BANGALORE,15887.3,1/8/16,105732,255.0
T758897,C2541269,M,GHAZIABAD,22775.48,1/9/16,155833,4777.81
T1004409,C7922358,F,KRISHNA,29701.26,14/9/16,193808,360.0
T896003,C7224347,M,DELHI,104125.15,7/9/16,141103,137.0
T78085,C3711482,M,LUCKNOW,25256.28,2/8/16,204012,606.9
T904894,C3514935,M,KAITHAL,3417.78,12/9/16,134936,30.0
T1003440,C5792431,M,HOWRAH,20457.2,14/9/16,145427,466.0
T110847,C6729453,M,MUMBAI,3751.76,6/8/16,104756,100.0
T242237,C2837188,F,NEW DELHI,252113.99,7/8/16,153356,472.0
T118140,C5430472,F,BALRAMPUR,398.79,6/8/16,151758,1730.0
T805955,C5921779,M,EAST GODAVARI,9852.73,4/9/16,214608,199.0
T192920,C3427818,M,NEW DELHI,123247.77,9/8/16,181123,225.0
T447231,C3335615,M,TIRUPUR,9422.08,16/8/16,134812,2431.0
T781003,C3097322,F,BANGALORE,375063.77,6/9/16,143932,1024.73
T433371,C7412680,M,NOIDA,23.83,16/8/16,5841,10.0
T576644,C6323377,M,GREATER NOIDA,20770.16,22/8/16,214927,367.0
T984304,C1919860,F,NOIDA,106182.74,15/9/16,184129,459.0
T603421,C7264453,M,BHARUCH,5259.78,26/8/16,204330,1235.0
T901097,C8033446,M,N T PUNE,181600.42,7/9/16,50906,260.7
T316209,C2825859,M,NOIDA,957.25,15/8/16,13345,1232.0
T843412,C1729543,M,MUMBAI,1074183.99,9/9/16,125528,1005.0
T649761,C1436050,M,GURGAON,20568.33,25/8/16,164554,500.0
T899191,C3440729,F,KOTTAYAM,4971.1,7/9/16,92254,251.0
T713394,C2235738,F,NOIDA,292143.52,3/9/16,171528,985.0
T404804,C7830819,F,NEW DELHI,43086.57,18/8/16,161704,1500.0
T393208,C3740833,M,NORTH 24 PARGANAS,20915.75,13/8/16,192133,1700.0
T385049,C2329664,M,IND EST ANDHERI (W) MUMBAI,102.2,13/8/16,155956,900.0
T459841,C5017477,M,NOIDA,8261.93,16/8/16,193635,95.0
T611100,C1929225,M,RAIGARH CG RAIGARH,987.61,25/8/16,90146,100.0
T242582,C7799449,M,GURGAON,1006245.52,7/8/16,181634,2912.0
T273438,C7418781,M,NEW DELHI,6117.87,12/8/16,194631,90.0
T321437,C1837015,M,GHAZIPUR,4539.3,15/8/16,114842,817.0
T966300,C6942729,F,GURGAON,106729.01,10/9/16,125705,17100.0
T715242,C8524550,M,VADODARA,17510.48,3/9/16,194248,8587.0
T761383,C4326481,F,PUNE,19765.6,1/9/16,150938,849.0
T203398,C4329454,M,NOIDA,72476.67,8/8/16,103312,550.0
T323567,C3858417,M,PONNERI,676.99,15/8/16,160832,10000.0
T218996,C4440765,F,JAIPUR,,8/8/16,193119,188.0
T483434,C2627817,M,DELHI,6643.86,20/8/16,4839,71.0
T903999,C3827369,M,SIROHI,44902.32,7/9/16,65706,120.0
T632048,C8382927,M,PARGANAS TWENTY FOUR PARGANAS,5348.48,29/8/16,113835,174.0
T272473,C1836248,F,DELHI,15325.14,12/8/16,211844,959.04
T782230,C7477420,F,NOIDA,225067.43,6/9/16,151342,155.0
T320877,C5732228,M,BANGALORE,1679.24,15/8/16,120113,1000.0
T74182,C4738248,M,KOLKATA,46.17,2/8/16,183842,1623.0
T57074,C8711219,M,LUCKNOW,19279.3,3/8/16,203337,120.0
T510480,C3910215,M,BANGALORE,4911718.1,19/8/16,190830,3112.0
T144580,C7242084,F,BANGALORE,16078.97,5/8/16,200801,25.0
T321043,C7335968,F,BANGALORE,2159.53,10/8/16,210928,549.0
T495448,C7349234,M,BANGALORE,53610.05,20/8/16,212700,702.0
T332469,C7025335,M,MANGALORE,72118.89,15/8/16,165354,379.0
T712787,C6632834,M,DELHI,2951.19,3/9/16,173221,510.0
T771054,C6638653,M,SANGLI,24571.59,6/9/16,210208,21.0
T472637,C1537216,M,CHENNAI,34704.33,21/8/16,211812,731.0
T277084,C8571417,F,DELHI,71403.21,11/8/16,73642,1000.0
T1025380,C1510549,M,DEHRADUN,111.83,13/9/16,153004,100.0
T103117,C7240675,F,NEW DELHI,29617.65,6/8/16,115720,345.0
T141744,C6123390,M,MUMBAI,2748.4,5/8/16,150107,505.0
T706565,C5033188,M,NEW DELHI,18802.32,30/8/16,113831,500.0
T401601,C8541382,M,CHAMARAJANAGAR,809.63,18/8/16,142036,24.0
T447296,C5737278,M,RANCHI,178610.9,16/8/16,174152,2680.0
T626008,C6916052,F,NEW DELHI,27088.79,25/8/16,173816,3000.0
T371122,C3813754,M,HOSUR,13801.72,13/8/16,52423,251.0
T694455,C7212132,M,AHMEDABAD,16285.46,31/8/16,224910,1000.0
T372114,C5023576,M,BANGALORE,7910.39,14/8/16,211134,235.0
T456165,C5037554,M,MUMBAI,252599.77,21/8/16,3444,594.91
T488226,C5971431,F,DELHI,71403.21,20/8/16,170115,3665.0
T664793,C1839532,M,NAROL AHMEDABAD,318137.54,28/8/16,165237,10000.0
T913012,C7420735,M,DELHI,19983.4,12/9/16,104221,7054.0
T3049,C2313633,M,NEW DELHI,29854.14,21/10/16,154905,480.0
T894017,C4226845,M,HYDERABAD,1208220.92,7/9/16,130952,200.0
T837925,C7116132,M,THANE,4261.79,4/9/16,33123,100.0
T125749,C3928869,M,NEW DELHI,24228.94,6/8/16,233002,645.23
T343782,C5978689,F,GURGAON,1370.89,15/8/16,194316,250.0
T925493,C6865622,M,KOLLAM,21237.6,11/9/16,115315,208.35
T216377,C8736873,M,FARIDABAD,624.28,8/8/16,170358,1840.0
T407675,C7842117,M,MUMBAI,28154.28,18/8/16,122526,1229.0
T202978,C5014230,M,AURANGABAD,8846.59,8/8/16,151527,190.0
T516523,C3432324,M,NOIDA,41248.75,24/8/16,72552,50.0
T535573,C8347659,F,GURGAON,38457.11,24/8/16,201719,657.0
T981719,C6624629,M,BATHINDA,13638.99,15/9/16,181847,440.0
T173044,C3818770,F,RANCHI,7886.99,9/8/16,70849,30.0
T53210,C2097488,F,DELHI,49173.7,3/8/16,164233,500.0
T372798,C1532982,F,HYDERABAD,12340.96,14/8/16,232748,422.82
T687136,C4420786,M,GURGAON,44152.85,31/8/16,214235,420.0
T641031,C6142473,M,KOLKATA,10026.44,25/8/16,194834,499.0
T408195,C5631770,F,AHMEDABAD,21335.25,18/8/16,231859,68.0
T810208,C8916738,F,DELHI,6688.57,5/9/16,233351,259.0
T341760,C7714974,F,BHOPAL,6406304.47,15/8/16,201952,3936.0
T624020,C2255931,M,GHAZIABAD,183088.84,29/8/16,202424,330.0
T208027,C4694255,M,BHAVNAGAR,10238.63,8/8/16,133944,245.0
T996000,C4026822,M,BARABANKI,6445.23,15/9/16,201041,100.0
T26119,C9031125,F,GURGAON,217974.61,27/9/16,162638,800.0
T1002145,C2867991,F,VADODARA,4714.27,14/9/16,124242,178.0
T29274,C5133612,M,BHOPAL,8643.67,25/9/16,232120,116.98
T490115,C4029141,M,VADODARA,482.53,20/8/16,164225,70.0
T754419,C8521077,M,JALANDHAR,68437.27,1/9/16,203855,2940.0
T672061,C4931364,M,NEW DELHI,2422.18,31/8/16,183020,300.0
T350059,C5034854,F,MUMBAI,4091406.71,14/8/16,125103,587.0
T446537,C7115692,F,BANGALORE,379844.23,16/8/16,182542,2100.0
T87769,C1589471,F,NEW DELHI,5909.94,1/8/16,132319,95.0
T58125,C1810024,M,MUMBAI,24204.49,3/8/16,210819,180.43
T437256,C6110553,M,GURGAON,602.76,16/8/16,102340,300.0
T774563,C6366518,M,PATNA,498504.06,6/9/16,190156,600.0
T894174,C3224556,M,RUKMINI COLONY ULSOOR BANGALORE,175561.54,7/9/16,141018,869.0
T336960,C5785488,M,KOLKATA,29178.73,15/8/16,222149,500.0
T4616,C4474542,M,MEDAK,5793.57,22/9/16,83427,100.0
T2120,C4529190,M,NEW DELHI,2653.48,21/10/16,200746,698.0
T201163,C4161137,M,NEW DELHI,1.84,8/8/16,23715,246.0
T186457,C9027280,M,MOHALI,2036800.16,9/8/16,153926,3721.0
T132937,C2335877,M,BADDI,7586.97,6/8/16,202631,311.0
T593425,C5828486,M,DELHI,8376.49,27/8/16,210345,1000.0
T280333,C1621318,M,CHENNAI,25429.68,11/8/16,151859,775.0
T1033159,C7318743,M,MUMBAI,6997.0,13/9/16,5945,220.0
T287032,C7786714,M,NOIDA,17955.98,11/8/16,182242,300.0
T545943,C7624046,M,DELHI,174231.89,24/8/16,184637,600.0
T63125,C6026053,F,NOIDA,75983.96,2/8/16,94539,250.0
T749409,C6437114,M,HASSAN,48.72,1/9/16,211746,55.0
T321081,C4216959,M,NEW DELHI,20274.56,10/8/16,204124,500.0
T160192,C6218223,M,NEW DELHI,201994.18,5/8/16,223129,3280.0
T302090,C2217562,M,DELHI,140631.2,10/8/16,95625,1350.0
T946692,C5432625,M,MUMBAI,271.18,10/9/16,210543,27.0
T242751,C3236181,M,BADDI,4240.1,7/8/16,195614,793.0
T414217,C1321642,F,MADHAPUR,10985.49,18/8/16,205610,200.0
T187667,C3932852,F,NEW DELHI,8815.37,9/8/16,142942,1000.0
T913288,C3714854,M,KOLKATA,2816.36,12/9/16,175216,80.0
T711918,C4015969,M,GREATER NOIDA,72217.6,3/9/16,165046,868.0
T820180,C3529552,M,BANGALORE,30700.8,4/9/16,163048,329.0
T553835,C1021959,M,THANE,1945.89,23/8/16,191811,557.0
T954116,C5217940,M,HARIDWAR,30758.73,10/9/16,190744,1999.0
T354087,C7629855,M,DELHI,30981.4,14/8/16,151156,195.0
T270566,C7020934,M,MUMBAI,36041.15,12/8/16,201151,900.0
T412598,C8033574,M,DELHI,78433.0,17/8/16,123132,850.0
T853861,C6941682,M,DELHI,843.51,9/9/16,224414,536.0
T695231,C6536181,F,GURGAON,164262.57,31/8/16,222219,271.0
T920622,C2338918,M,BHILWARA,9366.36,12/9/16,230631,150.0
T541722,C6121583,F,MOHALI,12526.06,23/8/16,195237,260.0
T638835,C1514135,M,NASHIK,22345.69,25/8/16,224629,660.0
T385752,C7225674,F,THANE,4389.7,13/8/16,204836,99.0
T539309,C7330819,M,NEW DELHI,13609.37,23/8/16,80009,50.0
T619385,C8940636,M,BANGALORE,2154.44,26/8/16,54119,0.0
T581319,C7765314,M,AGRA,74017.63,27/8/16,130307,285.0
T1024495,C5139461,M,BUDDHA NAGAR NOIDA,908299.91,13/9/16,161852,789.0
T560645,C2922466,M,COIMBATORE,3173.75,22/8/16,140908,15100.0
T155054,C6311948,M,PUNE,1516.12,3/9/16,155413,80.0
T593423,C8333488,M,DELHI,33104.25,25/8/16,114813,50.0
T150459,C1811626,M,GURGAON,66251.44,5/8/16,231256,688.85
T143332,C2214134,F,PUNE,1722.18,5/8/16,143300,379.0
T314813,C3910619,M,NEW DELHI,39272.57,10/8/16,101657,35.0
T92387,C8419339,M,AHMEDABAD,20645.87,22/9/16,111624,189.0
T792424,C3512373,M,FIROZABAD,25141.48,5/9/16,113849,150.0
T318505,C2631729,M,BANGALORE,7766.91,10/8/16,205208,292.0
T970933,C5916532,F,DELHI,99696.78,10/9/16,3947,1299.0
T107345,C4139711,M,MUMBAI,83446.27,1/8/16,190449,100.65
T792798,C7735575,F,ALTOTORDA BARDEZ,72809.11,5/9/16,70528,200.0
T217900,C3921982,M,NEW DELHI,20672.47,7/8/16,82747,270.0
T505470,C3639567,M,NAGAR KANPUR,27785.71,20/8/16,212817,247.0
T321039,C9016617,M,PUNE,8872.81,10/8/16,212650,3050.0
T292464,C6929562,M,ISTAGE IST BLOCK BANGALORE,1040.2,11/8/16,215205,606.9
T262452,C8318447,F,BANGALORE,1.59,12/8/16,192139,300.0
T805989,C3028619,M,CANDOLIM,4627.35,4/9/16,215957,100.0
T8147,C4241676,M,MUMBAI,7023.02,25/9/16,202506,200.0
T707076,C6633951,M,TALEIGAO,38491.85,3/9/16,105124,500.0
T415079,C1739518,F,VISAKHAPATNAM,77669.33,18/8/16,211025,80.0
T968164,C3723915,M,YAMUNANAGAR,,10/9/16,104535,88407.0
T38890,C5850617,M,MUMBAI,222327.42,27/9/16,201547,2299.0
T729047,C5390489,M,KOLKATA,18957.07,2/9/16,91136,340.0
T998984,C4936923,M,NASHIK,9123.82,14/9/16,141106,168.0
T648007,C8710148,F,(MOHALI) KHARAR,439.71,25/8/16,152514,3600.0
T27111,C4921064,M,BANGALORE,10281.51,25/9/16,203141,100.0
T603901,C8622048,M,TIRUPATI (URBAN),9.9,26/8/16,183656,300.0
T506015,C5825380,M,NOIDA,36372.07,20/8/16,225002,259.0
T992040,C6397777,F,ALLAHABAD,6542.65,14/9/16,102658,50.0
T581980,C5425176,M,KHAMMAM,1116.15,23/8/16,144701,200.0
T580067,C2626937,M,GURGAON,83785.25,27/8/16,130951,24281.0
T1044722,C7617016,M,SHAHJAHANPUR,905.33,18/9/16,104225,209.0
T946640,C5012079,M,NEW DELHI,90077.57,11/9/16,221837,8935.0
T203459,C6539733,M,NAGAPATTINAM,2358.23,8/8/16,70113,271.0
T840728,C4430882,M,TIRUCHIRAPPALI,9031.41,9/9/16,160940,346.86
T460294,C5154289,M,GURGAON,1477827.06,21/8/16,165247,3280.91
T779947,C7936582,M,MUMBAI,55661.81,6/9/16,141539,2023.27
T571273,C6231932,M,MAHABUB NAGAR,5945.4,22/8/16,131747,30.0
T936386,C7213470,M,GURGAON,33412.78,11/9/16,185920,1197.0
T534921,C8521776,M,GURGAON,1104895.16,24/8/16,194218,975.0
T961999,C9059432,M,ZIRAKPUR,81393.66,10/9/16,185507,2875.03
T537501,C6420823,F,NEW DELHI,20188.57,24/8/16,232507,606.9
T174756,C9011220,M,ASANSOL,66639.89,4/8/16,200817,20.0
T92853,C6310151,M,DELHI,2518.12,22/9/16,142651,1794.0
T818518,C2641657,F,THANE,11670.31,4/9/16,191025,2350.0
T876166,C7128682,M,COIMBATORE,15232.9,8/9/16,224610,250.0
T488498,C4534374,F,GURGAON,111380.9,20/8/16,150439,11598.0
T264198,C6722363,M,THANE,35311.06,12/8/16,172318,700.0
T588452,C3928636,M,RAIGARH C G RAIGARH,5.18,25/8/16,145054,50.0
T600623,C1818233,M,JAGADHRI,6717.07,26/8/16,113623,50.0
T622702,C6729957,M,MUMBAI,15044.9,29/8/16,194356,28.0
T993789,C2335535,M,SINDHUDURG - DISTRICT,4517.78,15/9/16,193401,147.0
T589766,C8417088,M,GURGAON,499.94,23/8/16,161431,353.0
T791667,C7938512,F,TRIVANDRUM,211814.85,5/9/16,121834,589.0
T397161,C8246258,M,LUCKNOW,51320.72,13/8/16,213528,947.18
T613421,C1291141,M,MUMBAI,2439193.09,26/8/16,224402,4424.0
T998242,C4286129,F,MUMBAI,73.3,14/9/16,84959,254.0
T898487,C3817834,M,MUMBAI,129082.62,7/9/16,123626,2600.0
T332242,C8811529,F,BANGALORE,173754.67,15/8/16,154042,183.67
T950098,C2119284,F,FARIDABAD,48461.58,10/9/16,223204,1396.0
T99524,C6338352,F,AHMEDABAD,60212.79,1/8/16,160316,220.0
T813982,C3156264,F,DEHRADUN,21235.02,5/9/16,204251,230.95
T665497,C3038125,M,BANGALORE,91111.9,31/8/16,94734,100.0
T198819,C5018158,M,HYDERABAD,2604.98,9/8/16,214305,277.0
T895654,C7527827,M,NEW DELHI,123247.77,7/9/16,134827,4658.0
T75471,C5139755,M,CHENNAI,3046.95,2/8/16,180312,571.93
T668323,C6635130,M,JALANDHAR,0.12,31/8/16,72116,1521.0
T398938,C2310017,M,RAIPUR,16682.03,18/8/16,125443,3528.0
T474585,C1725559,M,DELHI,4597.23,21/8/16,105600,65.0
T91900,C4328651,M,HOWRAH,83.27,27/9/16,201336,330.0
T7464,C8569743,M,NEW DELHI,31369.74,22/9/16,114133,808.0
T464247,C4381978,M,CUDDALOURE(DT),7.17,21/8/16,105332,30.0
T675399,C7226229,M,MUMBAI,19310.24,31/8/16,181221,4448.0
T611170,C3742248,M,NEW DELHI,10156.77,26/8/16,123342,44.0
T419608,C1713858,M,JAIPUR,440463.42,17/8/16,94212,1000.0
T689907,C4590744,M,REWARI,11894.57,31/8/16,215212,6000.0
T78480,C4831861,F,ALLAHABAD,227049.63,2/8/16,200425,100000.0
T834936,C7536614,M,GREATER NOIDA,801.75,9/9/16,175117,30.0
T979963,C6532673,F,GURGAON,17281.6,15/9/16,114925,1000.0
T284379,C2821862,F,NEW DELHI,7605.65,11/8/16,134245,154.05
T479898,C4121673,M,GURGAON,7779.46,20/8/16,124800,350.0
T771970,C7433568,F,SOLAN,11271.15,6/9/16,203801,42.0
T620387,C9078383,M,NEW DELHI,226844.61,27/8/16,201828,569.05
T354648,C5039784,M,RUDRAPUR,2714.34,14/8/16,144115,38.0
T677986,C9075063,F,FARIDABAD,65835.77,28/8/16,201348,1711.0
T1039976,C8739447,M,BANDRA EAST MUMBAI,11.19,18/9/16,145102,50.0
T348554,C7527852,M,VIJAYAWADA,54.78,14/8/16,132416,570.7
T198086,C8689621,M,BANGALORE,10415.42,9/8/16,223348,290.0
T917225,C5797563,M,RAJAPALAYAM,26721.59,12/9/16,204848,90.0
T378752,C4030870,F,GURGAON,55453.26,13/8/16,124435,3750.51
T793138,C8740992,M,BENGALURU,16618.33,5/9/16,120859,6500.0
T982295,C9037157,F,GURGAON,626552.05,15/9/16,104207,920.0
T577887,C8036613,F,MUMBAI,86534.08,27/8/16,151801,847.98
T857726,C1023156,F,NEW DELHI,1148268.86,8/9/16,1128,200.0
T892941,C5339376,M,DOHA,636855.59,7/9/16,145951,16600.0
T373559,C8442517,F,NEW DELHI,30014.87,13/8/16,122316,1500.0
T124008,C4218655,F,NEW DELHI,184700.49,6/8/16,203802,610.0
T653657,C2795341,M,BANGALORE,54417.53,28/8/16,212422,84.0
T215388,C3553846,M,ULHASNAGAR,2584.39,8/8/16,173706,701.61
T1034161,C4344067,M,SHARJAH,863740.39,13/9/16,53959,25.0
T126411,C4721450,M,SIGNAL SION E MUMBAI,154192.98,6/8/16,213352,1504.0
T576233,C2514933,M,CHENNAI,10453.99,22/8/16,123057,70.0
T590141,C6220352,F,VADODARA,43078.22,27/8/16,204334,254.36
T443841,C1134259,M,GURGAON,258480.19,16/8/16,151303,1380.9
T549844,C8995832,M,CRAWFORD MARKET MUMBAI,160659.65,23/8/16,114108,2230.36
T1040168,C3723843,M,CUTTACK,13372.75,18/9/16,110948,458.0
T94303,C6539332,M,TIRUVALLA,7349.55,1/8/16,140448,1711.0
T803146,C5521150,M,NOIDA,2198.82,5/9/16,175710,144.0
T111567,C2228972,F,EZHUMATTOOR,4579.19,6/8/16,103930,3210.0
T336392,C7626279,M,LUCKNOW,17458.53,15/8/16,185202,2099.48
T856251,C5741638,M,GHAZIABAD,2789454.49,9/9/16,212855,2970.0
T19165,C2030790,M,MUMBAI,324902.92,26/9/16,152230,2641.0
T1026947,C3426322,M,DELHI,76455.35,13/9/16,105014,5000.0
T436844,C3831549,M,MOHALI,373068.23,17/8/16,233321,395.0
T745009,C3339584,F,BILASPUR,191087.97,1/9/16,233554,581.0
T399912,C6129390,M,NOIDA,5602.69,18/8/16,132230,500.0
T524876,C1010655,M,MEERUT,45856.24,24/8/16,132144,712.0
T550711,C2411382,F,GURGAON,299.33,23/8/16,192405,1090.0
T271722,C3523451,M,BIJNOR,126767.93,12/8/16,213749,208.0
T20760,C7211575,F,PATNA,51814.1,23/9/16,190751,396.0
T899390,C4252488,F,HYDERABAD,57838.87,12/9/16,173550,1000.0
T747174,C6842890,M,DELHI,123806.62,2/9/16,232409,325.0
T424139,C2930845,M,REWARI,124609.82,17/8/16,162544,367.25
T984819,C2838074,M,MUMBAI,1522.49,15/9/16,5945,340.0
T1047547,C5452750,M,DELHI,83.56,18/9/16,193556,1579.0
T614911,C7339258,M,HOSPITAL BEHIND COIMBATORE,92597.62,26/8/16,112635,100.0
T147299,C1611342,F,DELHI,4779.48,5/8/16,134800,105.62
T487122,C2028970,M,DELHI,74.99,20/8/16,92654,97.0
T1019347,C6317022,F,GREATER NOIDA,1.99,14/9/16,213945,30.0
T354955,C3734761,M,ROPAR,1892.42,14/8/16,161037,2535.0
T727982,C5532259,M,SION (E) MUMBAI,15895.14,2/9/16,122122,297.0
T884050,C2419242,M,SONIPAT,18031.39,8/9/16,220706,176.0
T340674,C8542713,M,SURAT,44981.72,15/8/16,203809,468.09
T442017,C9090538,M,CHENNAI,58.89,16/8/16,143215,100.0
T938351,C7830539,M,INDORE,73368.03,11/9/16,193559,198.0
T245898,C6823848,F,MUMBAI,9950.15,12/8/16,4856,1139.0
T25333,C8163812,M,BANGALORE,12218.53,26/9/16,165230,265.0
T787941,C7137724,F,JALANDHAR,40945.39,6/9/16,94549,50.0
T577863,C4627032,M,GURGAON,266621.06,27/8/16,171009,1500.0
T268553,C2434976,M,BANGALORE,22618.88,12/8/16,125503,60.0
T1016577,C6827592,M,PUNE,1.62,13/9/16,211020,3900.0
T616111,C6726129,F,GURGAON,682.65,26/8/16,53738,1330.0
T176519,C8119021,M,NEW DELHI,104601.71,9/8/16,105131,3516.0
T434047,C5689284,M,BADDI,3049.42,16/8/16,94646,21.0
T148117,C7488964,M,VAPI,6515.32,5/8/16,191844,100.0
T1032340,C4422158,F,DEHRADUN,17178.27,18/9/16,171556,2297.0
T674389,C4595656,M,LUDHIANA,2498.73,31/8/16,173859,1000.0
T699877,C3211872,M,VASHI  NAVI MUMBAI,2.88,30/8/16,92349,200.0
T1002144,C1142182,M,ANDHERI (W) MUMBAI,395.49,14/9/16,124143,20.0
T79179,C1537092,M,NALGONDA (DIST),867.62,2/8/16,202005,1000.0
T668034,C1116754,M,GHAZIABAD,89633.04,28/8/16,132521,1600.0
T172176,C6635091,M,NEW DELHI,2625795.19,4/8/16,193200,573.0
T993666,C3354462,M,MANGALORE,56810.02,15/9/16,213830,1400.0
T680687,C6131822,M,BANGALORE,57623.01,28/8/16,110320,280.0
T1042420,C4628087,M,NASHIK,32730.71,18/9/16,132609,650.0
T59193,C2024245,M,DARJEELING,175399.16,3/8/16,215406,150.0
T1038185,C5831054,F,NOIDA,31016.15,18/9/16,135233,200.0
T53817,C5916631,M,SURAT,2317.77,3/8/16,185057,100.0
T798464,C2351318,M,MUMBAI,34689.6,5/9/16,171608,7147.29
T412414,C2512618,M,BRAMPTON,3905118.13,18/8/16,191309,1883.22
T646711,C3225357,F,DELHI,27046.34,29/8/16,33935,147.0
T463819,C5225081,M,BANGALORE,227655.32,21/8/16,165847,97.61
T988498,C3738542,M,UJJAIN,1565.17,15/9/16,193422,200.0
T238095,C5135719,M,PEN,4364.94,7/8/16,195312,88.0
T201554,C2519876,F,CHENNAI,51139.0,9/8/16,214100,230.0
T711041,C3334356,M,PUNE,100.1,3/9/16,171919,399.0
T950323,C9025280,F,MUMBAI,147524.65,11/9/16,231554,2000.0
T1020342,C2490465,F,SILIGURI,1830.56,13/9/16,174303,799.0
T350615,C5358620,M,QUEPEM GA,28440.57,14/8/16,112624,1136.0
T269733,C6720589,M,MUMBAI,961933.33,12/8/16,222103,279.0
T958563,C1431326,M,INDORE,31843.01,10/9/16,200404,600.0
T686193,C1531135,M,GREATER NOIDA,18824.47,30/8/16,161904,3874.05
T86074,C7633674,M,BANKURA,39089.93,1/8/16,103033,1000.0
T802576,C6723265,M,GURGAON,33253.07,5/9/16,205102,222.0
T398814,C5130383,M,NANJANGUD,37657.11,18/8/16,81049,28.0
T1033120,C7211512,M,MUMBAI,1045.01,18/9/16,170021,1349.0
T462559,C1018572,F,MUMBAI,50276.97,16/8/16,234008,121.0
T515543,C3517589,F,AMRITSAR,9475.75,19/8/16,163238,987.0
T127660,C6630859,M,HYDERABAD,72470.38,6/8/16,234040,6000.0
T92948,C9031815,M,JAIPUR,22110.5,22/9/16,162033,874.0
T540629,C3314366,M,BANGALORE,113358.2,24/8/16,191231,123.14
T808771,C8633880,M,LUCKNOW,11623.27,4/9/16,132835,14.95
T810395,C6142646,M,BANGALORE,1282730.27,5/9/16,193636,300.0
T77736,C7025332,M,BHAWANI SHANKAR MUMBAI,13503.67,2/8/16,194201,940.0
T463368,C5837653,M,MUMBAI,87152.98,21/8/16,120742,100.0
T734939,C4329135,F,MUMBAI,31323.82,2/9/16,161627,360.0
T255080,C2527349,M,GURGAON,433969.89,12/8/16,81530,500.0
T103190,C7826975,M,MUMBAI,81172.67,1/8/16,201509,600.0
T319284,C2410283,F,GHAZIABAD,685.28,10/8/16,200701,700.0
T151373,C1176415,F,MUMBAI,13616.67,5/8/16,220731,527.0
T459876,C3723944,M,VADODARA,55606.84,21/8/16,112640,1278.0
T648323,C5010931,M,NORWICH,343702.89,25/8/16,140026,4880.0
T768401,C1471423,M,GURGAON,31434.55,6/9/16,210912,1324.0
T945946,C5637242,M,MOHALI,6297.06,11/9/16,213625,436.0
T816116,C3528854,M,GHAZIABAD,58076.59,4/9/16,195841,90.0
T426297,C8210030,F,PUNE,83.66,17/8/16,182704,1600.0
T739769,C1899033,F,ROAD ANDHERI (W) MUMBAI,276854.36,2/9/16,192702,166.93
T34211,C6094623,M,REWARI,11766.81,25/9/16,190545,95.0
T3727,C2119663,M,NOIDA,659.55,21/10/16,171358,2990.0
T470244,C6925057,M,DEHRADUN,10364.26,21/8/16,190952,49.25
T239728,C2221160,M,COIMBATORE,39093.13,7/8/16,165557,2925.0
T755709,C6566380,M,BANGALORE,193477.86,1/9/16,183519,399.0
T122969,C3410019,M,DELHI,1.73,6/8/16,190135,1299.0
T178507,C2333450,M,GUNTUR,63596.45,4/8/16,213858,146.88
T910468,C3158290,M,CHANDIGARH,4982.23,12/9/16,95848,179.0
T108582,C8388936,M,LUDHIANA,4066.44,6/8/16,192629,100.0
T676763,C5317821,F,DELHI,562742.03,28/8/16,182047,201.0
T705166,C6355175,M,MUMBAI,5437138.29,30/8/16,153230,630.0
T580956,C2831169,M,PUNE,84.11,27/8/16,130516,1284.0
T120195,C1229125,M,KANNUR,0.0,6/8/16,185824,490.0
T31330,C1711692,F,PANIPAT,49203.61,26/9/16,135548,250.0
T281568,C6526425,M,DELHI,45151.08,11/8/16,152154,100.0
T17597,C5854178,M,MEERUT,2773.65,26/9/16,181123,964.0
T218260,C7811626,M,MUMBAI,537735.68,8/8/16,185913,2460.5
T504047,C2629453,M,PUNE,124726.02,19/8/16,130635,93.0
T305967,C3618559,M,BAMBOLIM,11994.51,10/8/16,124451,298.0
T1011123,C3922139,M,HARIDWAR,1231.89,13/9/16,230842,550.0
T222238,C3867019,M,DELHI,94695.61,7/8/16,14938,65.0
T121496,C1124634,M,MUMBAI,43967.92,6/8/16,210943,3023.75
T228738,C5910446,M,LUCKNOW,141726.79,8/8/16,221903,2550.0
T286899,C4788211,M,NEW DELHI,13677.82,11/8/16,151839,301.0
T614856,C2112950,F,MUMBAI,84098.47,26/8/16,104709,33952.6
T19821,C5715081,M,THANE WEST,38008.91,26/9/16,203324,1692.0
T383223,C7242855,F,CHANDIGARH,51761.63,13/8/16,154009,1499.0
T886878,C4916176,F,NAGPUR,13269.0,7/9/16,202029,50.0
T434156,C4333870,F,KOLKATA,14164.67,17/8/16,211748,300.0
T959524,C3728684,F,NEW DELHI,3433.13,10/9/16,175520,322.0
T826531,C1663657,F,LUCKNOW,19297.99,4/9/16,183142,2200.0
T460028,C3026535,F,SECUNDERABAD,31802.6,21/8/16,113329,1675.0
T982376,C2741524,M,THANE (W),998.59,15/9/16,123001,222.0
T176488,C5969825,M,MUMBAI,14213.27,9/8/16,102050,1500.0
T823407,C1815672,M,BANGALORE,40277.13,4/9/16,135125,1240.0
T336658,C2541736,M,BANGALORE,43.24,15/8/16,221040,4991.0
T376472,C8145930,M,RUDRAPUR,9501.75,13/8/16,101422,20.0
T945610,C5029837,M,NAGAR MUMBAI,9007.6,10/9/16,220845,1026.0
T624794,C6423570,M,NOIDA,21289.31,29/8/16,191117,1000.0
T595002,C8819742,M,BHINMAL,13452.65,27/8/16,224310,179.0
T257353,C3433676,M,NOIDA SEC 77,126281.78,12/8/16,114205,147.0
T465920,C4724328,M,KOLKATA,4274.31,21/8/16,174121,100.0
T318598,C2911040,M,THANE,98925.54,15/8/16,1455,5549.0
T210027,C7913047,M,BANGALORE,856.73,3/9/16,133507,2000.0
T218924,C7522772,M,MUMBAI,2255.75,7/8/16,10617,465.0
T524016,C1628041,M,BOKARO,178.76,19/8/16,204951,100.0
T499805,C8940655,M,DELHI,92476.65,20/8/16,214409,1008.08
T652392,C3638492,M,KOLKATA,8666.23,28/8/16,214939,830.0
T308537,C7940054,F,MUMBAI,181141.88,10/8/16,184309,1795.0
T347164,C2810058,M,DELHI,58558.32,14/8/16,33956,1009.75
T440490,C2230416,M,AHMEDABAD,34788.97,16/8/16,91302,50.0
T694089,C1132491,M,MUMBAI,5257.67,31/8/16,205644,1570.0
T592367,C1210240,M,SAHARANPUR,298.88,27/8/16,212614,23.5
T881318,C7032973,M,PURI DISTRICT,20313.42,7/9/16,211240,98.0
T1010565,C1630769,M,CHENNAI,7464.96,13/9/16,213937,197.0
T469618,C2325827,M,PUNE,2132.5,21/8/16,144331,327.0
T716617,C2274132,M,NOIDA,101632.38,3/9/16,184939,259.0
T761028,C4132339,F,MUMBAI,215470.82,1/9/16,161630,3810.0
T498817,C4924263,M,THANE,17262.26,19/8/16,82431,500.0
T703285,C8617359,M,JAMSHEDPUR,0.89,30/8/16,154134,110.0
T874509,C1840719,F,HYDERABAD,63558.69,8/9/16,201300,250.0
T334269,C8827374,F,SECUNDERABAD,7998.42,15/8/16,194828,43.0
T186873,C6912036,M,PANIPAT,64593.97,9/8/16,161351,5231.0
T134336,C7929678,F,MUMBAI,26710.74,6/8/16,221116,6626.8
T516801,C6111216,M,KOLKATA,27567.88,24/8/16,70345,248.0
T634572,C7112427,F,DELHI,442102.13,29/8/16,123349,5100.0
T527288,C5131866,M,BANGALORE,139.23,24/8/16,145121,5000.0
T987108,C1818340,F,KOLKATA,9427.3,15/9/16,85938,200.0
T410277,C7926027,M,NEW DELHI,3138.44,18/8/16,201314,200.0
T503827,C7626113,M,SAI TEMPLE ROAD BANGALORE,699040.89,19/8/16,152323,4180.0
T82938,C8133021,M,THANE,51588.06,1/8/16,121716,100.0
T622093,C6826321,M,NAWANSHAHR,5438.9,25/8/16,182632,5300.0
T842518,C1114772,M,TIRUVARUR,5.36,9/9/16,131443,200.0
T977982,C6629581,M,KASHIPUR,2316307.0,15/9/16,163901,3297.0
T322344,C1293763,M,CHHATARPUR,37800.82,15/8/16,134838,439.43
T1034584,C1623067,F,STOP BANGALORE,255317.32,18/9/16,161506,488.0
T644731,C2342883,F,HYDERABAD,84945.08,25/8/16,154425,699.0
T258341,C3926711,M,KOTTAYAM,57053.7,12/8/16,123710,680.0
T146989,C6026960,F,VISAKHAPATNAM,3469.86,5/8/16,155946,2038.0
T193968,C5319375,M,FARIDABAD,27979.35,9/8/16,203941,272.0
T532108,C5435416,M,VARANASI,14.69,24/8/16,204112,272.29
T633656,C1318030,M,HYDERABAD,12185.79,29/8/16,134509,60.0
T106395,C2824041,M,BANGALORE,74982.05,6/8/16,145422,880.0
T100870,C1718283,M,BANGALORE,12567.3,1/8/16,183923,25.0
T694008,C7025358,M,KHAMMAM,37703.19,31/8/16,204822,360.0
T451833,C4928828,M,RAJKOT,118174.11,16/8/16,194944,475.0
T593978,C8824582,M,NOIDA,208246.9,26/8/16,150524,590.0
T931309,C8225889,M,MUMBAI,18179.91,11/9/16,144345,575.0
T861186,C2440179,M,BHOPAL,131.99,8/9/16,104542,3000.0
T391448,C7716339,M,CHENNAI,442986.57,13/8/16,203706,750.0
T339054,C4424517,F,CACHAR,7189.32,14/8/16,65628,200.0
T427503,C6939288,M,THORAIPAKKAM CHENNAI,1026.31,17/8/16,164030,5400.0
T999781,C7721451,M,DELHI,21103.19,14/9/16,141648,690.0
T22038,C1615320,M,INDORE,18432.03,23/9/16,204732,200.0
T383341,C1920763,M,PUDUCHERRY,11279.5,13/8/16,151518,1250.0
T461655,C5075571,M,NAVI MUMBAI,16054.16,16/8/16,174456,276.0
T292557,C2721564,F,NOIDA,489758.67,11/8/16,175916,828.0
T320158,C6720827,M,JALPAIGURI,3165.98,15/8/16,114714,300.0
T190065,C7323427,F,INDORE,1586.55,9/8/16,170641,249.0
T369754,C3513633,M,NOIDA,21504.73,13/8/16,55108,20.0
T920792,C1535753,M,ROURKELA,10982.13,12/9/16,220518,30.0
T982778,C3335567,F,DELHI,5934.77,15/9/16,180513,50.0
T314389,C2426739,M,BANGALORE,1785.3,10/8/16,223137,98.0
T339646,C1037329,F,ENMAKAJE,10481.5,15/8/16,195347,211.0
T717174,C2123417,M,MUMBAI,29273.29,3/9/16,194828,122.0
T1044311,C5429243,M,CHANDIGARH,99165.25,18/9/16,110705,326.49
T457515,C4825382,M,MUMBAI,3743220.4,21/8/16,113027,1652.0
T45844,C6940063,F,MUMBAI,173170.52,3/8/16,110226,222.0
T932809,C6833027,F,DELHI,27219.68,11/9/16,173725,250.0
T930224,C1713844,M,GHAZIABAD,85599.96,11/9/16,141530,300.0
T472103,C7018911,F,PUNE,229.74,21/8/16,161013,190.0
T113900,C4950657,F,BANGALORE,41.19,6/8/16,142926,215.0
T360093,C5324170,M,NOIDA,13975.15,14/8/16,165844,5341.6
T411175,C6945385,F,NEW DELHI,139.4,18/8/16,200458,1520.0
T988302,C3235792,M,DELHI,1.14,15/9/16,231155,50.0
T931409,C9040888,M,NEW DELHI,354488.47,11/9/16,113617,1510.0
T853300,C3115565,F,AMRITSAR,3010.1,9/9/16,224156,63.0
T667547,C2787176,M,NOIDA,27919.71,31/8/16,101029,1500.0
T847647,C2941383,M,GHAZIABAD,24220.56,9/9/16,84644,1000.0
T961591,C7637941,M,DELHI,23.98,10/9/16,180350,710.0
T980299,C7448518,M,BANGALORE,54.91,15/9/16,123854,3006.0
T363339,C8742580,M,CHINCHWAD PUNE,24605.84,14/8/16,224209,335.0
T600866,C9010885,M,DELHI,21913.8,25/8/16,92519,7000.0
T217728,C4317648,M,HYDERABAD,5983.34,8/8/16,191309,18105.0
T716063,C7557972,M,MUMBAI,29717.81,3/9/16,193421,500.0
T670460,C1316771,F,DELHI,12726.39,31/8/16,93149,50.0
T574184,C6239140,M,DELHI,80402.18,22/8/16,180522,1500.0
T198241,C7431978,F,KULLU,135406.67,9/8/16,220328,47.0
T847574,C6316487,M,DELHI,35207.22,9/9/16,121500,944.19
T373339,C5188724,M,ALWAR,18938.84,13/8/16,73320,130.0
T1045745,C1234748,M,HANUMANGARH,113.58,18/9/16,14429,20.0
T359614,C2712933,F,BANGALORE,62919.55,14/8/16,195945,3891.0
T784097,C2095057,M,UDAYARPALAIYAM,677.93,6/9/16,120119,50.0
T508252,C4029592,M,CHENNAI,15554.06,19/8/16,110756,610.0
T546491,C3329956,M,BANGALORE,10616.61,23/8/16,73745,1103.0
T190342,C7330038,M,ULHASNAGAR,2080.3,9/8/16,190719,250.0
T34610,C2221481,M,PALAKKAD,17915.56,26/9/16,92218,464.0
T613523,C1435386,M,BANGALORE,4968.88,25/8/16,64144,20.0
T716481,C3734867,M,BILASPUR,99202.18,3/9/16,193831,800.0
T430068,C4828528,M,TALEIGAO,10673.12,17/8/16,194925,1369.0
T360782,C2425013,F,INDORE,22993.79,14/8/16,184233,675.0
T793473,C4056543,M,NEW DELHI,1055799.07,5/9/16,123836,779.5
T80779,C3627349,M,GOA,36102.2,1/8/16,124108,600.0
T1035717,C6417347,M,KOLKATA,99184.4,18/9/16,170048,106.0
T143000,C8138782,M,MUMBAI,1493702.18,5/8/16,142018,151.0
T671312,C2729627,M,BURDWAN,33178.94,28/8/16,185300,393.0
T466229,C4552792,F,BANGALORE,117356.25,21/8/16,131740,150.0
T364391,C3524568,F,SIGNAL SION (E) MUMBAI,778965.38,14/8/16,220757,745.0
T887755,C6521887,M,NR TV9 OFFICE MUMBAI,23059.7,7/9/16,195815,650.0
T554300,C4813915,M,CHENNAI,19111.18,24/8/16,164754,100.0
T990943,C8638945,F,ABOVE TOTAL SUPER STORE BANGALORE,5717.46,14/9/16,100701,50.0
T430785,C3737353,M,NEW DELHI,1856.55,17/8/16,185507,220.0
T846632,C6818563,M,KOTA,17585.76,9/9/16,111409,50.0
T457186,C3059635,M,NOIDA,18742.03,16/8/16,203809,20.0
T471630,C8214069,F,DELHI,813054.5,21/8/16,151109,100.0
T182113,C8617977,M,REWARI,2336.75,9/8/16,103015,463.0
T513269,C3923219,M,GURGAON,27706.84,19/8/16,194327,1380.0
T634503,C5240748,F,HYDERABAD,63558.69,29/8/16,204054,300.0
T156180,C4034534,F,BANGALORE,737268.83,3/9/16,160353,1691.0
T95717,C8636983,M,DELHI,1511.69,1/8/16,142010,400.0
T995956,C2832031,M,HYDERABAD,803.36,15/9/16,210010,240.0
T269022,C5612442,M,BANGALORE,8666.76,12/8/16,213456,200.0
T950714,C7947749,M,DELHI,3983.24,11/9/16,231021,275.0
T842632,C6314966,F,FATEHGARH SAHIB,488.75,9/9/16,144959,97.0
T986624,C6027973,M,AMBALA,5366.19,15/9/16,203328,97.0
T977159,C5318953,F,LUDHIANA,14141.65,15/9/16,120251,5678.78
T321056,C1829488,M,NEW DELHI,9770.87,10/8/16,205841,366.0
T197840,C7711049,M,KANPUR,19398.56,9/8/16,214307,30.0
T947138,C7410586,F,PATIALA,71964.27,10/9/16,90022,20943.02
T704767,C5744233,M,NEW DELHI,222673.95,31/8/16,161736,255.0
T874391,C1938139,F,HYDERABAD,17377.46,8/9/16,185735,29.0
T281759,C6711482,M,PILANI,14042.19,11/8/16,151725,121.0
T677343,C1839163,M,SHIMLA,128.1,28/8/16,193902,30.0
T438885,C4533882,F,GURGAON,12662.98,16/8/16,42134,200.0
T344223,C6330758,F,AMRITSAR,224.16,14/8/16,34959,58.0
T798686,C1611149,M,FARIDABAD,5294.18,5/9/16,161927,368.0
T564111,C8123111,M,RUDRAPUR,8100.05,27/8/16,102318,700.0
T728426,C4822414,M,DUBAI,1127892.55,2/9/16,144017,10487.0
T376101,C6922433,F,CHENNAI,110.88,13/8/16,142011,1322.0
T353863,C5788367,M,BASTI,1551.02,14/8/16,143835,65.0
T24468,C5826863,M,GREATER NOIDA,843.56,27/9/16,155543,240.0
T707315,C1529117,M,MUMBAI,56.37,31/8/16,160422,100.0
T12453,C1415722,M,SAS NAGAR,1703.72,22/9/16,22525,151.05
T759902,C4033768,M,DELHI,27.7,1/9/16,165141,350.0
T171026,C5241227,M,GHAZIABAD,8348.11,4/8/16,121653,100.0
T278241,C3622855,M,MOHALI,4449.61,11/8/16,90748,50.0
T898844,C2222362,M,NAVI MUMBAI,13945.64,7/9/16,133101,423.0
T801195,C8265787,M,BANGALORE,28624.99,5/9/16,172103,38.55
T966727,C1016471,F,PUNE CITY WANOWARIE PUNE,18421.6,10/9/16,161243,2300.0
T797048,C1416322,M,HYDERABAD,31865.14,5/9/16,135044,2258.67
T699419,C5532040,M,MUMBAI,12297.02,30/8/16,165616,57.0
T120805,C1523181,M,KOCHI,2.69,6/8/16,153854,98.0
T570626,C7923667,M,SHAMLI,8112.0,27/8/16,1022,39.0
T930932,C4529553,F,AHMEDABAD,116030.66,11/9/16,105231,60.0
T30675,C5770588,M,GREATER NOIDA,16365.47,25/9/16,194434,1700.0
T743060,C3231735,M,KOLKATA,10823.9,2/9/16,190324,3000.0
T1020263,C6920061,F,DELHI,9237.9,13/9/16,212358,350.0
T1022142,C2617525,M,DELHI,94254.54,13/9/16,181400,167.0
T619874,C7322636,F,KOLHAPUR,47881.9,26/8/16,145314,1020.65
T762015,C2822765,M,GURGAON,473840.29,1/9/16,125855,1378.86
T137604,C5627282,M,DELHI,400230.28,5/8/16,144528,1724.41
T599602,C6026990,M,CUTTACK,69322.73,27/8/16,192417,710.0
T552878,C8028981,M,CHENNAI,14446.76,24/8/16,160437,361.0
T772354,C1725674,M,GUNTUR,1369.51,6/9/16,202258,40.0
T514548,C5020943,M,NOIDA,27615.33,24/8/16,14755,2599.0
T119299,C5715626,M,GURGAON,22624.41,6/8/16,145451,240.0
T975173,C2516688,M,AHMEDABAD,13.65,15/9/16,144825,279.74
T773561,C2126792,M,MUMBAI,33542.07,6/9/16,203143,700.0
T1033878,C1415311,M,NEW DELHI,266724.1,13/9/16,80802,1000.0
T790840,C6530384,M,GODDA,13968.07,5/9/16,85805,102.0
T485724,C5013211,M,GURGAON,15406.19,20/8/16,71357,249.0
T913408,C3133461,M,DELHI,307628.28,12/9/16,102052,2000.0
T204642,C3728876,M,PATNA,5567.94,8/8/16,74929,2167.0
T789158,C4617178,M,PUNE,8390.73,5/9/16,30632,149.5
T281856,C6530556,M,CHANDIGARH,6436.07,11/8/16,123301,1000.0
T439940,C1312515,F,JAIPUR,21935.65,16/8/16,120449,6256.48
T746540,C4582447,M,GURGAON,43081.08,1/9/16,212641,542.3
T538726,C3712978,M,MUMBAI,19419.98,24/8/16,182433,30.0
T565596,C5122520,M,MUMBAI,438214.4,27/8/16,102407,0.0
T1045689,C8025474,M,NEW DELHI,61.33,18/9/16,130829,500.0
T334101,C8542825,F,THIRUVANNAMALAI,18922.31,15/8/16,140337,793.0
T150447,C7742870,M,MEERUT,5603.84,5/8/16,185645,300.0
T257730,C1336122,M,BULDHANA,111575.9,12/8/16,113604,1000.0
T814154,C3530267,M,GUWAHATI,5753.64,4/9/16,194413,1790.0
T146565,C5721918,M,JUNAGADH,80798.93,5/8/16,152000,140.0
T58496,C6011577,F,BANGALORE,10662.67,3/8/16,202500,141.0
T769393,C8836192,M,WEST MUMBAI,119.38,1/9/16,51944,50.0
T364205,C5118939,M,SCHOOL CHENNAI,18085.19,14/8/16,191203,950.0
T48074,C1738748,M,MUMBAI,1493702.18,3/8/16,131919,174.0
T567240,C3912511,M,DHANBAD,55186.21,22/8/16,180926,485.0
T124943,C4127460,M,MUMBAI,10701.76,6/8/16,215843,76.0
T801628,C3839121,M,DELHI,80402.18,5/9/16,221219,1500.0
T358922,C2025069,F,SAHAKARA NAGAR BANGALORE,36227.38,14/8/16,205908,527.0
T66104,C3235575,M,BATHINDA,7292.19,2/8/16,125459,1200.0
T301415,C8930315,M,SAMBHAL,5072.67,10/8/16,104249,50.0
T282514,C3123042,M,BANGALORE,232.03,11/8/16,152452,1050.0
T368537,C6812724,F,NEW DELHI,74286.57,13/8/16,93000,1800.7
T637639,C4710984,M,SAKINAKA ANDHERI E MUMBAI,17965.89,29/8/16,113444,8912.0
T679585,C3238448,M,DELHI,162724.57,29/8/16,233512,259.0
T959762,C8036265,M,GORAKHPUR,1427.99,10/9/16,175148,253.0
T215635,C2460772,M,DELHI,7673.84,8/8/16,104755,1570.0
T679156,C6225890,F,ROAD VARTHUR HOBLI BANGALORE,373.69,28/8/16,1516,251.0
T836352,C7421128,F,GHAZIABAD,106214.13,4/9/16,103633,615.17
T1020468,C7314462,F,THANE,12069.87,13/9/16,191012,134.0
T17238,C5730534,M,BHOPAL,276763.95,26/9/16,213158,80.0
T878965,C7434315,M,BANGALORE,9737.0,8/9/16,225733,100.0
T422500,C4625730,M,NASHIK,45.71,17/8/16,114847,10.0
T457118,C5334859,M,BANGALORE,45348.2,21/8/16,115118,1000.0
T865349,C4332444,F,NOIDA,11645.65,8/9/16,133458,453.0
T62175,C3974548,M,BANGALORE,8.7,2/8/16,80259,200.0
T58994,C4714790,M,LUCKNOW,83092.45,3/8/16,202755,1000.0
T455706,C7454961,M,KOLAR,16156.96,16/8/16,184108,20.0
T634877,C3031146,M,NEW DELHI,118604.68,29/8/16,102419,10000.0
T176407,C1120665,M,NEW DELHI,4962.24,4/8/16,230851,184.0
T307822,C1216823,M,NEW DELHI,5138.1,10/8/16,180622,500.0
T533554,C7629025,F,DELHI,7459.42,23/8/16,143243,600.0
T638139,C6424481,M,MOHALI,3321603.4,25/8/16,225335,910.0
T13652,C1710470,M,NEW DELHI,79926.78,22/9/16,120150,20000.0
T916104,C6613626,M,SAHARANPUR,5816.78,12/9/16,184307,50.0
T528497,C4331873,M,JAIPUR,9826.16,24/8/16,113406,49.0
T14292,C8141379,F,CHIKKABALLAPUR DIST,85952.86,26/9/16,192328,862.5
T673135,C5491638,F,GURGAON,240959.75,28/8/16,184521,6208.0
T498923,C1213064,M,THANE,15250.29,20/8/16,210527,302.0
T501547,C6413537,M,BANGALORE,28637.17,19/8/16,121356,8925.0
T254988,C2126073,M,MUMBAI,11012.42,12/8/16,134427,350.0
T435213,C1319923,M,NEW DELHI,278652.44,17/8/16,210531,389.0
T319706,C3988319,M,BASTI,1551.02,10/8/16,203037,115.0
T980703,C6424858,,AHMEDABAD,44974.13,15/9/16,120824,10000.0
T409303,C6578451,F,MUMBAI,23077.24,18/8/16,213744,160.0
T831124,C6325382,M,NEW DELHI,1629378.7,4/9/16,130728,1978.95
T517950,C3727522,F,DELHI,651.92,19/8/16,165138,995.0
T592102,C3513545,M,CHENNAI,139710.09,25/8/16,154359,2000.0
T440344,C8116262,F,MUMBAI,471880.62,16/8/16,142435,1093.0
T545706,C4216168,F,JAMSHEDPUR,344.03,24/8/16,173708,500.0
T948493,C4526539,M,THANE,40924.39,10/9/16,212319,605.0
T861844,C6789691,F,MUMBAI,1617.95,8/9/16,120841,367.2
T215454,C3011376,M,NERUL NODE-3 THANE NAVI MUMBAI,3787.55,8/8/16,163237,1878.05
T854890,C3923663,M,THANE,8453.03,9/9/16,205959,200.0
T45456,C4819556,M,INDORE,30.26,3/8/16,115434,160.0
T490991,C6421820,F,KANGRA,3865.92,20/8/16,141653,50.0
T93235,C3740374,M,BANGALORE,10203.64,22/9/16,140210,182.0
T392410,C7535926,M,CHANDIGARH,66612.38,18/8/16,91100,3034.32
T689400,C4819343,M,MUMBAI,30056.71,30/8/16,190610,1.0
T381976,C1041611,M,DELHI,8173.79,13/8/16,154521,606.9
T958607,C6641623,F,MUMBAI,11361.62,10/9/16,195146,805.0
T838215,C6682822,F,HYDERABAD,481.6,9/9/16,171533,20.0
T576931,C4922729,M,MUMBAI,83906.1,22/8/16,130846,1570.0
T22417,C2618414,M,BANGALORE,51871.54,23/9/16,120939,13116.0
T332454,C8329960,F,ZONE WHITEFIELD BANGALORE,36724.28,15/8/16,151856,2094.0
T2723,C1642951,M,VARANASI,14303.91,21/10/16,155743,25.0
T934869,C6937768,M,GORAKHPUR,6229.67,11/9/16,140506,35.0
T46922,C7846934,F,CHENNAI,26.55,3/8/16,113207,250.0
T739887,C7433518,M,GURGAON,51400.57,2/9/16,212401,2617.0
T147157,C5927221,F,CHENNAI,7641.82,5/8/16,200806,1052.0
T910978,C2140111,M,GURGAON,2452.77,12/9/16,92252,50.0
T932575,C2812173,M,PUNE,12895.42,11/9/16,150200,371.0
T532222,C8229136,M,GURGAON,383.11,23/8/16,213222,303.0
T667943,C7669088,M,NEW DELHI,54483.68,28/8/16,114442,1266.0
T954081,C3524749,M,PALAKKAD,19779.52,10/9/16,192337,1887.83
T197441,C4829958,F,MUMBAI,119047.39,9/8/16,195924,2490.0
T545681,C5988343,F,KOLKATA,17361.34,23/8/16,213731,251.0
T775101,C1212243,F,KOLKATA,7825.13,6/9/16,201526,405.0
T776537,C5051475,F,NEW DELHI,866.06,6/9/16,193904,190.0
T701624,C5113938,M,DEHRADUN,31195.46,30/8/16,1559,1.0
T581305,C1610855,M,CHANDIGARH,176741.55,27/8/16,171420,4393.0
T510217,C6127111,M,NEW DELHI,28446.67,19/8/16,160521,762.0
T39791,C2019976,M,AMRITSAR,328.39,22/9/16,153932,48.0
T21485,C3611668,F,GHAZIABAD,9493.1,23/9/16,193318,125.0
T670962,C7518617,F,NEW DELHI,12779.85,31/8/16,100635,100.0
T102794,C3439078,M,MUMBAI,17153.95,1/8/16,212139,2831.6
T1007113,C2142977,F,GURGAON,501922.29,14/9/16,205122,203.0
T1007026,C4216414,F,STATION SRIRAMPURAM BANGALORE,39267.72,14/9/16,192052,238.0
T313764,C8711611,M,BANGALORE,13827.81,10/8/16,213802,1000.0
T961543,C6511928,M,DELHI,37361.95,10/9/16,181147,1051.59
T701864,C5814049,F,KOLKATA,45224.62,30/8/16,122927,340.0
T981594,C8316480,F,AHMEDABAD,119135.46,15/9/16,173612,207.08
T656001,C4226530,M,BANGALORE,6644.96,28/8/16,172430,2239.39
T438322,C8562241,M,BANGALORE,24000.05,17/8/16,220536,500.0
T356396,C3712034,M,BHARATPUR,6140.06,14/8/16,174340,358.0
T569985,C5130043,F,BANGALORE,105078.34,27/8/16,171111,1495.0
T388195,C8039536,M,PUNE,120.82,13/8/16,175440,270.0
T505403,C1529582,M,MUMBAI,38704.02,20/8/16,224308,483.0
T137918,C7818065,M,MOHALI,146831.59,5/8/16,114506,1200.0
T187416,C5422026,F,GURGAON,57720.95,9/8/16,154523,140.0
T726041,C3031543,F,GURGAON,10320.2,3/9/16,234142,100.0
T436622,C4710875,M,PATNA,151.54,17/8/16,192849,491.0
T161816,C6225523,F,SUNDARGARH,58251.62,5/8/16,213747,3878.83
T499364,C6739539,M,MUMBAI,10487.64,20/8/16,210625,1834.0
T109898,C6625016,M,DEHRADUN,10364.26,6/8/16,64734,1.97
T908960,C6636544,M,DELHI,583.68,12/9/16,133136,30.0
T243087,C6820870,F,MUMBAI,89417.46,12/8/16,11502,310.0
T599430,C6635428,M,GHAZIABAD,6507.89,25/8/16,85327,1000.0
T864568,C5214053,M,ZIRAKPUR,11729.34,8/9/16,103344,510.0
T151152,C6333614,M,KATALAB UTTAR PRADESH LUCKNOW,4761.85,5/8/16,185207,215.0
T368760,C5730763,M,MADURAI,30684.95,13/8/16,104936,399.0
T841918,C1336467,M,MUMBAI,99861.75,4/9/16,11658,2420.0
T417049,C6011827,F,ALIGARH,12105.71,17/8/16,912,150.0
T981175,C4226244,M,TRICHY,1253.83,15/9/16,105832,49.0
T805995,C7014561,M,MUMBAI,213236.32,4/9/16,213444,187.0
T222017,C2031046,M,DOMBIVALI EAST THANE,24861.4,8/8/16,212618,150.0
T215787,C6315662,M,ARIYALUR DISTRICT,3478.6,8/8/16,181858,468.0
T796392,C2924616,M,AGRA,33136.62,5/9/16,144457,1050.0
T502056,C4632169,F,DELHI,156697.87,19/8/16,122105,4400.0
T1035275,C4036853,F,NEW DELHI,4933.58,18/9/16,164140,284.0
T598723,C1826426,M,MUMBAI,65450.2,27/8/16,202119,1420.0
T165502,C3214465,M,DELHI,21836.18,4/8/16,163555,1000.0
T819090,C2534730,M,CHENNAI,602.25,4/9/16,194642,399.0
T242157,C7326058,M,CHENNAI,14401.16,7/8/16,154819,1460.0
T629456,C5331676,M,NOIDA,1129990.31,29/8/16,152443,2106.0
T850490,C8338541,M,NASHIK,3663.22,9/9/16,190452,3681.0
T496600,C7936088,M,PUNE,54562.27,20/8/16,161502,2300.0
T839547,C2634757,M,BANGALORE,38116.34,9/9/16,171207,810.21
T874710,C9016812,M,MUMBAI,35991.7,8/9/16,211352,370.0
T974939,C8413637,F,THANE,6451.64,10/9/16,101537,397.0
T442686,C5218776,M,DOMBIVALI WEST VISHNUNAGAR THANE,71767.91,16/8/16,122015,10.0
T941117,C7036143,M,NEW DELHI,3954.79,11/9/16,192520,500.0
T341399,C1338453,F,MANDLA,93.08,15/8/16,202158,3752.55
T566915,C2237081,F,LUDHIANA,8842.13,27/8/16,143904,189.0
T174874,C8228667,M,HYDERABAD,18625.64,4/8/16,192011,394.0
T92908,C8325487,M,GHAZIABAD DISTT GHAZIABAD,54959.41,22/9/16,161421,476.31
T472176,C4728181,M,NEW DELHI,73.38,21/8/16,223738,1000.0
T210269,C6720976,M,COMPOUND BYCULLA MUMBAI,81863.96,3/9/16,141036,3000.0
T559982,C2637450,M,CHARODA,1212467.61,27/8/16,101315,177.0
T12538,C3955754,M,NORTH 24 PARAGANAS,8314.22,25/9/16,221717,175.0
T826573,C8117881,M,GURGAON,2923.45,4/9/16,143828,200.0
T361785,C8432377,M,STAGE BANGALORE,280345.78,13/8/16,3011,1027.76
T728229,C2715967,M,SRI MUKTSAR SAHIB,493338.46,2/9/16,142531,120.0
T796168,C1439827,M,MUMBAI,7567.79,5/9/16,135312,1000.0
T728101,C7037212,M,GANDHINAGAR,12911.4,2/9/16,74827,500.0
T785061,C7228756,M,FARIDABAD,60198.84,6/9/16,105801,250.0
T896111,C4217138,M,NEW DELHI,301604.98,7/9/16,125952,3559.0
T881419,C7533217,M,CHENNAI,145566.52,8/9/16,133830,30.98
T174059,C3029067,M,KOLKATA,17041.36,4/8/16,191017,132.0
T900166,C6034031,F,DHARUHERA,67368.05,12/9/16,165816,7600.0
T967926,C5421123,F,VELIM SALCETE,10912.16,10/9/16,123927,606.9
T348993,C3128972,F,INDORE,2501.06,14/8/16,102422,83.0
T81919,C4935412,F,ZIRAKPUR,250.37,1/8/16,10207,98.0
T379236,C6816328,M,PANIPAT,283.89,13/8/16,130311,200.0
T996953,C1068546,F,NEW DELHI,14281.11,14/9/16,73401,50.0
T930165,C3925971,F,MUMBAI,29.65,11/9/16,111836,1045.0
T66972,C1923460,M,DELHI,56.7,2/8/16,110856,100.0
T664685,C1516437,M,MUMBAI,1859.36,28/8/16,172847,1409.0
T574493,C5320750,F,GURGAON,82260.85,22/8/16,231013,3838.0
T80382,C3223037,M,KALYANI NAGAR PUNE,3934.64,2/8/16,224651,180.0
T735847,C6928457,M,DELHI,593.57,2/9/16,153105,869.0
T205651,C7633459,M,KOLHAPUR,13864.03,8/8/16,133330,4923.0
T895034,C8114957,M,NOIDA,9484.74,7/9/16,114604,210.0
T949762,C5924738,F,MUMBAI,7604.9,10/9/16,220500,1050.0
T312590,C8226843,M,GURGAON,45545.01,10/8/16,201010,1200.0
T622452,C8020247,M,NOIDA,67.48,29/8/16,213006,219.0
T661848,C2593787,F,DELHI,3280.73,31/8/16,120159,240.0
T789375,C3469772,M,K V RANGAREDDY,227.56,5/9/16,12412,1796.99
T399592,C5132840,M,SINDHUDURG,3228.86,18/8/16,113006,99.0
T904197,C4126055,M,KOLKATA,7454.36,12/9/16,162453,202.0
T466171,C5423590,F,NORTH 24 PARGANAS,318150.39,21/8/16,123421,1080.0
T172285,C2627875,M,VAISHALI GHAZIABAD,48130.28,9/8/16,55637,208.0
T797188,C2818650,M,THANE MUMBAI,16855.12,5/9/16,113722,445.0
T479518,C8225863,M,PUNE,3749.62,21/8/16,203942,11.0
T690263,C7830587,F,MUMBAI,27881.07,30/8/16,183059,160.0
T625028,C8236419,M,NEW DELHI,47718.22,25/8/16,193632,2000.0
T903485,C8027553,M,PANCHKULA,15179.58,12/9/16,162840,222.0
T264045,C5824460,M,MUMBAI,17921.92,12/8/16,152454,50.0
T26384,C5625640,M,BILASPUR,449068.76,27/9/16,175551,27747.0
T894396,C4942689,M,MEERUT,128845.63,7/9/16,132526,6233.0
T1035390,C7825378,M,HYDERABAD,3122.43,13/9/16,23759,50.0
T316643,C4016168,M,NEW DELHI,2930.69,10/8/16,183959,6210.0
T736110,C2412523,F,NEW DELHI,415788.23,2/9/16,180713,450.0
T177677,C7612172,F,NEW DELHI,686.26,9/8/16,110720,150.0
T329462,C4816878,M,CHENNAI,7671.01,15/8/16,131744,680.0
T455241,C6999816,M,ANANTAPUR,10934.09,16/8/16,220205,50.0
T931549,C2539979,M,COIMBATORE,37627.15,11/9/16,151830,1721.0
T126206,C8529881,F,MUMBAI,198744.31,6/8/16,183514,100.0
T434887,C2481438,F,MUMBAI,19807.22,17/8/16,204209,1100.0
T1023120,C6413868,F,DELHI,31990.76,13/9/16,191037,1425.0
T49742,C2216746,F,K V RANGAREDDY,55313.33,3/8/16,144850,1368.16
T900571,C7977822,M,KASHIPUR,15677.93,7/9/16,1543,999.0
T707823,C5616542,M,NOIDA,53238.98,31/8/16,181217,549.0
T427587,C2713874,M,THANE,606.8,17/8/16,152448,1420.0
T752081,C2634734,M,BOISAR,67556.54,2/9/16,220854,885.0
T1036913,C1428481,M,MUMBAI,7693.17,18/9/16,155647,371.0
T771263,C4530389,F,MUMBAI,41205.42,6/9/16,191853,845.0
T587726,C4925790,M,BANGALORE,7280.39,23/8/16,165522,500.0
T211502,C2422068,F,MUMBAI,52062.92,8/8/16,133349,831.0
T723048,C4366331,M,NOIDA,2.92,2/9/16,411,200.0
T223723,C1941751,M,MUMBAI,65049.79,8/8/16,215405,705.0
T250995,C2821957,F,NAVI MUMBAI,2808.51,12/8/16,2553,584.0
T476889,C3228475,F,BANGALORE,22148.31,21/8/16,193444,153.0
T331129,C2121378,F,GHAZIABAD,399349.49,15/8/16,175435,600.0
T427257,C4333123,F,DELHI,4806.75,17/8/16,172739,500.0
T310893,C3825390,M,NEW DELHI,2086.99,10/8/16,192935,50.0
T847453,C2115311,M,NOIDA,380094.06,9/9/16,105839,735.54
T365646,C8975552,M,KOLKATA,3773.59,14/8/16,204153,1976.0
T649607,C5723830,M,KANPUR,1095.78,29/8/16,2356,10.0
T253343,C1151170,F,GURGAON,173000.45,12/8/16,14833,662.0
T824899,C3316148,M,NAVI MUMBAI,13.19,4/9/16,135912,475.0
T824718,C7326661,M,DELHI,12779.46,4/9/16,165150,1836.0
T575704,C3698230,F,DELHI,11103.77,27/8/16,123142,200.0
T775795,C9027750,M,NEW DELHI,35.82,6/9/16,191447,76.3
T351713,C6150438,F,BANGALORE,19523.19,14/8/16,165021,7267.0
T691743,C7613986,M,BHINMAL,16866.07,31/8/16,214253,2766.8
T947396,C2486528,F,MUMBAI,550850.93,10/9/16,210555,4575.0
T404347,C5873527,M,MUMBAI,210613.39,18/8/16,132028,2718.0
T961373,C8133217,M,FARIDABAD,30071.04,10/9/16,181603,4006.0
T956162,C7233362,F,MUMBAI,56552.18,10/9/16,181601,790.0
T680257,C6716218,F,NEW DELHI,1024633.57,30/8/16,224512,5570.0
T601727,C4437457,M,GURGAON,10840.2,26/8/16,204716,758.0
T782372,C8222969,M,DELHI,13405.8,6/9/16,133005,4999.0
T178564,C5089381,M,BANGALORE,501.1,9/8/16,104943,1338.0
T644919,C2387748,M,DURG,17382.21,25/8/16,194721,3550.0
T52279,C4333726,M,THANE WEST,150750.67,3/8/16,180625,1984.25
T554891,C3740950,M,NOIDA,3591.18,23/8/16,122509,2000.0
T215010,C2340430,F,PALI HILL BANDRA W MUMBAI,11900.32,8/8/16,181458,810.0
T532507,C3216255,M,PANIPAT,45.74,22/8/16,115,2205.0
T149424,C4228145,F,NEW DELHI,48967.03,5/8/16,190443,20000.0
T74001,C2224413,M,HYDERABAD,24343.5,2/8/16,175154,1.0
T863031,C7526920,M,JIND,66614.8,8/9/16,104415,200.0
T1008103,C2927157,M,GURGAON,11587.48,13/9/16,235633,1080.0
T393799,C2526147,M,GURGAON,7655.17,13/8/16,193211,120.0
T156872,C4335256,M,PARK MAHAPE NAVI MUMBAI,3500.56,3/9/16,152235,625.0
T305587,C5386940,M,NEW DELHI,37415.97,10/8/16,125158,1400.0
T312326,C6824351,M,BANGALORE,61988.41,10/8/16,201056,119.0
T620996,C8742323,M,DELHI,36700.23,25/8/16,164447,744.39
T199113,C2229940,F,KOLKATA,464300.9,9/8/16,214249,1000.0
T361212,C4464121,M,KOLKATA,30928.99,14/8/16,175455,241.0
T434588,C2536344,F,SANT RAVIDAS NAGAR,0.19,17/8/16,213459,10.0
T233460,C8919885,M,MUMBAI,10622.15,7/8/16,172753,410.0
T342281,C1134153,F,BANGALORE,5030.46,15/8/16,204710,779.0
T516200,C1619964,F,MUMBAI,3000.14,19/8/16,170908,2950.0
T726251,C7313620,M,BAREILLY,112.04,3/9/16,235750,96.0
T894783,C8112342,F,THANE,4587.93,7/9/16,121235,220.0
T627403,C4521576,M,SONBHADRA,22863.48,29/8/16,181306,60.0
T932730,C4224154,F,DELHI,32288.59,11/9/16,170116,450.0
T582442,C6130915,M,GURGAON,19966.73,22/8/16,203653,170.0
T680263,C7728989,F,JALGAON,53.69,30/8/16,231723,44.0
T491408,C3133937,F,KARAMSAD,4845.01,20/8/16,201104,30.0
T316699,C6919312,M,INDORE,0.48,15/8/16,4240,80.0
T417611,C3719466,M,NEW DELHI,22148.93,17/8/16,2205,2371.65
T148861,C3628458,M,LUDHIANA,563135.41,5/8/16,185146,500.0
T86186,C8128091,F,NOIDA,33752.74,1/8/16,90326,95.0
T606990,C3728671,M,SRIKAKULAM,5546.16,25/8/16,102905,300.0
T951308,C6739816,M,DELHI,4647.91,11/9/16,224600,344.0
T550696,C7641057,F,PANCHKULA,47638.29,23/8/16,192817,1512.75
T959463,C6219256,M,NOIDA,60050.82,10/9/16,140454,150.0
T990946,C8532790,M,NOIDA,317537.63,14/9/16,101905,1000.0
T454918,C1113132,M,SARAN,3.85,16/8/16,212909,10.0
T338196,C1826889,F,GURGAON,4246.24,15/8/16,190423,100.0
T774687,C1698138,M,AMRELI,58.59,6/9/16,204301,155.0
T506972,C5823915,M,KOTTAYAM,12885.13,20/8/16,212907,240.56
T373223,C2716225,F,MUMBAI,44218.56,13/8/16,115228,1148.0
T892761,C1519440,M,BANGALORE,10123.33,7/9/16,143347,350.0
T913799,C6714166,M,GHAZIABAD,1030.94,12/9/16,183153,429.49
T913910,C8625618,M,NEW DELHI,16267.41,12/9/16,105954,1020.0
T710592,C3531435,M,AZAMGARH,1329.14,3/9/16,10726,10.0
T22665,C7731416,M,NEW DELHI,9427.19,23/9/16,124235,12943.24
T606443,C2333377,M,JAIPUR,5683.46,25/8/16,113933,2528.75
T914032,C5241047,M,MALLESHWARAM W BANGALORE,981997.89,12/9/16,141722,60.4
T832750,C2856256,F,NEW DELHI,272058.12,4/9/16,102548,1698.0
T94840,C6421846,F,THANE,103293.77,1/8/16,132850,225.0
T825825,C7110590,F,BHARUCH,23870.98,4/9/16,151848,1899.0
T79884,C4038418,M,VAPI,13894.64,2/8/16,145644,247.0
T899801,C3933735,M,DELHI,23783.09,12/9/16,171130,50.0
T170427,C9033186,M,HYDERABAD,1392.75,4/8/16,181545,390.0
T1040868,C3136967,M,ADILABAD,42370.97,18/9/16,130748,286.36
T457966,C3511244,M,VAN UDYAN MUMBAI,138849.31,21/8/16,113043,998.0
T884714,C6030523,M,NEW DELHI,41029.32,7/9/16,141733,25.5
T760563,C7412135,M,DELHI,1012.83,1/9/16,150150,1190.0
T67899,C3772139,F,GUNTUR,86037.46,2/8/16,133007,462.65
T821314,C8624568,M,DELHI,7586.62,4/9/16,183754,224.0
T987816,C6440415,M,ROPAR,8013.87,15/9/16,122846,100.0
T831307,C8737790,M,TIWRI VASAI EAST,1640.33,4/9/16,115113,100.0
T1010989,C1318680,M,LUDHIANA,98.21,14/9/16,204643,1310.0
T338014,C4626582,M,GHAZIABAD,13228.75,15/8/16,213528,224.0
T880935,C1828637,M,JAIPUR,13252.13,7/9/16,213138,350.0
T621224,C9027016,M,KURNOOL,5781.25,25/8/16,151214,500.0
T910352,C6213818,M,DELHI,6932.71,12/9/16,113214,107.24
T517039,C8126361,M,BANGALORE,6.42,24/8/16,70808,100.0
T292622,C6731252,M,NEW DELHI,5574.4,11/8/16,234534,550.12
T799739,C6428423,M,JAMUI,15460.58,5/9/16,162723,147.0
T190757,C2936012,M,NOIDA,53291.17,9/8/16,173805,290.0
T542073,C7532129,M,NEW DELHI,10939.09,22/8/16,95402,1000.0
T423297,C4115261,M,NOIDA,30469.01,17/8/16,90356,20.0
T676301,C5735415,M,GAUTAM BUDH NAGAR,28550.79,31/8/16,191018,827.0
T515534,C6236139,F,BANGALORE,131537.76,19/8/16,163445,800.0
T453974,C3683883,M,MUMBAI,2798.03,16/8/16,183747,100.86
T164352,C7936914,M,RAJPURA,8730.96,4/8/16,121051,950.0
T408021,C2927042,F,DELHI,91265.45,18/8/16,181235,459.0
T725928,C6126678,M,NEW DELHI,53079.91,2/9/16,102204,950.0
T270709,C3240067,M,PARBHANI,60.8,12/8/16,220242,100.0
T360465,C5716780,M,MUMBAI,16841.95,14/8/16,164846,1165.0
T912535,C1018578,F,GURGAON,203927.4,12/9/16,184913,243.0
T199001,C4519220,M,BANGALORE,31443.84,8/8/16,4702,140.0
T861854,C8839579,M,PUNE,23374.7,8/9/16,95900,1666.0
T1028487,C6024332,M,KOTRI,5411.38,13/9/16,114302,300.0
T842702,C2739740,F,BANGALORE,4941.29,9/9/16,141321,1082.0
T818796,C6516144,M,MUMBAI,7573.9,4/9/16,194204,2991.81
T280081,C8223034,M,BANGALORE,904980.16,11/8/16,92326,213.95
T920509,C3229887,M,CHANDIGARH,1086.66,11/9/16,91520,390.0
T212022,C2442065,M,BANGALORE,21340.05,8/8/16,150351,1299.0
T743275,C2973632,F,AMARAVATI,6414.02,2/9/16,212201,50.0
T206038,C7232826,M,KARNAL,1423.05,8/8/16,170720,1967.41
T699557,C8135492,F,DELHI,19786.7,30/8/16,102908,100.0
T912550,C3722483,F,DHANBAD,112837.76,12/9/16,90213,297.0
T964075,C7310612,M,BURHANPUR,5440.55,10/9/16,125343,8650.0
T88412,C1515378,M,PUNE,78.84,1/8/16,133214,30.0
T503158,C5730645,F,JALANDHAR,47.42,19/8/16,102326,196.0
T463911,C3113730,M,BHIWADI,18466.08,21/8/16,163554,263.0
T841508,C2727967,M,MUMBAI,140.15,9/9/16,174958,293.0
T1005910,C4438061,F,AHMEDABAD,13229.19,14/9/16,210048,606.9
T740530,C1914536,F,GURGAON,54676.08,2/9/16,195142,110.0
T759979,C2915878,M,ALWAR,32319.7,1/9/16,155830,275.0
T561512,C3716542,F,KOLKATA,449815.5,27/8/16,102358,2180.47
T10465,C7939876,M,HOSHIARPUR,10046.77,25/9/16,221554,47.0
T208905,C8441265,M,BANGALORE,70.24,3/9/16,130910,100.0
T144618,C6219190,M,GANGTOK,9244.6,5/8/16,162600,30.0
T859583,C6992335,F,DELHI,102842.16,8/9/16,100150,510.0
T752092,C6542257,M,BANGALORE,20217.22,2/9/16,221009,390.0
T292471,C2418083,M,PANVEL,33683.88,11/8/16,185040,50.0
T626655,C3080874,M,LUDHIANA,135335.05,29/8/16,194017,235.0
T564442,C5161044,M,HYDERABAD,35567.73,27/8/16,153020,1262.91
T180516,C5099864,M,BANGALORE,96063.46,9/8/16,40002,400.0
T1015241,C8521232,M,SIKAR,2992.54,13/9/16,193722,200.0
T392362,C5651713,M,MUMBAI,21032.33,13/8/16,192706,700.0
T380426,C5526219,M,BANUR,56094.61,13/8/16,133349,1000.0
T139436,C2736656,F,CHANDIGARH,6321.66,5/8/16,151323,194.0
T842315,C4538287,M,RAIPUR,127279.34,9/9/16,165424,1935.0
T66400,C7440152,M,DELHI,54118.75,2/8/16,121106,1590.53
T1039824,C1023551,M,NAVIMUMBAI,5941.62,18/9/16,171413,150.0
T221339,C8231979,M,BANGALORE,14872.37,8/8/16,195317,1206.0
T500004,C7128881,M,PUNE,18581.04,20/8/16,200820,400.0
T798784,C3949882,F,CHHINDWARA,42909.8,5/9/16,170954,798.92
T297613,C2038173,M,NEW DELHI,61656.77,10/8/16,62002,67.0
T706543,C5938532,M,UJJAIN,1565.17,31/8/16,173001,525.0
T1017402,C5444474,M,THANE W,221.25,13/9/16,191621,105.0
T989051,C7019691,M,GURGAON,235603.79,15/9/16,224839,12748.0
T720210,C2922958,M,BHIWANI,74566.61,3/9/16,215155,50.0
T847533,C3234045,M,GUNTUR,4338.32,9/9/16,70025,97.0
T709106,C3624747,M,GURGAON,14910.49,3/9/16,246,410.0
T554952,C6235520,M,EAST GODAVARI,6.96,24/8/16,155919,100.0
T419826,C3994217,M,BHAVNAGAR,10238.63,17/8/16,102203,300.0
T427930,C3121067,M,NEW DELHI,59991.58,17/8/16,151303,520.0
T868014,C8021722,F,GURGAON,28303.42,8/9/16,150158,2000.0
T496859,C8723865,F,GHAZIABAD,8663.81,20/8/16,174442,1599.67
T118796,C4894446,M,JAIPUR,151201.88,6/8/16,153003,100.0
T777769,C1830684,M,BANGALORE,17538.71,6/9/16,170135,1154.0
T588689,C5313466,M,CHENNAI,351880.66,27/8/16,203527,150.0
T476937,C3637455,M,DELHI,114051.74,21/8/16,180708,1320.0
T260512,C7180938,F,GURGAON,6327.57,12/8/16,141235,352.0
T415096,C1611783,M,GONDIYA,370.39,17/8/16,55023,189.0
T508582,C4310136,M,HYDERABAD,3752.74,19/8/16,62814,6200.0
T17328,C3525348,M,GURGAON,577313.02,26/9/16,161535,11162.0
T97500,C7638973,M,GREATER NOIDA,16173.29,1/8/16,171321,6716.88
T431880,C4138592,F,CHANDIGARH,318772.6,17/8/16,180938,1698.0
T936516,C5428325,F,BANGALORE,25810.99,11/9/16,182454,499.0
T858266,C4314532,M,BHUJ,481.47,8/9/16,5252,748.0
T640492,C5128677,M,DELHI,291353.34,25/8/16,234019,500.0
T673835,C6219439,M,MUMBAI,97173.06,28/8/16,194807,343.0
T335997,C5833214,M,MANALI,73010.48,14/8/16,61005,550.0
T3538,C5133213,M,NOIDA,105922.41,21/10/16,163226,2250.0
T517706,C7227089,M,NEW DELHI,170001.01,19/8/16,180243,478.0
T218760,C4833735,M,JAMNAGAR,1008.59,8/8/16,194841,40.0
T101945,C6713130,M,BANGALORE,617.85,1/8/16,174300,2000.0
T885749,C1253573,M,GURGAON,8125.39,7/9/16,192613,300.0
T998717,C2727145,M,CHANDIGARH,69289.51,14/9/16,132953,878.0
T865176,C4546725,M,NOIDA,46779.95,8/9/16,135742,550.0
T816649,C6510017,M,GHAZIABAD,1584.18,4/9/16,165033,199.0
T324759,C2137371,M,JHANSI,368.53,15/8/16,151343,1866.0
T8868,C6541860,M,DELHI,10497.55,25/9/16,213746,1883.0
T427715,C4913278,F,UJJAIN,102837.49,17/8/16,181119,189.0
T12368,C8023131,F,DELHI,13145.09,27/9/16,160659,100.0
T749973,C7738323,M,GURGAON,84348.94,2/9/16,222244,1000.0
T95549,C1435671,M,MUMBAI,42723.91,1/8/16,132933,658.0
T181146,C4124740,M,RUPNAGAR,3556.41,9/8/16,91230,100.0
T798678,C2428946,F,TRIVANDRUM,13334.94,5/9/16,180350,500.0
T978838,C6137672,M,KRISHNAGIRI,22664.61,15/9/16,130704,158.0
T931229,C3730635,M,GHAZIABAD,11061.88,11/9/16,121814,100.0
T525856,C8425945,M,GURGAON,246918.34,19/8/16,221340,3315.0
T338853,C1539290,M,GHAZIABAD,97399.74,15/8/16,222009,1677.0
T613463,C1679511,M,DELHI,473358.78,26/8/16,105921,500.0
T712767,C3817259,M,NAVI MUMBAI,95844.09,3/9/16,173017,368.0
T334356,C6242841,M,ANDHERI EAST MUMBAI,1466.01,15/8/16,170921,905.0
T361711,C6029029,M,DELHI,42261.58,14/8/16,233023,1025.0
T723434,C4815164,M,BANGALORE,163913.63,3/9/16,235436,470.0
T627644,C2017383,M,JAIPUR,92324.95,25/8/16,173039,325.0
T154381,C8720316,F,BANGALORE,89293.84,5/8/16,195651,1759.0
T958232,C4235125,F,HYDERABAD,280043.19,10/9/16,210352,299.0
T937699,C2511263,F,BILASPUR,14688.2,11/9/16,191217,175.0
T716233,C4118054,M,BANGALORE,9121.97,3/9/16,190822,200.0
T839416,C6925340,M,JAIPUR,94291.85,9/9/16,154002,189.0
T494903,C4973483,M,MUMBAI,1756.68,20/8/16,203956,1376.0
T581192,C5612126,M,RUDRAPUR,4.45,27/8/16,122924,18000.0
T388820,C7247332,M,MUMBAI,82.45,13/8/16,195248,3397.63
T148813,C5840964,M,MUMBAI,31155.02,5/8/16,222222,8250.13
T652632,C5818830,F,NAVI MUMBAI,6782.27,31/8/16,120627,2532.89
T118323,C6635037,M,BANGALORE,556.44,6/8/16,154948,354.67
T527589,C1223225,M,PANIPAT,14184.43,24/8/16,202425,50.0
T137843,C6722034,F,ZIRAKPUR,549793.59,5/8/16,143228,1000.0
T28847,C7813248,M,OSMANABAD,4837.03,25/9/16,183509,2691.43
T185418,C1526755,F,FARIDABAD,62209.55,9/8/16,130750,24.0
T980395,C4873778,M,MUMBAI,,15/9/16,122153,200.0
T1020317,C4841515,M,UNA,23571.53,13/9/16,170802,2750.0
T137390,C8738477,M,NEW DELHI,135855.71,5/8/16,153428,476.0
T747821,C1191534,F,NOIDA,5458642.14,2/9/16,232600,1289.0
T985041,C2713616,F,VADODARA,996350.51,15/9/16,200924,2689.0
T407505,C2213765,M,MUMBAI,4370.51,18/8/16,210522,1000.0
T166586,C3412752,F,CHENNAI,9150.7,4/8/16,152724,130.0
T681153,C1941714,F,MUMBAI,43083.34,31/8/16,214104,1178.07
T517527,C3037969,M,THANE,61907.49,19/8/16,213600,412.97
T119627,C5712669,M,NEW DELHI,54331.53,6/8/16,152957,682.52
T123897,C7677544,M,BANGALORE,91128.31,6/8/16,175221,315.44
T476562,C1357187,M,CHENNAI,29241.44,20/8/16,83013,45.0
T242747,C1410464,M,MUMBAI,244598.86,7/8/16,142423,350.0
T23466,C6427749,M,PUNE,11232.29,26/9/16,161229,441.0
T75971,C6312615,M,COIMBATORE,197.58,2/8/16,184740,499.0
T292290,C6375059,M,NALAGARH,27138.92,11/8/16,185842,1616.0
T469168,C4541992,M,PUNE,36068.01,21/8/16,131332,299.0
T31328,C2425123,F,MUMBAI,3135.07,26/9/16,135514,2150.0
T628021,C6193366,M,GREATER NOIDA,5934.14,29/8/16,152140,220.0
T119939,C5922674,M,MORADABAD,9926.99,6/8/16,190439,100.0
T82412,C1423682,F,SOUTH 24 PARGANAS,45675.13,2/8/16,214146,167.0
T292424,C8424187,F,NOIDA,2991.59,11/8/16,211028,99.0
T773947,C1470353,F,NEW DELHI,6047.18,6/9/16,191555,2246.5
T40563,C1330383,F,BHUJKUTCH,190495.68,27/9/16,202505,1680.0
T146971,C2827073,F,GURGAON,7676.7,5/8/16,193819,699.0
T190016,C6428490,F,NEW DELHI,4651.2,9/8/16,171105,1800.0
T542587,C4022649,M,NEW DELHI,70554.95,23/8/16,213201,1206.0
T506361,C6221134,M,PATIALA,8341.43,19/8/16,144535,100.0
T199426,C2411635,M,NEW DELHI,76243.98,9/8/16,214842,1307.51
T16248,C3929232,M,RANCHI,1325597.4,26/9/16,193429,6669.24
T965991,C6938452,F,FARIDABAD,287384.32,10/9/16,122918,4598.0
T279431,C3441056,F,DAMAN,117964.28,11/8/16,114917,1008.5
T866852,C6737262,F,BANGALORE,54843.8,8/9/16,165213,365.0
T87957,C5740536,M,KOTA,5119.71,1/8/16,114124,58.0
T970017,C1718260,M,BANGALORE,12567.3,10/9/16,90109,47.0
T591833,C8118057,M,MUMBAI,22287.92,27/8/16,221241,1238.0
T686345,C9030346,M,FIROZABAD,25603.6,31/8/16,214413,24.0
T135303,C3913768,M,GURGAON,10340.63,6/8/16,213723,78.0
T407550,C6437028,M,DOMBIVALI E THANE,2150.51,18/8/16,121311,20.0
T790258,C1110741,M,NEW MUMBAI,453.34,5/9/16,15221,50.0
T21630,C3038287,M,SHILLLONG,10677.64,23/9/16,112315,28.0
T655826,C3726480,M,KANGRA,7849.88,28/8/16,213204,1722.35
T902430,C3439924,M,DODDAMMA MARAMMA TEMPLE BANGALORE,2234.23,7/9/16,64145,500.0
T438137,C8124930,F,MUMBAI,31361.3,17/8/16,221927,1414.0
T34192,C4727768,M,DELHI,321.13,25/9/16,194552,658.0
T766108,C3099341,M,SILIGURI,29017.0,1/9/16,103638,200.0
T416728,C5939449,F,MUMBAI,18972.71,17/8/16,2955,204.0
T760642,C1823053,F,BANGALORE,96076.2,1/9/16,164754,2149.0
T225899,C9017268,M,ADILABAD,17.22,8/8/16,130223,50.0
T182265,C9032824,M,BARNALA,6430.79,9/8/16,94705,606.9
T37207,C1623168,M,THRISSUR,39410.56,30/9/16,201206,179.0
T760713,C4428442,F,KARUR,854.21,1/9/16,150202,3410.0
T170896,C7729515,F,GURGAON,28590.48,4/8/16,191051,1299.0
T537225,C5926829,M,MUMBAI,43128.99,23/8/16,205526,3996.0
T688397,C4325734,M,NANGAL,75006.15,30/8/16,235903,110.0
T5657,C3836127,F,NEW DELHI,40935.19,22/9/16,74304,200.0
T939500,C8931677,M,GHAZIABAD,82380.93,11/9/16,190448,1658.0
T821166,C3021446,M,RANGAREDDI HYDERABAD,1275.3,4/9/16,165119,199.0
T401809,C7329049,M,SECUNDERABAD BOLARUM HYDERABAD,44311.65,18/8/16,95818,2746.0
T853584,C6639768,M,GURGAON,641.46,9/9/16,224508,300.0
T505636,C7840120,M,MUMBAI,30861.81,20/8/16,220019,3124.0
T768635,C7013258,M,KHARAR,175.73,1/9/16,84935,33.0
T360383,C4923920,F,BANGALORE,814.71,14/8/16,124418,10.19
T520705,C3823183,M,GREATER NOIDA,15092.19,24/8/16,81148,44.0
T929552,C6495432,F,MUMBAI,19563.33,11/9/16,160101,2775.0
T455578,C2623664,M,AHMEDABAD,949076.5,16/8/16,223135,1000.0
T642057,C4926445,M,PANCHKULA,7209.14,25/8/16,204948,363.0
T612305,C1938953,M,MUMBAI,349.11,26/8/16,221331,810.0
T858545,C5916583,M,CHANDIGARH,41860.23,8/9/16,91648,325.0
T1047322,C2527965,F,NEW DELHI,19574.64,18/9/16,190040,385.0
T944933,C4020647,F,DELHI,70956.09,11/9/16,210611,526.0
T477930,C6733766,F,HYDERABAD,5886.35,20/8/16,95850,30.0
T91266,C1912473,M,DELHI,32092.3,22/9/16,143551,5793.0
T384303,C7616115,M,MUMBAI,954736.95,13/8/16,160424,1676.07
T664530,C1834375,M,VIJAYAWADA,11844.21,28/8/16,163359,2472.0
T403985,C8942671,M,DOMBIVALI,25896.74,18/8/16,142230,100.0
T458870,C1255261,F,DELHI,30109.84,21/8/16,14948,991.0
T505381,C7038651,M,CHENNAI,1367.22,19/8/16,102350,230.0
T988979,C5730858,M,NOIDA,7568.32,15/9/16,193650,305.0
T30186,C7218074,M,NEW DELHI,2866.15,25/9/16,213942,189.0
T297878,C5324742,M,NEW DELHI,28.25,11/8/16,225831,400.0
T945270,C6390333,M,HYDERABAD,21492.21,11/9/16,205340,110.0
T813424,C5534839,F,GURGAON,2155.47,5/9/16,214212,50.0
T76595,C1739249,M,SINGAPORE,232573.44,2/8/16,230640,35466.0
T394684,C1617966,F,KOLKATA,25388.44,13/8/16,212149,3800.0
T825864,C2229679,F,SAMBHAL,58125.63,4/9/16,135117,299.0
T968007,C6252938,F,GURGAON,11009.51,10/9/16,90824,50.0
T989814,C6241066,F,BALOTRA,6021.72,15/9/16,85827,500.0
T901162,C2410764,M,PHURSUNGI PUNE,17499.87,7/9/16,618,370.0
T261845,C3322721,M,DAUSA,6991.02,12/8/16,142947,10000.0
T324038,C4013566,M,MANALI,18417.56,15/8/16,92528,809.2
T182695,C7830732,M,LUCKNOW,88358.86,9/8/16,121907,10000.0
T432097,C3613261,M,BANGALORE,7538.44,17/8/16,193325,154.0
T91382,C3419972,F,KHAMMAM,6168.81,22/9/16,131431,29.0
T9373,C5736150,M,PANCHKULA,6220.12,25/9/16,203748,680.0
T747924,C6196266,M,HUBLI,21177.17,2/9/16,215839,59.0
T195159,C5811583,F,CHANDAULI,41839.3,8/8/16,90537,2850.0
T564078,C6342740,F,ALWAR,537529.71,27/8/16,163855,10490.0
T40872,C6131367,F,DELHI,2698.48,22/9/16,160334,115.0
T40119,C8718876,M,NAGPUR,1619.38,27/9/16,191725,150.0
T670161,C2942358,F,NOIDA,8951.33,28/8/16,161057,1602.0
T42419,C5337090,M,KORAPUT,1481.88,3/8/16,90052,25.0
T605641,C3425612,M,DIBRUGARH,4138.66,25/8/16,85521,70.0
T585655,C1187479,F,BHINMAL,1.77,22/8/16,224722,91.0
T681732,C5523518,M,KALYAN WEST,40413.56,28/8/16,133047,1488.8
T749430,C1137880,F,OTTAPALAM,26645.71,1/9/16,204922,192.0
T444660,C9030057,M,VADODARA,13.53,16/8/16,173442,1510.0
T754299,C2625042,M,MUMBAI,108243.03,1/9/16,194124,50.0
T555,C6835078,F,IDUKKI,2759.06,21/10/16,212801,23.0
T13697,C8221864,M,BHILAI,39555.97,25/9/16,220642,196.65
T690424,C5430886,M,MULUND EAST,14510.38,31/8/16,215428,326.0
T793738,C3817953,M,MUMBAI,59079.92,5/9/16,110538,247.0
T322149,C2717811,M,MUMBAI,133753.18,10/8/16,230410,1178.0
T47416,C8421355,M,MUMBAI,165.3,3/8/16,141535,2077.8
T798895,C4232611,M,MEDAK,56.17,5/9/16,172510,5000.0
T17643,C6756279,M,KOLKATA,161266.23,26/9/16,202451,326.0
T662121,C4466958,M,LUCKNOW,143509.04,31/8/16,120228,149.0
T690401,C1494732,M,BANGALORE,99003.81,31/8/16,194212,999.0
T919212,C6173425,M,HOSUR,1984.74,12/9/16,220614,311.0
T505261,C3635179,M,TAL DIST PALGHAR BOISAR,54.82,19/8/16,124807,144.65
T634064,C7132825,M,THANE WEST,139027.84,29/8/16,132358,319.0
T711825,C1310481,M,ZIRAKPUR,15724.88,3/9/16,180427,957.0
T789304,C4312832,M,GURGAON,3496.45,5/9/16,91300,1.0
T760000,C2310660,F,GURGAON,90711.66,1/9/16,151718,845.0
T265331,C6488781,F,PUNE,44998.26,12/8/16,195822,716.33
T940360,C6827314,M,PAREL MUMBAI,7315.11,11/9/16,214255,1325.0
T177168,C6538257,F,BHOPAL,16734.1,4/8/16,213853,2420.0
T637061,C4240153,M,AMBALA,105300.52,29/8/16,105114,100.0
T245106,C8640342,M,BANGALORE,33473.44,7/8/16,140346,30.0
T773795,C5729882,F,GURGAON,202871.08,6/9/16,185544,1000.0
T277658,C5214235,M,SAHARANPUR,525000.0,11/8/16,114937,381.0
T155971,C3811455,F,HYDERABAD,23327.36,3/9/16,162211,600.0
T260333,C2940855,F,MUMBAI,45503.78,12/8/16,131329,1486.0
T29630,C8140547,F,DELHI,36744.99,26/9/16,130836,1799.0
T254632,C5987811,M,MUMBAI,102856.46,12/8/16,84904,200.0
T707054,C6715828,M,ALWAR,32319.7,31/8/16,160227,147.0
T374173,C4215030,F,GURGAON,18.8,13/8/16,84333,200.0
T875227,C1820352,F,DUMDUM,7282.88,8/9/16,210935,210.0
T132729,C5615082,M,CHANDAULI,30064.65,5/8/16,104813,5923.0
T154259,C5110439,M,DELHI,15510.46,5/8/16,211732,450.0
T846842,C1520555,M,NEW DELHI,71219.43,9/9/16,85452,63.0
T1032951,C2336250,F,BANGALORE,123120.93,18/9/16,184344,4256.0
T685558,C2526125,M,MUMBAI,41502.54,30/8/16,82925,2000.0
T747462,C3242627,M,FARIDABAD,163677.14,2/9/16,231852,108.46
T954321,C6573574,M,BANGALORE,3020.18,10/9/16,191249,179.0
T309319,C3817854,M,MILLENNIUM BANGALORE,139544.29,10/8/16,191848,1000.0
T364055,C3523912,M,NOIDA,1937026.56,14/8/16,223144,220.0
T414864,C4533319,F,BANGALORE,208726.03,17/8/16,72343,599.0
T973329,C1835430,F,BANGALORE,184240.11,10/9/16,73138,720.52
T422202,C1819438,M,MUMBAI,113.46,17/8/16,121404,16.0
T421610,C4323155,M,FARIDABAD,82892.52,17/8/16,121235,9642.5
T592277,C3916287,M,MUMBAI,51336.53,27/8/16,202512,1500.0
T464894,C4642931,M,ROAD PUNE,0.17,21/8/16,121026,40.0
T951744,C1232318,M,DELHI,148645.4,10/9/16,212147,694.07
T431017,C3619913,F,GURGAON,248344.38,17/8/16,185901,684.0
T803556,C8141465,M,MUMBAI,2938.46,5/9/16,164105,100.0
T1004578,C5118670,F,AHMEDABAD,58396.09,14/9/16,155242,1384.0
T228540,C6128717,F,PATNA,27525.24,7/8/16,2337,79.0
T251193,C6156462,F,GURGAON,7429.43,12/8/16,104446,500.0
T689976,C3528618,M,THANE,72464.76,31/8/16,204844,285.0
T702365,C8325836,M,DELHI,3732.58,31/8/16,171128,546.0
T341258,C7662577,M,SONIPAT,12275.7,14/8/16,103036,197.0
T755135,C4230928,M,NEW DELHI,10199.89,1/9/16,183948,50000.0
T446718,C4839625,F,GURGAON,31904.51,16/8/16,191054,492.0
T651450,C7834716,F,BUS STOP NEAR BANGALORE,12551.17,28/8/16,211612,593.0
T85166,C2419452,M,SILIGURI,3574.85,1/8/16,103526,279.0
T103316,C8230059,M,BANGALORE,1254.5,6/8/16,120054,1569.0
T112855,C3520887,F,NOIDA,107886.27,6/8/16,144813,39.0
T780365,C4124971,M,NEW DELHI,12309.06,6/9/16,151518,1000.0
T900306,C1435522,M,MUMBAI,10473.6,12/9/16,165659,111.0
T232375,C4247669,M,SURAT,493.07,7/8/16,122537,250.0
T266191,C2330350,M,CHANDIGARH,26953.43,3/9/16,110132,350.0
T1019669,C6438523,F,KOLKATA,410439.41,13/9/16,203037,1962.0
T715548,C5629228,M,DELHI,18672.17,3/9/16,201602,145.0
T1047565,C4440671,M,SAHARANPUR,317010.42,18/9/16,181701,599.0
T426242,C4316442,F,NEW DELHI,4825396.65,17/8/16,165903,2699.0
T947709,C3125418,M,BARDDHAMAN,181582.37,11/9/16,205103,2900.0
T637157,C1940247,F,AGRA,59208.8,29/8/16,174237,572.0
T210043,C4726791,M,DELHI,34357.62,3/9/16,123737,120.0
T1020822,C7621219,M,BANGALORE,279132.3,13/9/16,182059,410.0
T102675,C1639015,M,FATEHABAD,371.56,1/8/16,205651,99.0
T913903,C3719637,F,KOLKATA,13489.09,12/9/16,104402,469.0
T152446,C2812491,M,DAUSA,1110.61,4/8/16,50347,150.0
T812676,C5929583,F,FARIDABAD,157109.79,5/9/16,212400,200.0
T972299,C7737457,F,THANE,32516.49,10/9/16,113223,100.0
T79319,C8122475,F,DELHI,121.55,2/8/16,193654,319.0
T386410,C6032626,F,SOUTH 24 PARGANAS,1634.48,13/8/16,183422,1172.0
T747779,C7886791,M,ABU DHABI,452475.04,2/9/16,205915,27.22
T260069,C1324428,M,MUMBAI,242494.39,12/8/16,140350,2200.0
T739413,C3842083,M,NEW DELHI,0.99,2/9/16,192304,65.0
T114747,C8223645,M,MANALI,8550.15,6/8/16,144959,200.0
T750355,C7719143,M,INDORE,6738.94,1/9/16,112737,39.99
T530084,C2241382,M,CHAMARAJANAGAR,809.63,23/8/16,222618,114.0
T653805,C5332444,M,SURAT,30455.92,31/8/16,150004,1000.0
T874913,C4512464,F,RANCHI,18428.69,8/9/16,202341,180.0
T115878,C2315224,M,THANE,775.52,6/8/16,124948,7294.18
T704370,C8972274,F,DELHI,11263.17,30/8/16,113208,35.0
T963753,C7196579,M,KOLKATA,16281.47,10/9/16,154055,500.0
T635826,C1226918,F,VISAKHAPATNAM,167.69,29/8/16,172346,509.0
T339262,C6668347,M,MUMBAI,56.99,15/8/16,182835,949.0
T16507,C9031782,M,MOHALI,13237.73,26/9/16,191003,175.0
T237074,C7619946,F,GURGAON,190768.3,7/8/16,140943,3715.0
T617040,C1437127,M,DELHI,3491.01,27/8/16,182516,2745.0
T769414,C2022033,M,AHMEDABAD,793.52,1/9/16,4625,2225.0
T415895,C2325088,M,MUMBAI,35727.55,18/8/16,191103,3805.0
T315020,C4514825,M,MEERUT,17286.24,10/8/16,222749,299.0
T965109,C4240622,M,MUMBAI,128213.44,10/9/16,170949,950.0
T1043184,C4333464,M,BHIWANI,4227.49,18/9/16,124904,600.0
T892609,C4540990,F,NAVI MUMBAI,5528.72,7/9/16,145337,1659.0
T1007855,C6825948,M,BHOPAL,81588.87,14/9/16,204341,1000.0
T890233,C6741479,F,CHENNAI,31619.68,7/9/16,170210,59.0
T801529,C7133082,M,SRINAGAR,40801.42,5/9/16,192108,5274.0
T464267,C8032370,M,FARIDABAD,6970.31,21/8/16,113852,3176.0
T712661,C5416069,F,DELHI,53572.82,3/9/16,175446,16.0
T163399,C3139328,F,MERCES TISWADI,12975.32,4/8/16,122639,160.0
T755652,C6135731,M,NEW DELHI,662557.4,1/9/16,150024,174.33
T104751,C1915775,M,MUMBAI,82763.32,1/8/16,212808,2344.0
T896469,C5314048,M,MOGA,5057.02,7/9/16,134442,351.0
T756857,C4124975,M,PANCHKULA,45065.65,1/9/16,165239,2035.0
T500750,C5830584,M,BANGALORE,4221.94,20/8/16,190332,456.75
T659633,C6030683,M,MUMBAI,0.15,31/8/16,80206,200.0
T754146,C1420352,F,BANGALORE,5382.61,1/9/16,194029,395.0
T515374,C1530278,M,LUCKNOW,12868.42,24/8/16,53121,100.0
T103384,C5439683,M,MUMBAI,105924.83,1/8/16,214612,215.0
T760472,C8630821,M,DELHI,10139.12,1/9/16,161400,790.0
T257648,C1937427,F,NEW DELHI,66409.42,12/8/16,164618,494.0
T619899,C7032812,M,NEW DELHI,74407.91,26/8/16,145518,264.27
T571767,C1038465,F,BANGALORE,25260.1,22/8/16,180930,200.0
T717799,C2972588,M,NEW DELHI,91428.54,3/9/16,192038,3000.0
T259222,C7475159,M,NASHIK,79076.08,12/8/16,180156,329.0
T404808,C2642864,F,KUTTOOR PANCHAYATH,50356.56,18/8/16,160823,70000.0
T639174,C1928677,M,DELHI,239602.73,29/8/16,183643,2688.0
T616291,C4621768,F,FOUNDATION BANGALORE,513986.88,27/8/16,183803,119.0
T745985,C5527434,M,SILCHAR,1528.37,1/9/16,214717,400.0
T546134,C6316983,M,DELHI,4085036.2,23/8/16,110847,2988.0
T229642,C3140418,M,HOWRAH,12585.92,7/8/16,154352,989.0
T652661,C5526729,M,MKT NAVI MUMBAI,83937.3,28/8/16,204905,1500.0
T47839,C3031847,F,NEW DELHI,164059.4,3/8/16,155054,153.0
T643460,C4122978,M,PERAMBAKKAM,12.65,25/8/16,220807,20.0
T399795,C3489150,F,NOIDA,147.3,18/8/16,115849,500.0
T78235,C9011043,M,BANGALORE,92851.42,2/8/16,202751,60.0
T622925,C6442083,M,DELHI,68552.16,29/8/16,204146,773.41
T133848,C8626753,F,BANGALORE,52010.01,5/8/16,120641,29.0
T565425,C8528762,M,AURANGABAD,6746.14,27/8/16,92732,50.0
T279442,C6716551,M,HYDERABAD,4139.48,11/8/16,114020,502.0
T646212,C5427035,F,CHENNAI,2260.42,25/8/16,125538,515.0
T832147,C6923477,F,EAST SINGHBHUM,19819.13,4/9/16,130306,862.87
T815138,C9092333,M,THANE,110362.26,4/9/16,231456,1500.0
T981985,C8622845,F,MARG KURLA W MUMBAI,17279.54,15/9/16,105438,66.0
T452966,C5811922,M,BANGALORE,5745.83,16/8/16,211943,30.0
T785824,C1327235,M,BHILWARA,63324.45,6/9/16,92407,973.0
T794707,C2516875,F,NASHIK,843.66,5/9/16,154504,125.0
T140738,C3111585,M,NOIDA,1340.88,5/8/16,140820,8.0
T400900,C8880442,M,MUMBAI,435.73,18/8/16,120949,2300.45
T662920,C1694178,M,BHIWADI,471390.24,28/8/16,223320,410.0
T677270,C7221682,M,VERNA,50752.49,28/8/16,200245,227.0
T688801,C2612152,M,BANGALORE,9438.92,31/8/16,202541,500.0
T251710,C7578637,M,DELHI,5792.26,7/8/16,203010,400.0
T773727,C8114969,M,INDORE,2864.57,6/9/16,195252,755.37
T261005,C7537413,M,GURGAON,121990.65,12/8/16,174654,55.0
T242340,C3624165,M,MOIRA,44494.3,7/8/16,192923,200.0
T902291,C1232567,F,DAVANGERE,2022.08,7/9/16,54738,20.0
T182305,C5823162,M,ROHTAK,9171.86,9/8/16,101406,199.0
T256206,C6736775,M,NOIDA,16232.68,12/8/16,151128,296.0
T284794,C1830965,F,BANGALORE,226366.1,11/8/16,122353,105.0
T804409,C1222722,M,DELHI,18724.3,5/9/16,190420,280.0
T825600,C5721012,M,CHENNAI,4825.28,4/9/16,184037,1665.0
T138444,C3015436,M,NOIDA,775838.41,5/8/16,150244,2000.0
T776019,C5940177,M,GURGAON,7745.83,6/9/16,184432,49.0
T5709,C4176327,F,DOMBIVLI,13386.23,22/9/16,134650,6170.0
T571615,C2342626,M,NEW DELHI,307808.0,27/8/16,105820,200.0
T595792,C3321774,M,CHANGANACHERRY,49223.14,27/8/16,204652,222.0
T640174,C7743263,M,WARANGAL,14408.37,29/8/16,41047,901.37
T923777,C3512124,M,SANT RAVIDASNAGAR,27982.07,11/9/16,121357,407.67
T399869,C7379664,M,BANGALORE,6461.04,18/8/16,143510,198.0
T518181,C3640332,M,GURGAON,56959.28,24/8/16,34723,100.0
T976573,C5717262,F,MUZAFFARPUR,104031.03,15/9/16,175545,705.0
T635131,C5966120,M,AURANGABAD,15930.61,29/8/16,130605,552.42
T508563,C6220019,M,SECUNDERABAD,29.65,19/8/16,170733,399.0
T209735,C3627888,M,NEW DELHI,123247.77,3/9/16,143807,216.0
T756360,C2421920,M,GURGAON,11428.78,1/9/16,180601,965.0
T535966,C6816187,F,MUMBAI,34893.17,24/8/16,223031,8764.0
T385939,C5626882,F,THANE,1217.88,13/8/16,200253,220.0
T76281,C8312346,M,NEW DELHI,5316.86,2/8/16,183415,200.0
T976088,C8820849,M,MUMBAI,11868.28,15/9/16,172647,100.0
T489375,C5225289,M,RANGA REDDY,1298.58,20/8/16,123247,25.0
T851718,C7027119,F,AHMEDABAD,40480.05,9/9/16,194315,367.0
T127277,C5526556,M,CHENNAI,87048.1,6/8/16,190545,2203.0
T116391,C3737013,M,SAHARANPUR,14210.74,6/8/16,132659,100.87
T1013489,C2020615,M,UDAIPUR,5814.55,13/9/16,210816,100.0
T620960,C4215969,M,CHENNAI,7629.28,25/8/16,182235,1058.0
T698794,C2142588,M,NEW DELHI,1290777.41,30/8/16,132253,1599.0
T638950,C5262953,F,MANGALORE,5841.86,29/8/16,174330,499.0
T952261,C5746671,M,HYDERABAD,7812.36,10/9/16,205049,200.0
T974458,C2166446,F,MANGALORE,21173.97,15/9/16,152224,845.0
T475171,C6242523,M,AHMEDABAD,71618.18,21/8/16,194808,399.0
T121085,C5741246,M,NEW DELHI,668815.77,6/8/16,192010,6214.74
T106672,C6530140,M,BANGALORE,5966.56,6/8/16,143032,254.0
T774029,C2239448,M,CHENNAI,47817.99,6/9/16,211508,551.92
T526850,C2542421,M,GUNTUR,148879.91,24/8/16,203144,396.08
T502451,C6935033,F,NORTH 24 PARGANAS,3400.5,20/8/16,211720,175.0
T166284,C1633926,M,JAIPUR,44382.34,4/8/16,143425,1023.0
T827184,C5926117,F,GURGAON ROAD GURGAON,263405.46,4/9/16,111305,5000.0
T474952,C7830574,M,NAVI MUMBAI,12668.71,21/8/16,210101,595.0
T578745,C8839974,M,PILANI,26.36,22/8/16,230517,298.0
T934125,C9020117,M,PRAKASH SCHOOL BANGALORE,8426.45,11/9/16,182331,500.0
T236973,C6021438,M,GURGAON,298357.9,7/8/16,180925,2147.0
T910708,C8117352,M,SHIMOGA,5675.36,12/9/16,84852,500.0
T138577,C8129374,F,RAJASTHAN COLLEGE JAIPUR,2.3,5/8/16,153225,4915.0
T134845,C6721727,M,PUNE,182.61,6/8/16,214005,286.87
T709364,C2835173,F,NOIDA,536393.33,3/9/16,165645,2532.0
T67438,C3831785,M,NOIDA,22290.36,2/8/16,151157,646.0
T868059,C3213343,F,THANE,3853.29,8/9/16,160639,1190.0
T223560,C2036744,M,GHAZIABAD,2895.25,8/8/16,211757,2650.0
T342075,C1832750,M,KANNAUJ,449.06,15/8/16,195533,80.0
T60170,C6032814,M,YAMUNA NAGAR,59476.91,3/8/16,222924,36.0
T957646,C3019183,F,GURGAON,558051.09,10/9/16,175658,4375.0
T1043980,C6437289,M,COIMBATORE,124305.81,18/9/16,113200,635.7
T308952,C9023792,F,HYDERABAD,64.0,10/8/16,191310,2444.0
T719850,C6673550,F,BENGALURU,993.59,3/9/16,204330,37.0
T555609,C5922963,M,NAGAR GURGAON,784.94,23/8/16,133349,400.0
T113348,C8638417,M,SALEM,13244.65,6/8/16,171501,899.0
T404523,C1511749,M,NEW DELHI,1695260.36,18/8/16,142205,266.74
T567999,C6839751,F,AKOLA,55993.31,22/8/16,184128,230.0
T37806,C7625111,M,GURGAON,3.62,30/9/16,130646,10.0
T743256,C5832142,M,URAN,14821.45,2/9/16,195951,400.0
T760457,C4015643,F,MUMBAI,261795.43,1/9/16,173311,420.0
T571364,C8680316,M,DELHI,181201.35,27/8/16,2123,1275.0
T236485,C1020565,M,BANGALORE,25.86,7/8/16,150030,126.0
T383757,C8532587,M,DELHI,119103.76,13/8/16,100647,600.0
T736880,C5042685,M,DELHI,1.2,2/9/16,185840,240.0
T763358,C6377038,M,FACTORY ANDHERI (EAST) MUMBAI,16307.1,1/9/16,144451,1779.91
T926065,C4225423,M,CHANDIGARH,488.68,11/9/16,124619,95.0
T464275,C6729865,M,BAHADURGARH,42718.58,21/8/16,105808,2480.0
T635469,C6214721,M,MUMBAI,18757.1,29/8/16,175211,25316.0
T1195,C1649634,M,MUMBAI,14966.94,21/10/16,193203,245.0
T886679,C7428970,M,MUMBAI,982.88,7/9/16,212436,340.0
T206351,C7675877,M,MUMBAI,43291.6,8/8/16,173017,7840.0
T465366,C9039660,F,BANDRA E MUMBAI,15167.94,21/8/16,184559,3250.0
T376344,C6532352,F,HOSUR,2878.11,13/8/16,143654,101.0
T888377,C1027314,M,KANGRA,7709.06,7/9/16,174306,48.0
T719506,C6921619,M,DELHI,18851.55,3/9/16,213357,519.0
T61481,C8526850,M,SHOWROOM BANGALORE,75398.13,2/8/16,102136,555.0
T1009976,C4820784,M,DELHI,19983.4,14/9/16,205455,350.0
T72462,C2811823,M,BANGALORE,162028.05,2/8/16,165839,2687.0
T310129,C2234040,M,SOUTH TWENTY FOUR PARGANAS,28941.06,10/8/16,191011,671.0
T945635,C6824191,F,CHAMPAWAT,799906.39,11/9/16,211553,117.0
T1032882,C2826150,M,GURGAON,167520.85,13/9/16,102257,932.84
T25769,C2223227,M,GURGAON,6944.32,27/9/16,161021,450.0
T505319,C2437313,M,FARIDABAD,3340.7,20/8/16,234348,255.0
T693552,C1217135,F,KRISHNA,11763.82,31/8/16,220941,55.0
T445775,C2539830,M,MUMBAI,365.28,16/8/16,150752,30.0
T402740,C8514339,F,GURGAON,82393.88,18/8/16,191533,1320.0
T458373,C4834676,F,AHMEDABAD,2393.86,16/8/16,204010,478.98
T677229,C4139936,M,GURGAON,91616.99,28/8/16,131406,500.0
T127574,C1928612,M,BAMBOLIM,74.42,6/8/16,132920,155.0
T1026001,C1314139,M,KOLKATA,37164.92,13/9/16,152914,111.0
T433581,C2189586,M,BAGALKOT,7348.53,17/8/16,214641,220.0
T727601,C6419211,M,MUZAFFARPUR,3011.9,2/9/16,115825,350.0
T274822,C7838363,M,KOLKATA,11927.26,12/8/16,195946,950.0
T124010,C5312660,F,BURDWAN,5385.23,6/8/16,203029,215.0
T237083,C2794516,M,MODI NAGAR,174857.59,7/8/16,141016,80.0
T954677,C9040386,F,NEW DELHI,1007174.38,10/9/16,204500,74.94
T427097,C8510580,M,HYDERABAD,24170.58,17/8/16,174414,90.0
T841085,C5557786,M,PUNE,4584.03,9/9/16,141746,334.0
T984432,C5931354,F,NAVI MUMBAI,156181.97,15/9/16,202444,961.0
T347254,C7533623,M,MUMBAI,6235.98,14/8/16,151107,23.0
T296193,C1197361,M,CHENNAI,1802.37,11/8/16,212925,490.0
T642484,C6116548,M,KOLKATA,68651.06,25/8/16,205757,70.0
T525433,C2835863,M,LALITPUR,3704.32,24/8/16,95402,100.0
T47451,C4317565,M,DELHI,140631.2,3/8/16,135557,3220.0
T137063,C3426541,F,MEDAK,99.91,5/8/16,131701,2594.53
T796980,C3521077,M,BANGALORE,213.23,5/9/16,104830,1836.25
T178081,C4017232,F,DELHI,10465.42,4/8/16,213702,491.0
T176314,C6817657,M,ANAND,418461.79,4/8/16,153701,272.17
T270986,C6635492,M,VIJAYAWADA,9526.66,12/8/16,212230,2619.0
T254944,C6537373,F,AGRA,121493.7,7/8/16,231814,40998.0
T159712,C7934981,M,RAJKOT,4102.18,5/8/16,220009,100.0
T55034,C8616940,M,MUMBAI,534217.38,3/8/16,194755,188.0
T165188,C5927770,F,CHENNAI,158773.24,4/8/16,134643,860.0
T864070,C5868428,M,GUWAHATI,23239.89,8/9/16,113044,3023.0
T267124,C2028668,F,MUMBAI,1198639.32,3/9/16,125601,1752.0
T400868,C2936228,M,THANE,3013.73,18/8/16,135809,200.0
T589860,C8240559,F,GURGAON,45310.23,27/8/16,202231,3996.0
T604876,C2230031,M,BANGALORE,8093.96,26/8/16,192645,251.0
T531610,C5231883,M,GURGAON,133863.58,24/8/16,204231,500.0
T598095,C4942317,M,NAVI MUMBAI,36821.21,27/8/16,203917,20.0
T580395,C3135469,F,NEW DELHI,3823.36,27/8/16,113140,480.0
T23201,C7736278,F,GHAZIABAD,143976.86,23/9/16,184146,901.0
T293114,C4122391,M,DIST THANE BOISAR,27010.03,11/8/16,210232,3688.22
T676284,C4928839,M,NEW DELHI,97197.84,31/8/16,180926,1096.0
T337650,C9033191,M,REWARI,38791.56,15/8/16,182725,1025.3
T589524,C1212952,M,SURAT,16206.49,27/8/16,223052,159.0
T398404,C1661818,M,SURAT,102710.93,18/8/16,31822,82.01
T474035,C4341577,M,SECTOR -21A FARIDABAD,2796.49,21/8/16,225035,1000.0
T498088,C7531217,M,MUMBAI,3132.01,20/8/16,172428,910.0
T41737,C4929017,F,NOIDA,42488.66,3/8/16,65158,500.0
T365513,C1820041,F,SOUTH 24 PARGANAS,663.86,14/8/16,195240,500.0
T505099,C8514617,M,GURGAON,39024.95,20/8/16,230210,1979.0
T79941,C6423146,F,NAINITAL,4626.88,2/8/16,214519,50.0
T167566,C2837049,M,DELHI,535.94,4/8/16,164706,228.0
T918043,C2737157,F,NEW DELHI,85.05,12/9/16,191744,1075.0
T109706,C5014963,M,VISHNUNAGAR KALYAN THANE,15153.29,6/8/16,50520,11303.0
T808666,C8131614,F,CHENNAI,1942.83,4/9/16,225620,28.0
T316712,C6723149,M,NOIDA,6668.41,15/8/16,193150,150.0
T227169,C3613169,F,DELHI,12607.12,8/8/16,235440,1600.0
T1011243,C1217256,F,BARIATU ROAD RANCHI RANCHI,10296.04,13/9/16,224348,100.0
T1015092,C6381863,F,BANGALORE,16254.45,14/9/16,210650,850.0
T731804,C3431715,F,CHANDIGARH,108058.16,2/9/16,153844,5200.0
T821402,C6331764,M,BANGALORE,1138.61,4/9/16,190722,8633.45
T220323,C1235022,M,BAHADURGARH,5727.19,7/8/16,2358,23.0
T77864,C6024987,M,BHAGALPUR,152.53,2/8/16,195603,100.0
T134338,C3035268,M,REWARI,8214.87,6/8/16,223512,1080.0
T2096,C1420757,F,LUDHIANA,23809.18,21/10/16,195453,500.0
T615070,C6536272,M,BANGALORE,4147.49,26/8/16,45735,200.0
T245235,C3216622,M,FARIDABAD,72656.2,7/8/16,223843,500.0
T558411,C1348526,M,MUMBAI,578661.81,27/8/16,190321,440.26
T248394,C1163864,M,BANGALORE,12218.53,7/8/16,153314,1000.0
T761232,C6321673,M,MUMBAI,3323.65,1/9/16,145456,228.0
T137989,C4216779,M,CHENNAI,16388.97,5/8/16,164602,497.0
T45420,C2313349,F,CUDDALORE,14.55,3/8/16,115749,50.0
T141651,C4727283,M,NEW DELHI,33691.65,5/8/16,175503,590.0
T261921,C3971642,M,AHMEDABAD,80000.66,12/8/16,134032,254.0
T280796,C1810822,M,NEW DELHI,51827.47,11/8/16,45121,735.54
T392912,C7421988,F,NOIDA,2018.12,13/8/16,194726,1100.0
T513017,C8616717,M,PANIPAT,14856.76,19/8/16,193124,200.0
T86726,C6227816,F,GURGAON,11023.41,1/8/16,125042,500.0
T581718,C6919312,M,INDORE,0.48,23/8/16,153720,15.0
T887193,C8940933,M,YEOLA,45734.02,7/9/16,190047,100.0
T593919,C2725178,F,GHAZIABAD,5363.52,25/8/16,151112,224.5
T83307,C7013282,M,CHENNAI,29247.94,1/8/16,83306,300.0
T704182,C4429825,F,KANNIYAKUMARI,8102.89,30/8/16,114446,20.0
T990243,C7756962,M,LUCKNOW,3947.71,15/9/16,232845,249.0
T266456,C8731820,M,GURGAON,1694.16,3/9/16,115517,1.0
T732527,C4664135,M,MORLEM,12531.03,2/9/16,135051,200.0
T424912,C6934320,F,NOIDA,493206.75,17/8/16,173234,350.0
T65326,C1715380,M,NEW DELHI,51332.88,2/8/16,143704,1519.0
T840556,C1214587,F,BANGALORE,148142.89,9/9/16,154522,2516.0
T982727,C7510942,M,HALISAHAR,1191.47,15/9/16,103205,221.0
T851808,C2631512,M,GURGAON,23134.91,9/9/16,95817,37.0
T243388,C1728415,M,BUSINESS PARK MAHAPE NAVI MUMBAI,1853.17,7/8/16,230952,33.0
T515111,C7916836,M,KOCHI,38480.71,24/8/16,63734,46.0
T139526,C1919214,M,PUNE,17680.83,5/8/16,114333,299.0
T123397,C6025660,M,GHAZIABAD,28023.88,6/8/16,191501,70.0
T610511,C5710290,M,MUMBAI,219.51,26/8/16,55830,100.0
T877242,C7438469,M,RAJKOT,2011.29,8/9/16,223022,340.0
T535937,C4227634,M,NEW DELHI,329247.0,23/8/16,230113,552.07
T405421,C1833761,M,GARDEN MUMBAI,28969.67,18/8/16,204446,96.0
T562236,C7435854,M,NEW MUMBAI,17432.38,22/8/16,135801,165.67
T221524,C4320380,F,DELHI,118635.18,8/8/16,202809,250.0
T426487,C4042451,M,MUMBAI,130.86,17/8/16,184426,685.22
T178918,C5742718,M,MOHALI,10078.6,4/8/16,224835,100.0
T990705,C1032534,M,HYDERABAD,3837.76,15/9/16,231306,823.55
T167789,C4933477,M,NEW DELHI,810247.42,4/8/16,105441,1000.0
T1031059,C2275576,M,CHENNAI,38602.58,13/9/16,103815,600.0
T305403,C7411111,M,TRIVANDRUM,361265.97,10/8/16,125339,1476.0
T337001,C6039083,M,PALAMKONAM,41869.47,15/8/16,210841,169.0
T833301,C7328320,M,PUNE,215284.32,4/9/16,165653,1166.0
T271516,C7210628,M,ANDHERI W MUMBAI,650.57,12/8/16,192219,1471.0
T107691,C4057123,M,CHENNAI,29241.44,6/8/16,114904,44.0
T827661,C7416115,M,BANGALORE,31081.39,4/9/16,150158,550.0
T109383,C1812028,M,NEW DELHI,8729.08,6/8/16,144834,501.0
T431337,C2233569,F,GURGAON,14782.65,17/8/16,223146,438.0
T1030708,C1710629,F,MUMBAI,95803.91,13/9/16,104704,2226.33
T535479,C6623847,M,DELHI,48590.13,22/8/16,105842,748.0
T433262,C3415267,M,NOIDA,1563251.06,17/8/16,222912,1325.0
T618248,C1524681,M,PURBO MEDINIPUR,3867.0,25/8/16,160205,869.0
T142952,C7124172,F,DARJEELING,359.52,5/8/16,75219,100.0
T205194,C4535088,F,MOHALI,189600.63,8/8/16,80110,2000.0
T362377,C8029531,M,DELHI,52788.43,14/8/16,164009,5000.0
T286918,C3528672,M,SURAT,1821.46,11/8/16,143355,190.1
T468680,C3430641,M,KOLKATA,267983.01,21/8/16,132143,360.0
T52514,C4817730,M,MUMBAI,1990.21,3/8/16,175936,500.0
T1031439,C3318937,M,NOIDA,23083.67,13/9/16,94606,320.0
T444819,C3936834,F,GURGAON,28050.83,16/8/16,170417,545.0
T104447,C4021456,M,SIGNAL SION E MUMBAI,154192.98,1/8/16,205924,8050.0
T403530,C8226853,M,KURNOOL,2144.15,18/8/16,143810,430.0
T808108,C8720991,F,DEHRADUN,49831.91,4/9/16,181707,500.0
T431265,C4953951,M,GHAZIABAD,24433.77,17/8/16,181004,107.25
T324560,C2128888,M,CHANDIGARH,5994.71,15/8/16,161440,40.0
T273392,C6869386,M,CHENNAI,187480.76,12/8/16,195528,1745.0
T797487,C8431465,M,SANTACRUZ EAST MUMBAI,62656.79,5/9/16,134155,600.0
T1010416,C8815924,F,DELHI,43716.71,14/9/16,231832,77.0
T303581,C8439189,M,AHMEDABAD,144335.88,10/8/16,140004,2000.0
T407933,C2027430,M,GURGAON,9472.3,18/8/16,221151,19.0
T208072,C1039874,M,THANE,155.66,8/8/16,124338,30.0
T740874,C2741442,M,ALIGARH,67560.39,2/9/16,195720,30.0
T318851,C5429258,F,CHANDIGARH,6309.52,10/8/16,211001,200.0
T400175,C3215027,M,JODHPUR,120263.45,18/8/16,54958,255.0
T38130,C4832049,M,CHENNAI,1.06,27/9/16,194444,1000.0
T215011,C4615330,F,GURGAON,2868.86,8/8/16,180325,960.0
T275301,C3332421,M,BANGALORE,2088.29,11/8/16,61017,500.0
T315557,C4385837,M,KANPUR,34402.41,10/8/16,224432,189.0
T378592,C3717150,F,JAMNAGAR,28209.82,13/8/16,162423,8010.0
T947418,C3217726,M,BANGALORE,69267.57,10/9/16,201252,3492.0
T967066,C6731044,M,UDAIPUR,84448.1,10/9/16,125508,108.02
T380622,C2713691,M,FAZILKA,15727.22,13/8/16,170805,326.0
T773218,C9034123,M,MUMBAI,1091429.96,6/9/16,231950,4963.0
T1036754,C8720261,F,PUNJAB,1120613.76,18/9/16,144459,6840.0
T201981,C5213029,F,PUNE,1689.18,8/8/16,121251,17.16
T257941,C3114740,M,AHMEDABAD,12958.05,12/8/16,105707,1355.28
T843791,C1038271,F,NEW DELHI,399122.38,9/9/16,120755,100.0
T837601,C7094182,F,MUMBAI,33827.47,9/9/16,122512,18.64
T14436,C2236149,M,AURANGABAD,17490.97,26/9/16,205933,1550.0
T425932,C2619730,F,GWALIOR,49805.09,17/8/16,161315,9288.0
T868756,C3948949,M,BARMER,2627.57,8/9/16,154153,10000.0
T1032328,C1822385,M,PUNE,172.91,13/9/16,101934,60.0
T400224,C1235062,M,BANGALORE,68971.92,18/8/16,61425,927.0
T367510,C8598249,M,HYDERABAD,463022.47,14/8/16,203045,1499.93
T53046,C3835413,M,MOHALI,969436.12,3/8/16,170445,3081.0
T3801,C7839559,F,BILASPUR,191087.97,22/9/16,162913,706.0
T818590,C7134558,F,VISAKHAPATNAM,4278.59,4/9/16,171903,300.0
T791094,C1520379,M,DELHI,49588.61,5/9/16,3757,500.0
T455577,C1210320,M,MOHALI,35235.98,16/8/16,223127,479.0
T326798,C6512937,M,MOHALI,16232.81,15/8/16,171758,570.0
T210770,C3115580,M,THANE,2333.45,3/9/16,131513,185.0
T206230,C4612568,F,BANGALORE,198.42,8/8/16,164820,1574.32
T160871,C7439723,F,AMBALA CANTT,14676.62,5/8/16,221517,119.0
T353636,C8016790,M,DELHI,274726.05,14/8/16,153207,15486.0
T367592,C4133774,M,ANANDPUR SAHIB,112621.31,14/8/16,192424,620.0
T599885,C4936829,F,SANTA CRUZ,3354.55,26/8/16,191557,380.0
T3222,C6921526,M,UNNAO,23622.27,21/10/16,163055,279.0
T1048188,C7029766,M,MALAPPURAM,30142.74,18/9/16,181005,364.0
T289277,C4515481,F,NR ARJYA PATTY ITKHOLA SILCHAR,6949.75,11/8/16,183435,2784.0
T1018401,C7920957,M,GUNTUR,60441.42,13/9/16,200132,1650.0
T335949,C5320470,M,BANGALORE,4155.17,15/8/16,190803,185.0
T905192,C5678743,M,BANGALORE,2826.75,12/9/16,160014,1430.7
T630821,C2112538,M,JAIPUR,54881.89,29/8/16,121701,294.0
T211579,C8112761,M,MUMBAI,45690.34,8/8/16,155556,504.31
T100637,C3745665,M,NEW DELHI,15824.18,1/8/16,182136,975.0
T10121,C1192730,M,MUMBAI,47288.78,25/9/16,192335,649.73
T320916,C3926484,M,CUDDAPAH,90364.58,15/8/16,30432,1.0
T200192,C3926158,M,INDORE,52.32,9/8/16,215802,330.0
T73349,C1216232,M,GURGAON,1368.03,2/8/16,151053,10.0
T1041114,C3729252,F,GHAZIABAD,56432.18,18/9/16,150443,500.0
T773467,C5114567,M,MUMBAI,213236.32,6/9/16,231551,1340.0
T232490,C4514934,M,GURGAON,23765.43,7/8/16,161234,757.0
T652358,C7962014,F,PUNE,26746.34,31/8/16,151010,1010.0
T618012,C6013875,M,MUMBAI,64669.7,25/8/16,182537,850.0
T178394,C3940014,F,GURGAON,2068.55,4/8/16,234948,50.0
T502146,C7340890,M,NEW DELHI,15882.6,20/8/16,215421,528.39
T415328,C3329376,F,BANGALORE,3898.58,17/8/16,82942,500.0
T240238,C6336945,F,PANVEL RAIGARH,39080.78,7/8/16,172259,748.0
T565697,C2811845,F,DELHI,3214.58,27/8/16,32037,4.29
T678459,C7119849,F,MUMBAI,47856.95,28/8/16,11000,120.0
T544020,C4142963,M,NEW DELHI,149761.4,24/8/16,183837,100.0
T958906,C5119656,F,GURGAON,8733.92,10/9/16,163724,2469.0
T716330,C8416247,M,VIJAYAWADA,30465.0,3/9/16,194200,2960.0
T215441,C4767833,M,DELHI,10101.76,8/8/16,171834,2400.0
T455522,C1511033,F,MUMBAI,373.82,16/8/16,205828,185.0
T230844,C8240482,F,DELHI,13642.2,7/8/16,154725,225.0
T857666,C5016277,M,MUMBAI,24881.71,9/9/16,212858,1509.0
T978658,C8525824,M,CHENNAI,50051.48,15/9/16,132912,136.5
T106010,C1932854,F,MUMBAI,261.94,1/8/16,211457,150.0
T236026,C1730226,F,MUMBAI,21626.15,7/8/16,123403,1465.0
T301277,C7934120,M,MUMBAI,2179.82,10/8/16,150805,100.0
T64396,C2028479,M,GURGAON,63942.43,3/8/16,234354,200.0
T514115,C5010325,M,AHMEDABAD,38612.53,19/8/16,180812,294.0
T752184,C3578959,F,CHENNAI,7305.39,1/9/16,203325,432.0
T1000831,C5535974,M,GHAZIABAD,78010.72,14/9/16,144948,640.0
T560153,C1518464,F,NOIDA,4602.13,22/8/16,144530,2086.25
T1009026,C6142639,F,PUNE,38989.21,13/9/16,213256,29.0
T508647,C3233964,M,BURDWAN,9479.85,19/8/16,121353,5405.0
T374417,C4334687,M,WEST GODAVARI,27646.9,13/8/16,131006,1012.65
T996031,C7433650,M,THANE,529.69,14/9/16,103045,50.0
T596227,C1023554,F,BANGALORE,146590.32,26/8/16,213249,300.0
T906608,C8217331,M,GURGAON,3356.79,12/9/16,132143,111.0
T101012,C5025669,F,BANGALORE,108964.04,1/8/16,183437,390.54
T927881,C1927264,M,LUCKNOW,22959.96,11/9/16,125339,487.2
T695005,C2417259,F,GREATER NOIDA,4464.7,31/8/16,221518,250.0
T565321,C6498144,M,BANGALORE,435699.09,27/8/16,150416,2554.0
T876582,C6618788,M,BARODA,15026.2,8/9/16,204426,200.0
T583793,C5830925,M,CHANDIGARH,2812.75,22/8/16,201244,400.0
T880661,C4930665,M,UDUPI,6059.49,7/9/16,220106,942.0
T362331,C4890627,M,JAIPUR,20112.94,14/8/16,183054,100.0
T1015774,C7212681,F,NOIDA,279801.72,14/9/16,201928,3604.0
T169269,C7422023,F,DELHI,228260.89,4/8/16,193001,198.0
T519996,C8240191,F,GURGAON,4217.99,24/8/16,95342,30.0
T243519,C2216020,M,MUMBAI,16496.88,7/8/16,194237,199.0
T617854,C1958614,M,NOIDA,3844.78,26/8/16,130951,175.0
T593065,C5021852,M,KANPUR,253.67,26/8/16,13828,200.0
T1033942,C8025660,F,SAKI NAKA S O MUMBAI,1213.27,13/9/16,33428,200.0
T297689,C3728538,M,GURGAON,26951.08,11/8/16,231057,561.6
T672151,C1231385,M,SURAT,19056.31,28/8/16,181832,1785.0
T788820,C6136019,M,BANGALORE,22283.47,5/9/16,80935,400.0
T976925,C4919792,F,NOIDA,8534.23,15/9/16,141628,281.0
T894607,C1827276,M,BANGALORE,6766.37,7/9/16,134823,460.0
T986608,C3042353,M,ST CRUZ,12874.2,15/9/16,23113,31.0
T494955,C5131639,M,FARIDABAD,426073.46,20/8/16,195412,169.0
T49964,C1224337,M,NEW DELHI,69576.19,3/8/16,144108,5600.0
T22553,C5632044,F,KOLLAM,20429.39,23/9/16,123808,851.0
T366721,C2936588,F,DELHI,20806.68,14/8/16,200959,30.0
T785802,C5423033,M,AHMEDABAD,125345.92,6/9/16,114409,1616.88
T133255,C1310562,M,BANGALORE,5391.8,5/8/16,112715,200.0
T479858,C8951049,M,NEW DELHI,1661.7,20/8/16,132415,200.0
T366474,C1631339,M,BAREILLY,126849.57,14/8/16,204423,121.0
T632256,C8536263,M,NEW DELHI,177168.73,29/8/16,195834,1681.69
T512288,C3237837,F,ANGAMALI,30.43,19/8/16,203432,419.58
T39684,C4317391,M,CHENNAI,368.02,27/9/16,93142,120.0
T92967,C1128543,M,DELHI,21891.94,27/9/16,174052,4190.0
T392866,C4425114,M,BANDRA E MUMBAI,16665.55,13/8/16,194856,278.0
T812079,C6641384,M,VARANAVASI,1448.99,4/9/16,194741,40.0
T30752,C5824032,M,ANAND,8042.6,25/9/16,224413,299.0
T402162,C3018016,M,WAYS PANCHKUVA AHMEDABAD,143.07,18/8/16,140424,220.0
T418238,C8022750,M,THANE W,246511.17,17/8/16,154655,1070.0
T1043649,C6540978,M,BETIM BARDEZ,6885.63,18/9/16,85603,1000.0
T582988,C7727134,F,KANPUR,17653.52,27/8/16,150628,71.54
T259385,C6022992,M,GURGAON,534609.84,12/8/16,132518,567.0
T367713,C2236740,M,KANPUR,325.54,13/8/16,91633,12130.0
T409235,C8817046,M,BANGALORE,28479.96,18/8/16,213148,265.0
T938709,C5920653,M,NEW DELHI,16065.56,11/9/16,155925,3798.0
T87668,C6340073,M,NEW DELHI,1059.71,1/8/16,150005,454.0
T125940,C1525425,F,MUMBAI,20503.47,5/8/16,194347,923.0
T855001,C4833648,M,GHAZIABAD,14687.05,9/9/16,193407,786.0
T897767,C1827422,M,N DELHI,32160.99,7/9/16,102709,250.0
T761992,C2526937,M,HYDERABAD,7824.41,1/9/16,144432,99.0
T918351,C4821772,M,DELHI,8425.42,12/9/16,211542,100.0
T1043551,C7628479,M,FARIDABAD,5461.35,18/9/16,110636,20.0
T27817,C8629972,F,MEDAK,43578.55,26/9/16,131605,3500.0
T850567,C7638225,M,SHILLLONG,10677.64,9/9/16,193019,329.0
T186863,C1725084,F,MANDYA,3722.26,9/8/16,85312,2018.0
T734247,C1232351,F,MUMBAI,404387.24,2/9/16,165056,77.0
T499519,C3910046,M,DISTT-THANE THANE,1240.09,19/8/16,90743,500.0
T489044,C6513720,M,CITY PUNE,39344.55,20/8/16,182812,1904.0
T243830,C5539161,F,FARIDABAD,3743.24,7/8/16,192928,540.0
T985623,C7117062,M,PINJORE,3913.73,15/9/16,74108,773.46
T81468,C5851283,M,GURGAON,20.77,2/8/16,234202,2520.0
T520397,C5314212,M,CHENNAI,140.06,19/8/16,201517,5.0
T196511,C3439261,M,MUMBAI,594924.8,9/8/16,200149,2625.0
T939576,C4121087,M,BANGALORE,73077.03,11/9/16,160900,2192.0
T852614,C8629583,F,GURGAON,62108.53,9/9/16,204138,475.0
T549947,C8213543,M,DELHI,159.23,22/8/16,2849,147.0
T141387,C8318251,F,CHANDIGARH,3019.21,5/8/16,183418,102.0
T326222,C7834345,M,MUMBAI,1681.07,15/8/16,152804,50.0
T305185,C7031646,M,RUDRAPUR,988.39,10/8/16,121730,57.0
T477977,C5198819,M,NEW DELHI,14465.67,20/8/16,95236,1050.33
T680549,C3820721,F,MUMBAI,179024.97,31/8/16,233552,468.0
T546403,C4757112,M,GURGAON,38849.43,23/8/16,192019,53.0
T990739,C1225131,M,KANGRA,45.96,15/9/16,223959,117.32
T619136,C7497091,M,HYDERABAD,12001.76,27/8/16,180058,380.0
T203485,C1421459,F,NEW DELHI,7778.89,8/8/16,142928,1836.0
T132432,C4336467,M,CHENNAI,164.06,6/8/16,203637,200.0
T475089,C2226540,M,NEW DELHI,103856.35,20/8/16,2502,15822.0
T714733,C6212382,M,CALICUT,15236.28,3/9/16,195721,378.11
T6685,C2114338,M,BANGALORE,21364.4,25/9/16,194226,235.0
T87336,C8314011,F,DELHI,8454.04,1/8/16,93309,41.0
T421103,C8816782,M,DELHI,274726.05,17/8/16,110311,7068.2
T499009,C1941652,M,GURGAON,527795.16,20/8/16,222317,3981.0
T548997,C7237959,M,VISAKHAPATNAM,12474.7,24/8/16,165956,677.0
T816199,C5032121,M,VAGATOR,4633.91,4/9/16,202402,948.0
T293536,C8115162,,MUMBAI,20.0,11/8/16,212809,100.0
T1018723,C7414885,M,RAJSAMAND,1984.05,14/9/16,212834,69.0
T1047292,C4030024,M,NOIDA,109822.14,18/9/16,190123,1651.5
T457924,C2220890,M,GURGAON,10466.68,21/8/16,133356,100.0
T485514,C3330178,F,VARANASI,1634.1,20/8/16,91147,400.0
T286035,C1641832,M,GHAZIABAD,8437.23,11/8/16,131455,400.0
T949179,C1422246,M,PUNE,23389.34,10/9/16,202613,1000.0
T37588,C3516358,M,BANGALORE,2351939.85,30/9/16,125437,301.0
T929709,C3824745,M,HYDERABAD,5490.01,11/9/16,155854,200.0
T1039890,C4318921,M,GURGAON,82208.73,18/9/16,140423,1990.0
T827159,C4739630,M,KOLHAPUR,15673.26,4/9/16,115534,409.0
T81577,C8128988,M,JUNCTION MUMBAI,48021.59,1/8/16,50723,1650.0
T1031820,C3618491,M,THANE,10837.5,13/9/16,84004,1000.0
T618991,C8434258,M,CHAMPARAN,14.91,25/8/16,160446,96.0
T122994,C2639492,M,NEW DELHI,442039.17,6/8/16,184909,4930.0
T844654,C2610556,F,PATIALA,71964.27,9/9/16,30134,34905.03
T762687,C3433718,M,GWALIOR,14479.7,1/9/16,121900,69.0
T746361,C8011241,M,MUMBAI,17406.06,2/9/16,210158,3493.21
T936039,C1838858,F,"DIMAPUR, NAGALAND",11339.18,11/9/16,183422,172.58
T285660,C5837967,M,PUNE,112641.21,11/8/16,113508,500.0
T38980,C6120243,M,DELHI,6298.73,27/9/16,223401,7620.0
T817632,C2672758,F,DELHI,1545.04,4/9/16,173821,1396.0
T917016,C2015314,M,MUMBAI,126023.26,12/9/16,205306,710.0
T386680,C6833517,F,SOUTH BANGALORE,22.93,13/8/16,210929,232.0
T202378,C7321364,F,KOLKATA,33790.49,8/8/16,44231,7.07
T345737,C5637165,M,DELHI,24698.22,14/8/16,140137,999.01
T791819,C5836075,F,DELHI,25691.08,5/9/16,115956,3000.0
T711194,C7977264,M,SURAT,18344.35,3/9/16,43416,198.0
T942130,C3426587,M,BEHROR,115.33,11/9/16,191414,12000.0
T599754,C3124262,F,MUMBAI,29338.51,25/8/16,1938,816.0
T620059,C7927157,F,GURGAON,368.31,25/8/16,182617,900.0
T91018,C2023519,M,CHANDIGARH,11542.19,22/9/16,135204,184.0
T560540,C2229411,M,PURI,38030.15,22/8/16,154209,4405.0
T721222,C2820145,F,INDORE,26503.52,3/9/16,203223,3300.0
T883945,C1634157,M,NAVI MUMBAI,3686.23,7/9/16,202635,1084.67
T1021233,C3420273,F,DELHI,18115.34,13/9/16,180043,550.0
T1024473,C1638830,M,MUMBAI,76270.32,13/9/16,151747,1350.0
T177779,C3831014,M,DELHI,20965.11,4/8/16,231013,500.0
T846527,C3422853,M,FARIDABAD,0.0,9/9/16,75704,1000.0
T847098,C4917943,F,DELHI,19742.38,9/9/16,121907,1702.0
T502944,C4928511,M,MUMBAI,7933.39,19/8/16,140855,174.8
T414166,C3019338,M,GURGAON,148855.13,17/8/16,83602,100.0
T137068,C5719917,F,KOLKATA,116602.13,5/8/16,135436,1840.0
T559772,C8811189,M,JHALAWAR,932.82,22/8/16,25019,1.0
T705324,C7813955,F,NOIDA,285.69,30/8/16,111853,843.0
T1002075,C3837287,M,KOLKATA,18271.6,14/9/16,153144,927.0
T555407,C2012043,F,GURGAON,11196.3,24/8/16,152903,524.0
T183254,C9042063,F,BANGALORE,10374.01,9/8/16,120306,198.0
T99476,C4429016,M,PUNE,7741.27,1/8/16,205925,245.0
T314346,C5967542,F,GURGAON,590.61,10/8/16,192719,438.0
T987125,C2924641,M,BANGALORE,19351.1,15/9/16,62958,200.0
T392480,C6628415,M,FAIZABAD,956.18,13/8/16,225454,50.0
T176594,C6120862,F,DELHI,5203.83,4/8/16,152731,80.0
T906964,C2770252,F,NEW DELHI,78103.14,12/9/16,135258,269.0
T689716,C2714645,M,NEW DELHI,522807.31,30/8/16,1222,291.0
T729680,C3719924,M,MUMBAI,24069.81,2/9/16,115041,350.0
T606710,C5046776,M,VARANASI,7752.32,26/8/16,155941,449.0
T605355,C8121262,M,NEW DELHI,4526.42,26/8/16,172042,129.0
T548494,C3297486,M,NEW DELHI,47844.44,23/8/16,104658,1600.0
T828866,C5620677,F,AMRITSAR,24556.66,4/9/16,120649,1598.0
T706184,C2214122,M,SHAMSHABAD,35002.47,31/8/16,173914,100.0
T18217,C2259569,M,DELHI,39698.29,26/9/16,195138,500.0
T534357,C1939131,F,GURGAON,8181.74,24/8/16,193355,426.0
T478840,C4618529,M,PUNE,3101.74,21/8/16,190737,72.81
T816775,C5422472,M,CHENNAI,52608.41,4/9/16,200431,1246.0
T806170,C8618014,M,NEW DELHI,1114.63,5/9/16,204222,700.0
T957565,C4931253,M,EAST THANE MUMBAI,15090.83,10/9/16,192425,1376.8
T961218,C7739486,F,DHANORI PUNE,58.65,10/9/16,140335,2764.2
T510567,C7324765,M,AHMEDABAD,53146.43,19/8/16,210434,128.0
T93643,C6123144,M,KOCHI,2.69,1/8/16,155113,1.0
T378349,C3514477,M,CHENNAI,27021.05,13/8/16,164018,396.0
T831430,C6441758,M,BANGALORE,15897.4,4/9/16,134119,500.0
T648484,C4293020,M,GURGAON,7875.49,29/8/16,937,196.0
T819086,C2292711,M,THANE,4760.43,4/9/16,195044,1400.0
T765189,C6341660,M,HAWRAH,1165.42,1/9/16,95748,323.0
T707792,C1129729,M,NAVI MUMBAI,6442.42,3/9/16,100957,25.0
T929553,C4833718,M,NAVI MUMBAI,2295.56,11/9/16,164225,2463.35
T882937,C3837465,F,MUMBAI,2019.47,8/9/16,222532,1613.0
T506666,C8322251,M,DELHI,19173.7,19/8/16,134707,300.0
T734249,C6315345,F,PUNE,354688.7,2/9/16,165011,14614.0
T288638,C5722672,M,DELHI,15.58,11/8/16,184102,20.0
T430563,C8370722,M,AHMEDABAD,32209.19,17/8/16,174657,409.6
T544490,C2517846,M,THANE,43741.07,23/8/16,104139,477.0
T825298,C4967285,M,MUMBAI,16993.81,4/9/16,182920,391.49
T24928,C7634129,M,CHANDIGARH,7737.06,26/9/16,184119,546.0
T148911,C2126777,M,KOLKATA,7245.68,5/8/16,183558,1210.0
T728408,C6421021,F,RANCHI,306.16,2/9/16,114903,50.0
T1028423,C4620050,M,ATHIRAMPUZHA,5883.5,13/9/16,123356,210.0
T1015627,C1615115,M,KOLKATA,3773320.66,14/9/16,235528,3688.2
T464032,C1213418,M,BANGALORE,103081.08,16/8/16,233542,3085.0
T639595,C7726217,M,SONIPAT,3548.08,29/8/16,103433,481.0
T523822,C2031619,F,PUNE,27873.91,24/8/16,102026,178.0
T93476,C3422547,M,THANE BADLAPUR,59942.91,22/9/16,145435,1.0
T182930,C5935537,M,THANE,62027.32,9/8/16,153922,400.0
T439402,C3383322,M,COIMBATORE,1.8,16/8/16,103952,200.0
T996244,C4729090,M,BANGALORE,5043.49,14/9/16,122255,798.0
T376465,C2027567,M,DELHI,4699.34,13/8/16,103555,40.0
T933971,C3784189,M,HYDERABAD,35669.51,11/9/16,132738,740.0
T616015,C6321338,M,MUMBAI,4262.82,27/8/16,182322,17.0
T550165,C4215317,M,KOLKATA,658858.61,23/8/16,193538,1980.74
T213351,C4145732,M,THANE WEST,42312.2,8/8/16,140654,3277.92
T879146,C1413860,F,MUMBAI,71694.31,8/9/16,192819,440.0
T670931,C4115018,M,CHANDAULI,30064.65,28/8/16,185547,181.0
T644523,C5339641,F,GORAKHPUR,24288.43,25/8/16,152132,90.0
T988882,C8384037,M,RAMPUR,2901.83,15/9/16,55412,108.0
T290068,C5822062,M,P SANAMBATLA,56.07,11/8/16,173759,776.0
T73823,C2835632,M,KOLKATA,25139.66,2/8/16,190302,300.0
T184631,C2711031,F,QUEPEM SOUTH GOA,107792.3,9/8/16,170428,11721.0
T666479,C5818116,M,DELHI,10361.79,31/8/16,92024,42.0
T27457,C2924144,F,THANE,32700.28,27/9/16,160438,70.0
T122168,C1147722,F,NOIDA,68.08,6/8/16,192155,207.94
T224595,C6416055,F,DELHI,31.94,8/8/16,203601,20.0
T586104,C1822626,F,MUMBAI,54421.1,25/8/16,144424,50.0
T700164,C8419272,M,SAS NAGAR,14075.01,30/8/16,141416,500.0
T319517,C3314212,F,RAIPUR,167.53,10/8/16,200622,575.0
T445387,C4936624,M,NOIDA,3345.81,16/8/16,171735,1370.0
T863764,C2122341,M,HYDERABAD,375.36,8/9/16,134307,7042.0
T704579,C5634952,M,RAJKOT,4102.18,31/8/16,161500,159.0
T138397,C1712146,M,DELHI,5400.46,5/8/16,154901,40.07
T740925,C1712891,M,GAYA,2150.21,2/9/16,193921,3880.0
T754921,C8034224,M,REWARI,2624.86,1/9/16,181806,192.0
T520797,C8027531,M,HUBLI,2750.14,19/8/16,195204,114.0
T653553,C2437891,M,MUMBAI,325679.24,31/8/16,132719,153.0
T622148,C1541023,M,GURGAON,7964.59,25/8/16,183018,3498.0
T543675,C1332691,M,BANGALORE,44169.69,23/8/16,82747,1000.0
T508492,C8010565,M,NASHIK,1344.57,19/8/16,121929,100.0
T513297,C8171966,M,BANGALORE,4729.19,19/8/16,190107,203.0
T891127,C8373775,M,DELHI,78791.12,7/9/16,163410,1000.0
T7172,C3316312,M,NOIDA,5146.74,22/9/16,122030,115.0
T468042,C6425431,M,RESIDENCY SECUNDERABAD,676597.09,21/8/16,190529,1187.0
T207640,C4214740,M,MUMBAI,954979.96,8/8/16,132718,1656.0
T782769,C6838621,M,JAIPUR,15.93,6/9/16,121915,20.0
T286325,C1383167,M,MUMBAI,600.22,11/8/16,143130,20.0
T338369,C6054128,M,NAVI MUMBAI,20786.14,15/8/16,222433,50.0
T723233,C5426283,M,MUMBAI,76841.66,3/9/16,234732,1936.0
T694866,C3432456,M,NOIDA,31107.42,30/8/16,192038,20.0
T531359,C2011847,M,GURGAON,134026.06,23/8/16,155956,1000.0
T107406,C7910586,M,GURGAON,10188.19,6/8/16,80638,211.0
T249719,C4520772,M,BANGALORE,70933.26,7/8/16,220225,482.0
T260200,C7525282,M,NOIDA,85382.38,12/8/16,182306,300.0
T342711,C4524937,M,BANGALORE,29011.69,14/8/16,122411,56.0
T352976,C6388689,M,DELHI,57368.25,14/8/16,172441,1578.0
T97834,C7238834,M,AMRITSAR,9408.54,1/8/16,162534,200.0
T893928,C3270431,M,MEERUT,179825.12,7/9/16,161041,695.0
T919033,C8617478,F,DELHI,9050.25,12/9/16,193055,1323.0
T1027295,C8534653,M,MUMBAI,3406.86,13/9/16,110652,1000.0
T354385,C3439335,M,MUMBAI,30169.89,14/8/16,152535,2875.0
T553897,C2258046,F,MUMBAI,24940.11,24/8/16,150308,3988.05
T328745,C7667441,M,CHENNAI,50465.99,15/8/16,174109,1277.0
T660186,C1516346,M,NAVI MUMBAI,71997.54,31/8/16,184758,231.0
T661717,C4072129,M,BANGALORE,1007187.78,28/8/16,195940,6000.0
T2086,C7833249,M,PUNE,5124.75,21/10/16,203536,2000.0
T819511,C4325282,M,MUMBAI,39210.02,4/9/16,163743,2020.0
T825214,C8441270,M,NAGAR AGRA,34717.58,4/9/16,152121,0.0
T296590,C2610658,M,RAIPUR,1774.52,11/8/16,202652,1551.0
T37907,C5619873,M,KOLKATA,699.0,27/9/16,40731,55.0
T720211,C4034968,M,SCHOOL MADHAPUR HYDERABAD,14512.64,3/9/16,214924,3430.0
T68831,C7219534,M,KADUBEESANAHALLI BELLANDUR POST,55095.69,2/8/16,133021,298.0
T51810,C4126584,F,PUNE,,3/8/16,165725,156000.0
T815753,C7629724,F,DELHI,60937.19,4/9/16,220537,355.48
T573364,C8731041,M,GWALIOR,120773.4,22/8/16,175003,2017.0
T195198,C3514317,M,AHMEDABAD,10005.11,9/8/16,225723,880.0
T834580,C4117163,M,KAPURTHALA,3942.96,4/9/16,83752,33.0
T232725,C6219822,F,DEHRADUN,25560.45,7/8/16,162118,2601.11
T297358,C6869519,F,LUCKNOW,15575.32,10/8/16,104934,2000.0
T280785,C8239653,F,GURGAON,40406.16,11/8/16,101735,1870.48
T966391,C1042182,M,CHENNAI,10554.25,10/9/16,131947,1893.0
T318294,C4623390,M,NASHIK,23289.13,15/8/16,115309,462.0
T334981,C3121583,F,THANE,49191.02,15/8/16,145253,558.36
T797417,C7417340,M,GURGAON,3356.79,5/9/16,131812,131.04
T970895,C5027561,M,GURGAON,49421.51,10/9/16,21144,1000.0
T581487,C7321751,M,KANGRA,3823.25,27/8/16,113012,156.0
T991034,C5434837,M,MUMBAI,2.99,14/9/16,723,200.0
T650341,C3115389,M,LUDHIANA,471.58,31/8/16,134503,240.0
T1040141,C4214666,F,KOLKATA,7915.17,18/9/16,115616,1000.0
T722133,C6613753,F,HYDERABAD,85997.18,3/9/16,210614,3251.83
T1028838,C5028032,M,KOLKATA,32231.89,13/9/16,105547,100.0
T33669,C5756648,M,KOLKATA,4923.89,25/9/16,203152,1399.0
T422203,C2027550,F,GURGAON,1065470.94,17/8/16,125048,1272.0
T627358,C1440320,M,DELHI,10707.18,29/8/16,135855,186.0
T832480,C6933729,M,FARIDABAD,4306.76,4/9/16,120650,340.0
T365836,C7441377,M,BANGALORE,80818.51,14/8/16,213845,1795.0
T850933,C7518543,M,KOLKATA,85254.05,9/9/16,55322,600.0
T959727,C5741472,M,CHENNAI,73909.17,10/9/16,140123,415.0
T652070,C4410175,M,GURGAON,22192.52,31/8/16,131034,490.0
T120288,C6626977,M,MUMBAI,46568.25,6/8/16,145205,6786.0
T23545,C3123127,M,ROPAR,35327.29,26/9/16,80824,11300.0
T819084,C4898483,F,ZIRAKPUR,938306.58,4/9/16,193351,1821.2
T734621,C3235433,M,KANCHIPURAM,13284.4,2/9/16,125833,1000.0
T366488,C8130786,M,DELHI,33328.21,14/8/16,192239,2102.5
T159941,C1821123,M,SITAPUR,48560.56,5/8/16,213921,45.0
T429765,C6837440,F,BANGALORE SOUTH,98830.46,17/8/16,221445,18.0
T465218,C8936924,M,HYDERABAD,32270.91,21/8/16,123759,1570.0
T2617,C6027923,M,DELHI,34678.51,21/10/16,160445,100.0
T81342,C7831330,M,UPPER BAZAR RANCHI,171.87,2/8/16,222449,30.0
T1005322,C3918480,M,NEW DELHI,27303.22,14/9/16,181017,273.0
T1042030,C7541648,F,MUMBAI,9590.5,18/9/16,152336,800.0
T940164,C8970132,M,RAIPUR,732.44,11/9/16,173551,220.0
T459061,C7842742,M,NEW DELHI,33013.69,21/8/16,64113,70.0
T281044,C2816965,M,FARIDABAD,9.44,11/8/16,124425,260.0
T73795,C4264552,M,NEW DELHI,126.07,2/8/16,182808,1000.0
T211112,C6831166,M,KOLKATA,271120.93,3/9/16,133301,11.0
T942980,C2721752,M,MUMBAI,40912.1,11/9/16,182545,860.0
T434292,C8310578,F,AMBALA CANTT,131383.84,16/8/16,195431,295.0
T207888,C2441564,M,GREATER NOIDA,16798.77,8/8/16,120603,530.0
T686306,C6411439,M,PATNA,14432.8,30/8/16,83956,34.0
T412732,C6912677,M,SRIVILLIPUTHUR,42287.1,18/8/16,200121,10500.0
T933396,C2130460,M,DELHI,237918.65,11/9/16,172839,1395.0
T229739,C2814540,M,CUTTACK,10161.33,7/8/16,115442,268.52
T1027480,C8659718,M,KONE PANVEL,18291.8,13/9/16,110533,376.38
T473799,C6514283,M,KARUR,88661.84,21/8/16,215144,5943.0
T377939,C7126026,M,DELHI,0.0,13/8/16,3007,1.0
T893234,C7711292,F,NEW DELHI,77041.64,7/9/16,154725,700.0
T849809,C3623739,M,CHENNAI,102900.19,9/9/16,101445,500.0
T474049,C6932823,M,MUMBAI,7266.01,21/8/16,205908,115.0
T785812,C7715637,M,MUMBAI,1232.69,6/9/16,95042,2531.91
T708259,C4820247,M,GURGAON,54462.68,3/9/16,170704,1000.0
T709606,C8339116,M,KHARAR,33830.13,3/9/16,170028,800.0
T113161,C5613436,M,MUMBAI,10138.77,6/8/16,53511,85.0
T630465,C5734281,F,NOIDA,168.0,29/8/16,75617,1.0
T901085,C6224836,F,GREATER NOIDA,32058.41,7/9/16,83023,1512.0
T585708,C3117130,M,BANGALORE,56400.04,22/8/16,232446,1101.0
T606556,C1077676,M,HOWRAH,864.48,26/8/16,184913,65.0
T404228,C1519535,M,BAGESHWAR,2899.65,18/8/16,92644,169.0
T600182,C4520740,M,GURGAON,168039.62,26/8/16,225858,2003.0
T764909,C2515539,M,GURGAON,9597.81,1/9/16,102600,300.0
T445714,C3528187,M,DELHI,310.17,16/8/16,113027,336.0
T664116,C7939347,M,AHMEDABAD,14383.36,31/8/16,91216,114.0
T570408,C8139322,M,MUMBAI,6514.64,22/8/16,193454,110.0
T339910,C4933051,M,MUMBAI,59309.17,15/8/16,183048,14500.0
T830227,C1938814,F,KOLHAPUR,5252.15,4/9/16,140154,3353.45
T815235,C4521174,F,DELHI,12688.36,4/9/16,192616,2397.0
T524998,C8563957,F,AHMEDABAD,26915.73,24/8/16,80157,50.0
T807181,C5235080,F,GHAZIABAD,4.52,4/9/16,221446,440.0
T957195,C1337743,F,PUNE,60850.77,10/9/16,164630,4640.0
T724710,C2268389,M,MEERUT,16058.9,2/9/16,72304,1590.0
T1028774,C2738024,F,SOUTH 24 PARGANAS,112.35,13/9/16,124719,250.0
T992116,C7127963,M,PUNE,663.07,14/9/16,14929,1440.0
T122928,C3640529,M,GURGAON,28125.25,6/8/16,192732,200.0
T343752,C8440390,M,KOCHI,9914.19,15/8/16,204254,1170.0
T884064,C5423877,M,GURGAON,1734.32,8/9/16,203851,300.0
T145229,C1928432,M,MUMBAI,18510.54,5/8/16,194719,750.0
T23827,C7819180,M,NEW DELHI,35773.97,26/9/16,141607,1403.76
T531477,C5935217,M,HYDERABAD,695334.48,23/8/16,225329,1965.0
T294695,C2875341,M,THANE,33118.69,10/8/16,1416,1380.0
T946070,C7714023,M,DELHI,1373.94,10/9/16,182200,259.0
T661787,C7779646,M,SINGRAULI,10883.82,28/8/16,162114,2157.85
T837041,C1214151,M,KOLKATA,36639.63,4/9/16,31925,1.0
T387982,C5512367,F,TIRUPUR,75771.39,13/8/16,152331,246.0
T947880,C7230628,M,HOWRAH,5915.29,10/9/16,232533,45.0
T225666,C5041223,F,DELHI,40801.81,8/8/16,221609,250.0
T704354,C6941691,F,NEW DELHI,25723.42,30/8/16,112810,20.0
T570965,C1427650,F,NASHIK,8143.8,22/8/16,112144,500.0
T3351,C2421222,M,GURGAON,69988.28,21/10/16,150920,341.37
T412176,C7134733,M,AMRITSAR,389844.27,18/8/16,190221,3352.0
T261549,C3737919,M,UDAIPUR,19666.57,12/8/16,141356,74.01
T483074,C2923658,M,KOLKATA,676668.92,20/8/16,122248,2212.0
T840590,C5841086,F,GURGAON,52753.63,9/9/16,174631,622.2
T30400,C3633139,M,DELHI,12710.69,25/9/16,205337,1050.0
T274187,C3037477,M,AHMEDABAD,35.18,11/8/16,102045,236.0
T323862,C6123968,F,GURGAON,214.86,15/8/16,143748,200.0
T868749,C1539651,M,NOKHA,48908.02,8/9/16,133218,110.0
T417719,C1763429,M,NAVI MUMBAI,88630.75,18/8/16,214839,8656.0
T75266,C6921952,M,PUNE,2412.44,2/8/16,190121,50.0
T1033988,C1817343,F,BENGALURU,9438.0,13/9/16,75851,470.0
T319719,C6919492,F,BANGALORE,27272.26,10/8/16,211042,143.91
T467357,C2838375,M,SEHORE,184065.98,21/8/16,130827,1000.0
T223539,C5220139,F,BANGALORE,112915.56,8/8/16,213318,269.1
T398881,C3024150,M,DELHI,42.68,18/8/16,131911,500.0
T404362,C1128653,F,MANDI,15715.77,18/8/16,104704,70.0
T958121,C6893714,M,SINGAPORE,50713.16,10/9/16,172003,9000.0
T980131,C3638044,M,SALEM,88.74,15/9/16,105413,861.0
T961203,C5935973,M,MUMBAI,670529.05,10/9/16,140331,5157.0
T877585,C5926979,M,PUNE,74742.99,8/9/16,234938,11.0
T184437,C2831735,M,NORTH 24 PARGANAS,16217.94,9/8/16,163039,222.0
T981804,C7624444,F,MUMBAI,60440.23,15/9/16,92358,6264.0
T444369,C2541914,F,DELHI,3.51,16/8/16,111517,288.0
T730726,C2928486,F,NOIDA,14763.12,2/9/16,134036,4820.0
T385967,C7632429,M,BANGALORE,42.72,13/8/16,201349,695.0
T192861,C7232729,F,FARIDABAD,388.25,9/8/16,210659,500.0
T821961,C6529985,M,BANGALORE,336445.64,4/9/16,210345,212.6
T383675,C1315320,M,ANDHERI EAST MUMBAI,2038.78,13/8/16,182750,646.0
T760989,C2517688,M,NEW DELHI,14916.95,1/9/16,162249,1463.0
T858607,C2832583,M,MUMBAI,4.41,9/9/16,230432,320.7
T717580,C7221975,M,RANGAREDDY,63624.52,3/9/16,194112,2730.0
T171563,C2425289,F,PATIALA,48054.51,9/8/16,24552,2798.0
T899347,C3515233,F,BANGALORE,12439.36,7/9/16,110555,650.0
T352877,C7530866,M,FARRUKHNAGAR GURGAON,521.05,14/8/16,102637,130.0
T243149,C4432440,M,MUMBAI,208835.08,7/8/16,135724,1495.0
T579254,C4235736,F,ADILABAD,2977.78,22/8/16,212646,15.0
T398890,C1786128,M,"PURAM, BANGALORE",8888.31,18/8/16,125614,2962.0
T177744,C6923771,M,AURANGABAD,64236.47,4/8/16,202226,500.0
T397581,C2913130,M,GUNTUR,11882.64,18/8/16,85622,136.23
T140430,C5821413,F,MUMBAI,42713.1,5/8/16,102210,4922.0
T339096,C2038664,M,REWARI,33827.29,15/8/16,214610,29.0
T515060,C7033448,M,NEW DELHI,12133.46,19/8/16,222524,319.0
T832163,C2935750,M,BANGALORE,13197.11,4/9/16,130509,1760.0
T95023,C8156085,M,FAZILKA,3890.69,1/8/16,140957,31.0
T368151,C8566656,M,KANNUR,48247.19,14/8/16,194544,1070.0
T135719,C7470713,M,NOIDA,147345.89,5/8/16,123657,545.0
T520108,C8117316,F,MUMBAI,362843.47,19/8/16,193327,202.0
T928675,C3027265,M,MARATHALLI RING RD BANGALORE,49954.55,11/9/16,161539,4337.0
T1032687,C7042439,M,NOIDA,250203.75,13/9/16,100312,275.0
T492363,C7717987,M,GHATKOPAR W MUMBAI,113.57,20/8/16,205229,107.0
T12935,C3119944,M,GURGAON,30931.74,26/9/16,213202,732.26
T550121,C6157547,F,BIKANER,834180.09,23/8/16,201739,376.0
T776064,C8836018,M,PUNE,54562.27,6/9/16,210807,2760.0
T22849,C6010862,M,MUMBAI,4546.31,23/9/16,133444,229.0
T31889,C5212152,M,ALWAR,8003.97,25/9/16,195715,261.41
T789956,C5054313,M,BANGALORE,1659.14,5/9/16,90116,761.69
T995001,C2364373,M,CHANDIGARH,105.45,15/9/16,202038,300.0
T919166,C3626853,M,GUNTUR,60259.44,12/9/16,233040,1434.0
T416012,C8220973,M,LUDHIANA,46160.66,18/8/16,222223,522.0
T861622,C4617085,M,GURGAON,499.94,8/9/16,104750,220.0
T444214,C2719990,M,BANGALORE,51680.28,16/8/16,113127,920.0
T79629,C7121884,M,SHIMOGA,3534.93,2/8/16,200435,120.0
T928130,C5232136,F,NASHIK,73450.65,11/9/16,144557,1290.0
T778644,C3029240,M,MUMBAI,5949.53,6/9/16,165332,1463.5
T663886,C6112483,M,BALASORE,10843.54,28/8/16,205101,500.0
T112012,C8625522,F,DELHI,224.22,6/8/16,113435,177.0
T306762,C7534946,M,NORTH 24 PARGANAS,1.46,10/8/16,160215,1092.5
T444896,C1135887,M,KANPUR,14.51,16/8/16,152431,78.0
T864277,C6110063,M,BANGALORE,12651.93,8/9/16,125310,858.0
T364163,C4310417,M,KALYANI NAGAR PUNE,5905.52,14/8/16,205705,36.0
T16855,C8674421,F,GURGAON,57930.85,26/9/16,195119,100.0
T290866,C6337227,F,NEW DELHI,20494.87,11/8/16,192820,200.0
T244149,C1920621,M,GHAZIABAD,40707.25,7/8/16,191740,1271.0
T616281,C9028025,F,MUMBAI,53642.82,27/8/16,191158,33250.0
T235060,C8324037,M,BHIWADI,30687.69,7/8/16,144847,3522.15
T645744,C4723150,F,NEW DELHI,1148268.86,25/8/16,131011,1219.0
T464576,C7731954,M,MEDAK DISTRICT,9086.57,16/8/16,224910,1650.0
T370895,C2815692,M,E E HIGHWAY GHATKOPAR E MUMBAI,3317.08,13/8/16,23440,2140.0
T89311,C8135838,M,KOTA,13956.38,1/8/16,125348,1150.0
T644509,C4388492,M,KOLHAPUR,5346.15,25/8/16,225621,506.0
T798226,C2817383,M,DELHI,170292.39,5/9/16,162204,675.0
T381700,C7840018,M,BULANDSHAHR,220409.57,13/8/16,185847,30.7
T268849,C3426448,F,MUMBAI,145642.74,12/8/16,221815,1127.0
T478146,C5622177,M,NAVI MUMBAI,51977.93,21/8/16,191348,650.0
T424215,C4828121,M,AMBALA CANTT,102204.43,17/8/16,142820,900.0
T710483,C3036543,M,LUCKNOW,5128.25,3/9/16,93015,45.0
T851688,C7223060,M,NEW DELHI,713179.83,9/9/16,194300,705.0
T123862,C4111671,M,BELGAUM,60518.04,6/8/16,201909,1000.0
T872938,C4633639,F,MUMBAI,18609.52,8/9/16,205404,300.0
T502903,C4033316,M,GURGAON,131692.17,19/8/16,103306,1000.0
T635314,C5214083,M,REWARI,22427.62,29/8/16,203333,7373.84
T495975,C3941861,F,NEW DELHI,281240.02,19/8/16,60201,1000.0
T49752,C1031767,F,MUMBAI,3322.45,3/8/16,140452,127.0
T253733,C2925390,M,BENGALURU,47.96,12/8/16,124423,250.0
T135292,C4931632,M,SRINAGAR,127398.62,6/8/16,222553,200.0
T512461,C8280325,F,BANGALORE,53929.65,19/8/16,194607,1838.0
T995778,C7226652,F,GURGAON,9478.56,14/9/16,121806,677.0
T853925,C2115012,M,MADHUBANI,10722.68,9/9/16,192511,38.0
T726202,C1336926,M,HOSHIARPUR,121.86,2/9/16,71215,30.0
T343838,C5521629,M,DADAR MUMBAI,1295.82,15/8/16,202939,100.0
T722994,C5426654,M,NEW DELHI,53079.91,3/9/16,222604,200.0
T716567,C4432369,M,GURGAON,20661.59,3/9/16,201049,850.0
T595979,C3617136,M,NEW DELHI,55798.39,25/8/16,124147,2200.0
T586894,C5174557,M,BANGALORE,8.7,23/8/16,164924,1100.35
T794545,C1319041,F,NEW DELHI,38016.42,5/9/16,151406,364.0
T1037423,C1119464,M,THANE,94546.04,18/9/16,133653,2838.0
T80477,C7432679,F,DELHI,3913.01,1/8/16,23025,100.0
T852585,C2712448,M,DELHI,1665.02,9/9/16,202230,20.0
T59641,C1818065,M,ROYAPETTAH,188725.18,3/8/16,201618,4707.0
T800477,C4013589,F,MUMBAI,827.61,5/9/16,175338,30000.0
T645028,C6527471,F,MUMBAI (SUBURBAN),181198.95,25/8/16,133902,1190.0
T12335,C4739645,M,NEW DELHI,225002.97,27/9/16,162945,60.0
T2644,C1530046,F,FARIDABAD,43373.68,21/10/16,201111,1617.9
T93996,C7226973,M,MUMBAI,81172.67,1/8/16,192042,600.0
T6370,C7942391,M,UDAIPUR,13651.65,22/9/16,122117,2051.66
T952977,C8922362,M,NAVI MUMBAI,1966.33,10/9/16,184840,392.0
T1041740,C6735953,F,DELHI,8037.76,18/9/16,124912,2228.0
T1025010,C8698152,M,AMRITSAR,19284.11,13/9/16,141353,165.0
T940913,C7431421,M,KASHIPUR,11777.96,11/9/16,195755,108.0
T864551,C4226983,M,NOIDA,49493.66,8/9/16,115249,1000.0
T871716,C1820829,F,CHENNAI,9012.46,8/9/16,151659,1261.0
T700483,C7834128,F,DELHI,215.01,30/8/16,133830,464.0
T212156,C4542037,M,MUMBAI,797686.22,8/8/16,175149,290.0
T460097,C7512932,M,MANGALORE,85886.58,16/8/16,213959,116.0
T628764,C1411836,M,SRINAGAR,97424.05,29/8/16,164709,1588.0
T237980,C7219243,M,PAREL MUMBAI,13661.28,7/8/16,180649,435.0
T244353,C4463076,M,BANGALORE,14624.5,7/8/16,145022,150.0
T748374,C6424784,M,BANGALORE,38794.6,1/9/16,222017,410.0
T380245,C5011066,M,BANGALORE,13967.39,13/8/16,124742,400.0
T166723,C1922456,M,COIMBATORE,22627.54,4/8/16,144729,300.0
T124135,C8121328,M,AHMEDABAD,1341.36,6/8/16,81556,50.0
T991430,C5019742,F,SAHARANPUR,29594.43,15/9/16,193532,200.0
T614791,C8133345,M,KALYANI,7073.67,26/8/16,105918,67.0
T760156,C1015685,M,GURGAON,20856.17,1/9/16,161226,1000.0
T822369,C3010761,F,BANGALORE,47353.59,4/9/16,172630,2875.0
T234020,C4571337,F,GURGAON,69170.9,7/8/16,184204,100.0
T529437,C3037119,M,MEERUT,734.85,24/8/16,162938,275.0
T312597,C3726826,M,GUWAHATI,334525.33,10/8/16,183525,1900.0
T37255,C6628625,F,NOIDA,9287.18,26/9/16,212539,30.0
T678277,C2310761,M,NEW DELHI,399016.91,31/8/16,185945,3144.0
T789857,C9027371,M,THANE,229403.5,6/9/16,100310,1850.0
T36195,C3826363,M,NEW DELHI,189036.55,27/9/16,100837,565.08
T1038147,C3916417,M,SOUTH 24 PARGANAS,7673.62,18/9/16,165804,880.74
T667460,C8942555,M,NEW DELHI,282.22,28/8/16,132744,375.0
T932084,C3214664,M,NEW DELHI,242993.82,11/9/16,184526,8995.0
T292826,C6494028,F,THANE,10403.54,11/8/16,181037,25.0
T240166,C6239340,F,MUMBAI,83029.18,7/8/16,145156,1155.0
T482976,C4317148,M,NEW DELHI,301604.98,20/8/16,124726,1545.0
T44412,C5833774,M,GURGAON,14361.66,3/8/16,85258,200.0
T282669,C5631588,M,NEW DELHI,5527.11,11/8/16,111446,500.0
T591260,C7024131,M,BANGALORE,4600.0,27/8/16,224728,267.0
T537865,C5739683,F,NOIDA,5863.57,22/8/16,105623,47.0
T835674,C5821274,M,NEW DELHI,172886.43,9/9/16,185148,212.89
T903376,C3791636,M,THANE,9889.52,7/9/16,70037,180.0
T425518,C5634160,M,DELHI,19830.72,17/8/16,191622,792.0
T1035872,C3930072,M,BANGALORE,245914.86,13/9/16,90328,899.0
T270217,C5825115,M,KANGRA,16003.61,12/8/16,213729,466.84
T685768,C2523429,M,DELHI,56.7,30/8/16,85353,156.0
T532469,C7432075,F,NOIDA,61560.01,24/8/16,194926,449.0
T708861,C2515132,M,NEW DELHI,713587.9,3/9/16,3802,200.0
T90042,C7928577,M,MUMBAI,97300.8,1/8/16,171407,400.0
T895653,C6840034,M,KALABURAGI,7218.73,7/9/16,140233,120.0
T685369,C4712629,M,THANE,50429.09,30/8/16,162559,250.0
T591695,C3829724,M,BANGALORE,244090.13,27/8/16,191736,2000.0
T22009,C3435367,M,UDAIPUR,3100.85,23/9/16,200649,175.0
T484868,C3022553,F,JAJPUR,12492.08,20/8/16,100005,25.0
T359601,C6823766,M,DELHI,9081.33,14/8/16,203223,1000.0
T137296,C2636035,M,FARIDABAD,259701.08,5/8/16,75004,153.53
T928209,C7625768,F,DELHI,67543.5,11/9/16,120045,1901.0
T1004255,C3923777,M,HYDERABAD,8826.27,14/9/16,191520,900.0
T230074,C7338668,M,GURGAON,76522.32,7/8/16,105425,650.0
T27826,C3233144,M,NEW DELHI,1901.91,26/9/16,132539,100.0
T706703,C3539575,M,HYDERABAD,112222.48,30/8/16,112622,204.0
T479879,C6121231,M,THANE,4077.86,20/8/16,115734,100.0
T915793,C5832663,F,THANE,10356.79,12/9/16,194732,42.0
T9198,C6022963,M,THANE,787580.23,27/9/16,200253,350.0
T242149,C2121650,F,BANGALORE,14878.83,7/8/16,162908,1293.0
T289727,C4539312,M,VIJAPUR,3465.16,11/8/16,183526,1512.94
T487810,C1171135,F,GURGAON,58853.53,20/8/16,161200,745.13
T659435,C5826046,M,NAVI MUMBAI,3773.46,31/8/16,21012,560.0
T429988,C7442826,M,KANGRA,27124.55,17/8/16,214828,148.0
T558748,C2114032,M,HAJIPUR,62847.33,22/8/16,165905,60.0
T829760,C5135583,F,UJJAIN,72108.32,4/9/16,182327,1790.0
T574528,C2896371,F,HYDERABAD,453.04,27/8/16,142514,230.0
T365249,C3740555,F,PUNE,7437.07,14/8/16,191426,1200.0
T564399,C1812962,M,NANGAL,397.17,27/8/16,144438,504.25
T897098,C3913888,M,FARIDABAD,7485.85,7/9/16,113729,235.2
T100475,C7042077,M,FARIDABAD,24841.63,1/8/16,185652,399.0
T269186,C5412444,F,NEW DELHI,23423.45,12/8/16,183406,195.0
T3096,C1821281,M,BANGALORE,6737.87,21/10/16,170003,225.0
T130620,C4026011,F,AURANGABAD,206261.07,6/8/16,195434,846.21
T110853,C7236531,M,HYDERABAD,30446.84,6/8/16,105133,2798.0
T194319,C3715372,F,MUMBAI,71434.16,9/8/16,200929,1095.0
T953574,C2214418,M,DELHI,138222.28,10/9/16,185708,85.0
T89180,C8642240,M,NEW DELHI,16216.55,1/8/16,113814,500.0
T606493,C7132771,M,BELAPUR NAVI MUMBAI,2189.04,26/8/16,154729,2352.0
T160417,C4835520,M,VARANASI,45989.6,5/8/16,215300,895.0
T76071,C4911562,F,MUMBAI,443071.08,2/8/16,192059,500.0
T579036,C5019438,M,TANDA,57500.28,27/8/16,111415,1000.0
T241775,C7830463,M,ANANTAPUR,9903.83,7/8/16,173303,359.0
T78590,C1412840,M,TEZPUR,2391.11,1/8/16,83540,188.0
T383288,C7014636,M,BHUBANESWAR,57332.0,13/8/16,154646,663.0
T442390,C1195214,F,MUMBAI,20652.48,16/8/16,140646,1927.0
T389889,C6025362,M,NAVI MUMBAI,10407.09,13/8/16,215134,750.0
T622641,C3199362,M,AHMEDABAD,13177.99,28/8/16,112829,240.0
T449332,C8639971,M,CHENNAI,10000.04,16/8/16,201958,374.0
T614245,C2236653,M,BHIND,126049.16,27/8/16,95737,50.0
T957051,C8735551,M,JUNAGADH,158521.99,10/9/16,185139,500.0
T319036,C7938330,M,GURGAON,9157.28,10/8/16,213023,617.0
T335192,C2881027,M,NEW DELHI,148639.85,15/8/16,171640,318.0
T351676,C7133431,F,REWARI,142631.84,14/8/16,121854,5000.0
T350750,C5312369,M,BANGALORE,231986.07,14/8/16,151822,1200.0
T670596,C5916755,M,KOLKATA,1094836.26,28/8/16,141515,386.0
T125670,C2820645,M,MUMBAI,18825.91,5/8/16,1410,280.0
T218558,C5015143,F,KAMRUP,12.44,8/8/16,194509,330.0
T272951,C1617584,M,KAUSHAMBI,6.59,12/8/16,193933,27.0
T193886,C2618714,M,NEW DELHI,6117.87,9/8/16,173138,74.0
T442752,C1132457,M,EAST SIKKIM GANGTOK,637018.72,16/8/16,135202,136487.0
T381749,C4647292,M,MUMBAI,650.11,13/8/16,151721,509.4
T253027,C7310962,M,KOCHI,333747.41,12/8/16,135159,2000.0
T581631,C7315720,M,THANE,40472.68,22/8/16,202733,200.0
T172755,C5136625,F,BANGALORE,11027.75,4/8/16,195100,1054.0
T696734,C1017381,M,PUNE,3936.65,30/8/16,115958,17.0
T362681,C6824474,M,HOWRAH,32252.76,14/8/16,172647,500.0
T465670,C4459239,M,MOHALI,127387.81,21/8/16,170013,224.97
T685810,C8020061,M,ALIGARH,36384.3,31/8/16,223811,356.2
T101656,C9017665,F,ALWAR,5640.64,1/8/16,210622,200.0
T813427,C6321875,F,MORADABAD,23823.98,5/9/16,214254,1125.0
T861302,C7237669,M,BANGALURU,165498.97,8/9/16,82553,7743.15
T365381,C3519985,M,BANDA,247.8,13/8/16,64557,14.0
T930474,C3211132,M,MUMBAI,50371.9,11/9/16,151315,4854.0
T960082,C8035180,M,TAL DIST PALGHAR BOISAR,54.82,10/9/16,153915,751.55
T189482,C4626435,M,MUMBAI,393536.55,9/8/16,171619,7780.01
T460458,C4930715,M,GURGAON,17876.69,21/8/16,161256,1050.0
T351628,C5324641,M,BANGALORE,19351.1,14/8/16,103324,828.0
T760783,C4696261,M,MUMBAI,82889.54,1/9/16,171208,606.9
T881748,C1954449,M,MANGALORE,56810.02,8/9/16,211701,1956.0
T1023965,C5919026,M,KOLKATA,22368.17,13/9/16,134007,1000.0
T539519,C1014813,F,BANGALORE,16226.0,23/8/16,90743,50.0
T441848,C5510184,F,PUNE,568.81,16/8/16,135451,30.0
T42233,C3426744,M,NOIDA,499.43,3/8/16,91454,999.0
T294093,C6137037,F,MOHALI,142142.19,10/8/16,81319,300.0
T628388,C1426330,M,NAWANSHAHR,5438.9,25/8/16,182037,5300.0
T181953,C4875820,F,HYDERABAD,142.46,9/8/16,42349,100.0
T830732,C2111730,M,CHENNAI,9240.79,4/9/16,130244,2595.0
T191447,C7940080,M,NORTH 24 PARGANAS,12055.11,9/8/16,172333,8323.27
T180522,C8838485,M,DHANBAD,113238.74,9/8/16,64831,141.0
T93763,C1931761,M,NOIDA,3554.62,1/8/16,83126,135.0
T916661,C5422691,M,GURGAON,22183.16,12/9/16,184222,520.0
T795148,C2413844,M,TEHRI GARHWAL,3304.52,5/9/16,144925,203.45
T21413,C1840366,M,WARANGAL,32804.46,23/9/16,203239,200.0
T777842,C8935063,F,MUMBAI,17365.58,6/9/16,145132,210.0
T773068,C1117345,M,ALBION,26068.96,6/9/16,205918,830.0
T375694,C8915292,M,GOREGAON (EAST) MUMBAI,8375.2,13/8/16,132254,133.8
T633643,C3732249,F,BANGALORE,226492.11,29/8/16,164012,2920.0
T706078,C5641935,M,NEW DELHI,7566.65,30/8/16,101402,300.0
T951626,C5735461,M,THANE,4634.82,11/9/16,232456,400.0
T898939,C7911637,F,NASHIK,39917.14,7/9/16,100141,46.0
T460914,C7515969,M,TEMPLE CHENNAI,234553.24,21/8/16,161434,2819.0
T811460,C7818086,M,BANGALORE,3.12,4/9/16,223804,60.0
T990201,C6835743,M,BANGALORE,89777.85,15/9/16,193426,860.0
T483178,C4730275,M,NAVI MUMBAI,4501.16,21/8/16,223320,550.0
T971000,C8199425,M,NAMAKKAL,12021.0,10/9/16,110559,2231.0
T167095,C7629262,F,MUMBAI,5583.23,4/8/16,135818,307.0
T125199,C7230589,F,GURGAON,33.0,6/8/16,185843,275.0
T830151,C2212222,M,KAVANAD,30.56,4/9/16,133732,608.0
T475734,C6415476,M,MUZZAFFAR NAGAR,3249.04,20/8/16,41609,100.0
T891991,C3512637,F,ITANAGAR,1267.3,7/9/16,162926,49.0
T510159,C7511176,M,AHMEDABAD,36445.64,19/8/16,173827,500.0
T1028177,C1515665,F,SAUDAGAR PUNE,3869325.97,13/9/16,161828,9800.0
T325519,C8431546,M,DELHI,8831.37,15/8/16,144447,500.0
T526320,C4329219,M,AHMEDNAGAR,9424.33,24/8/16,150353,330.0
T882646,C4276922,M,MAHALAXMI MUMBAI,2057.61,8/9/16,85649,907.14
T872352,C2015860,M,DELHI,2077.72,8/9/16,195738,250.0
T1033728,C4854719,M,CHENNAI,749867.0,18/9/16,165129,1000.0
T960201,C8626270,M,COIMBATORE,343185.36,10/9/16,140629,8545.0
T982116,C1635624,M,GUNTUR,11390.83,15/9/16,101439,1020.0
T875128,C5632276,F,NEW DELHI,55734.14,8/9/16,183006,1559.0
T1037551,C1042275,F,GANGTOK,43809.97,18/9/16,140037,499.0
T774137,C2337378,M,DELHI,6848.28,6/9/16,190743,700.0
T510932,C1072359,M,BANGALORE,131477.36,19/8/16,154324,637.52
T458074,C9042153,F,BHUJ KUTCH,12406.89,21/8/16,14242,220.0
T745492,C6698730,M,DELHI,16386.22,2/9/16,211533,330.0
T551278,C7671453,F,AMRITSAR,224654.82,22/8/16,102446,183.0
T111992,C3236754,M,KADAPA,58.56,6/8/16,43632,27989.0
T78947,C2630582,M,GHAZIABAD,35813.34,2/8/16,200629,122.0
T737592,C4416856,M,PUNE,40732.43,2/9/16,154959,49.0
T1044712,C7227880,M,NEW DELHI,27395.83,18/9/16,103914,1000.0
T727693,C4158026,F,GURGAON,26573.95,2/9/16,115451,71.0
T311179,C8334023,M,DELHI,1369.08,10/8/16,173152,290.0
T882460,C5539962,M,BANGALORE,7329.54,7/9/16,212923,20.0
T564651,C6219049,M,GURGAON,15382.66,27/8/16,160450,197.0
T972199,C3011849,M,SURAT,270.62,15/9/16,174713,50.0
T327741,C8510011,F,NAGALAND,714.51,15/8/16,131805,1797.0
T991008,C7622351,M,PUNE,869085.69,15/9/16,194418,280.0
T663472,C5810462,M,MUMBAI,58989.93,28/8/16,150128,190.0
T852927,C7282222,M,THANE,474.53,9/9/16,221728,370.0
T451700,C3814754,M,VILE PARLE W MUMBAI,17853.65,16/8/16,202054,1500.0
T844839,C8873653,M,9A MALLESHWARAM BANGALORE,325.51,9/9/16,132859,295.0
T641636,C4830127,M,AURANGABAD,91322.46,25/8/16,192041,200.0
T114130,C3230514,M,KOLKATA,37180.72,6/8/16,134207,5104.0
T274798,C3332435,F,JAUNPUR,6554.61,12/8/16,201930,1000.0
T773480,C5415534,F,SAHARANPUR,32296.0,6/9/16,212706,20.0
T979866,C1312664,F,DELHI,96889.24,15/9/16,114645,3217.72
T972516,C4824160,M,PANCHVATI SOC SURAT,82917.49,10/9/16,83010,10.0
T947068,C7951619,F,HYDERABAD,206217.92,10/9/16,212828,852.0
T879086,C2719049,M,YAMUNA NAGAR,7634.94,7/9/16,230509,455.0
T848461,C2249880,M,GANDHINAGAR,11331.69,9/9/16,92432,63.0
T358266,C8257956,M,DELHI,28.75,14/8/16,181915,60.0
T64320,C7633267,M,BHIWADI,44083.12,2/8/16,85603,675.0
T828645,C6123629,F,KURNOOL,3304.13,4/9/16,155705,350.0
T1036523,C4110465,M,SHIMLA,5029.8,18/9/16,150357,700.0
T854632,C5124657,M,LUCKNOW,4026.71,9/9/16,222606,11666.0
T261500,C3155935,F,MUMBAI,160581.78,12/8/16,153951,2145.0
T836639,C4513186,M,SURAT,8392.06,4/9/16,105408,3000.0
T40160,C5235130,M,NASHIK,15785.75,27/9/16,193132,4499.0
T40446,C6926914,M,GHAZIABAD,126260.24,27/9/16,205153,2000.0
T259195,C3130647,M,HYDERABAD,3093.51,12/8/16,135557,368.0
T93959,C1221338,F,UDHAMPUR,8604.76,1/8/16,141421,484.0
T351513,C2824813,M,SURAT,11093.75,14/8/16,154248,1350.0
T434966,C1821812,M,HOSPITAL BANGALORE,36733.74,17/8/16,200530,242.0
T732033,C5527343,M,KANGRA,2058.71,2/9/16,145751,1.11
T854948,C1434583,F,CHANDIGARH,44899.72,9/9/16,214027,100.0
T654170,C8121221,M,THANE,5654.76,28/8/16,221054,220.0
T250669,C8842675,F,NEW DELHI,398647.03,7/8/16,204343,2799.0
T192537,C6936256,M,CHENNAI,15456.58,9/8/16,185154,205.0
T980262,C7610030,F,GHAZIABAD,42172.75,15/9/16,122139,147.0
T302672,C2036785,M,VILUPPURAM,430.47,10/8/16,145025,549.0
T447973,C5136357,M,NEW DELHI,9420.68,16/8/16,183904,300.0
T158774,C3735032,F,NOIDA,17606.58,4/8/16,101441,280.0
T568902,C7823225,M,JAIPUR,69.71,27/8/16,144604,60.0
T738,C4482416,M,BANGALORE,8329.81,21/10/16,194759,1286.0
T208801,C4365549,M,HYDERABAD,174930.95,3/9/16,122739,230.0
T240626,C4126262,M,BHOPAL,48981.05,7/8/16,173238,1365.0
T597826,C2336731,F,DELHI,34702.27,27/8/16,191346,499.0
T443454,C7480365,M,BANGALORE,108516.51,16/8/16,171958,289.0
T76222,C7437355,M,PURBI SINGHBHUM,19173.82,2/8/16,213607,16.0
T1045403,C2740545,M,GURGAON,19318.14,18/9/16,102340,568.0
T1040022,C3141837,F,NEW DELHI,17204.23,18/9/16,115934,150.0
T161101,C5410667,M,AGRA,31830.95,5/8/16,220950,235.0
T576817,C1723960,F,BANGALORE,10596.35,22/8/16,214946,39.0
T269378,C5921634,F,DELHI,27567.95,12/8/16,185612,1395.0
T967747,C2316344,M,NOIDA,5146.74,10/9/16,102355,150.0
T481858,C4539028,M,PUNE,78.29,20/8/16,25438,50.0
T100854,C4232933,M,PURI DISTRICT,20313.42,1/8/16,184334,1800.0
T469769,C6432457,M,MUMBAI,742944.12,21/8/16,215348,740.0
T887437,C7650654,M,THANE,4160.69,7/9/16,202934,2300.0
T862890,C7779030,M,BANGALORE,56206.57,8/9/16,120733,279.0
T519517,C7129811,M,DELHI,86751.77,24/8/16,133240,641.0
T824067,C3417014,F,RANCHI,8341.69,4/9/16,141408,712.9
T1042517,C2420717,F,DELHI,16644.78,18/9/16,140809,712.4
T329647,C8019954,M,EVARARD NAGAR SION(E) MUMBAI,5091.93,15/8/16,182118,12000.0
T620821,C7638327,M,NEW DELHI,73904.05,26/8/16,150439,529.0
T975373,C6825773,M,MEERUT,3568.16,15/9/16,163707,211.0
T189027,C2015325,M,HOSPITAL VIKHROLI E MUMBAI,353166.44,9/8/16,193125,150.0
T456198,C2728341,M,NOIDA,8022.26,21/8/16,32652,730.0
T323754,C7937447,M,MUMBAI,34477.58,10/8/16,230959,627.0
T1020727,C2581447,M,MUMBAI,41712.79,13/9/16,211149,2170.0
T632721,C1454758,M,KARNAL,7243.4,29/8/16,124044,316.0
T315114,C6911634,M,MUMBAI,9763.95,10/8/16,190028,550.0
T944703,C5627137,M,THANE,30370.94,11/9/16,215943,1514.0
T291736,C4979684,M,TIRUPUR,7645.39,11/8/16,224118,259.99
T921021,C6636422,F,AHMEDABAD,41324.39,12/9/16,230527,711.0
T350007,C8430368,M,SUBURBAN TEHSIL BORIVALI MUMBAI,4504.45,14/8/16,165437,2047.2
T774983,C4542012,M,DEHRADUN,8850.56,6/9/16,183814,468.0
T264717,C2720937,M,RAIPUR,6988.14,12/8/16,195914,540.0
T1028187,C1939177,M,GHAZIABAD,9791.68,13/9/16,133121,1300.0
T153745,C4829314,M,BANGALORE,34120.43,5/8/16,201750,91.0
T410261,C6520479,M,AMBASAMUDRAM,19731.41,18/8/16,212224,20.0
T606509,C3020116,F,PERAMBALUR,11159.13,26/8/16,191328,265.0
T564000,C3752813,F,DELHI,1795.99,22/8/16,125118,500.0
T701840,C5970647,M,THANE EAST,6149.72,30/8/16,172031,127.5
T72890,C3023169,F,PATHANKOT,133141.86,2/8/16,163143,3380.0
T702398,C5922627,M,KAPURTHALA,55571.9,30/8/16,170644,1500.0
T628392,C4017038,M,KOLKATA,34197.11,25/8/16,181910,1201.0
T181405,C4939156,M,GURGAON,320.86,9/8/16,80525,417.61
T234423,C1410455,M,MARCELA,23545.71,7/8/16,155849,1440.0
T974004,C6142886,F,CHENNAI,282324.36,15/9/16,162201,2601.0
T485196,C6434833,F,GURGAON,2155.47,20/8/16,151840,30.0
T691588,C1741388,M,MUMBAI,322278.08,30/8/16,182136,965.0
T1030926,C3418551,M,NEW DELHI,27728.47,13/9/16,104949,260.0
T35677,C7183824,M,NOIDA,19154.98,30/9/16,152538,1494.6
T208504,C4916837,M,CHENNAI,14376.47,3/9/16,135616,460.0
T742572,C5734832,M,NEW DELHI,355155.33,2/9/16,155553,50.2
T669799,C6438127,M,CHITTO0R,2913.07,28/8/16,145539,30.0
T569590,C6332871,M,LUDHIANA,4690.54,27/8/16,143639,1823.0
T334442,C2925238,F,NEW DELHI,811100.36,15/8/16,145800,548.5
T277697,C1315074,M,AIZAWL,4548.63,11/8/16,61934,101.15
T183757,C3013920,M,MUMBAI,5890.41,9/8/16,131608,250.0
T784050,C8119320,M,MUMBAI,100452.29,6/9/16,132206,1106.21
T368940,C4431865,M,MUMBAI,38117.59,14/8/16,220303,231.0
T272972,C6949416,F,MUMBAI,1629701.75,12/8/16,210950,43180.84
T198149,C5538947,M,HYDERABAD,3590.56,9/8/16,215514,911.0
T491217,C5140121,M,GURGAON,2452.77,20/8/16,141220,179.0
T952742,C3239270,F,BANGALORE,857025.92,10/9/16,191616,1599.0
T995859,C8432348,M,DUBAI,6062407.91,14/9/16,104358,468.0
T388054,C4820947,M,NOIDA,121716.66,13/8/16,201222,931.0
T584891,C1136682,M,DELHI,4288.89,27/8/16,174038,1000.0
T237633,C2615914,M,BANGALORE,58743.78,7/8/16,173122,698.0
T898523,C1323315,F,NEW DELHI,13416.23,7/9/16,131719,553.0
T626564,C3837969,M,CHENNAI,377.23,29/8/16,140858,180.0
T3186,C7917478,F,MUMBAI,515982.16,21/10/16,154611,66.0
T889699,C6722179,M,NEW DELHI,196698.97,7/9/16,194247,19.66
T229748,C5112767,F,HYDERABAD,31007.36,7/8/16,115218,344.0
T972336,C1132552,M,DELHI,13226.06,10/9/16,40906,803.75
T877655,C2022021,M,KOLKATA,112.53,8/9/16,193944,247.0
T50343,C6733544,F,MUMBAI,61746.92,3/8/16,143604,1059.13
T625765,C1960254,M,MANDI,2170.65,29/8/16,190939,600.0
T668212,C6427351,M,ZIRAKPUR,358602.41,28/8/16,141011,630.0
T68784,C8795823,M,DELHI,284.48,2/8/16,130855,168.0
T865663,C7533664,F,HYDERABAD,4686.44,8/9/16,121733,574.0
T1036516,C5532016,F,CHENNAI,112095.74,18/9/16,24116,330.0
T258699,C3115283,M,MUMBAI,552.34,12/8/16,112840,1010.0
T36397,C8526376,F,KARNAL,42498.91,26/9/16,185452,63.0
T554381,C8526312,M,MEERUT,1.51,23/8/16,174252,249.0
T868143,C5241443,M,PANCHKULA,244724.21,8/9/16,141748,3561.0
T94052,C4427978,M,THANE,89365.55,1/8/16,163105,1484.52
T261013,C4921373,M,NEW DELHI,47455.7,12/8/16,183419,2843.5
T757926,C4427860,M,NOIDA,150940.31,1/9/16,190704,400.0
T456488,C2111252,M,ADILABAD,2326.83,16/8/16,192535,30.0
T30683,C4420035,F,KOLKATA,26906.21,25/9/16,202244,419.3
T792277,C1629355,M,ERNAKULAM,55841.73,5/9/16,94408,850.0
T533889,C2836121,M,INDORE,14589.6,24/8/16,205735,600.0
T620759,C8526913,F,CHENNAI,16790.87,28/8/16,92529,989.0
T166860,C7410953,M,PUNE,111593.05,4/8/16,135426,60.0
T165105,C2519777,M,GURGAON,244718.54,4/8/16,134711,625.0
T380721,C1057017,F,DEHRADUN,18793.02,13/8/16,125000,390.0
T54525,C5730435,M,BHOPAL,7754.76,3/8/16,201029,17.0
T91384,C4210113,M,VADODARA,10181.79,27/9/16,180755,100.0
T324854,C3923073,M,CHENNAI,56202.21,15/8/16,123501,2252.0
T159930,C2224355,M,KOLKATA,101103.54,5/8/16,213844,470.0
T707078,C6812859,M,BALLIA,8492.76,3/9/16,102826,250.0
T128907,C6232091,M,RAJKOT,20957.99,6/8/16,192113,6827.98
T573579,C1111362,M,BANGALORE,60582.53,22/8/16,174641,150.0
T1035452,C2087653,F,DELHI,9701.78,13/9/16,92402,815.93
T1044943,C4227575,M,NOIDA,252815.27,18/9/16,104604,345.0
T469664,C1618439,M,MUMBAI,19387.91,21/8/16,171043,345.0
T997256,C2922628,F,MUMBAI,1041817.52,14/9/16,114835,280.0
T492604,C7837740,M,SARJAPUR MAIN RD BANGALORE,105741.53,20/8/16,211247,984.0
T936203,C7631476,M,CHANDIGARH,28102.51,11/9/16,200323,600.0
T564323,C3912242,F,BHUBANESHWAR,31.32,22/8/16,161800,80.0
T175352,C5721159,M,THIRUVANNAMALAI DT,3308.67,9/8/16,81121,99.0
T261427,C2511488,M,DELHI,3159.37,12/8/16,171239,210.0
T116858,C6230256,M,SHIMLA,14542.4,6/8/16,132147,662.0
T244296,C1439619,M,NEW DELHI,2686.1,7/8/16,170237,100.0
T29570,C5331025,M,EAST GODAVARI,3673.29,26/9/16,132214,55.0
T521435,C5125036,M,BANGALORE,227655.32,19/8/16,235056,3601.0
T520130,C4519547,M,JAIPUR,33711.55,19/8/16,185350,144.06
T324066,C3220481,M,FARIDABAD,1410.52,10/8/16,230043,99.0
T652499,C2038176,F,MOHALI,28012.04,31/8/16,133721,1300.0
T903145,C6613671,M,NEW DELHI,8610.97,12/9/16,161547,800.0
T339400,C2715616,M,DELHI,2494.74,15/8/16,221948,152.0
T947939,C2839861,M,GURGAON,46769.83,11/9/16,210418,1674.52
T397886,C2629390,M,THIRUVANANTHAPURAM,49189.78,13/8/16,205923,173.0
T693884,C1082357,M,JAIPUR,5953.54,30/8/16,191024,500.0
T958425,C5911384,M,KOLKATA,435.38,10/9/16,182445,599.0
T51853,C7921124,M,PALI,964965.15,3/8/16,171032,9999.0
T447425,C6469037,M,GURGAON,6746.77,16/8/16,175559,40.0
T1008625,C7114635,M,PRATAPGARH,9911.93,14/9/16,233349,45.0
T814856,C6722954,M,SHIMLA,83913.0,4/9/16,200224,86.0
T54039,C4621553,M,BANGALORE,232729.43,3/8/16,191626,174.32
T326413,C1015150,M,CHANDIGARH,141610.45,15/8/16,112323,25.0
T699406,C6512074,M,GURGAON,27702.58,30/8/16,150131,220.53
T25865,C2360086,M,GORAKHPUR,28185.38,26/9/16,175427,310.0
T224452,C8410550,M,GUNTUR,12288.41,7/8/16,91456,898.56
T410242,C8237714,M,KARNAL,39805.53,18/8/16,194111,700.0
T326649,C3361768,F,KHAR  MUMBAI,172495.65,15/8/16,131324,1000.0
T795114,C1521620,M,NOIDA,39912.7,5/9/16,153024,170.0
T564912,C9038558,M,MUMBAI,2609.25,22/8/16,121214,100.0
T209616,C6731533,F,GURGAON,113905.02,3/9/16,134159,2040.0
T814880,C3735972,M,MORADABAD,585.27,4/9/16,194900,260.0
T392795,C5713366,M,NOIDA,706559.24,13/8/16,224850,149.0
T569154,C8118427,M,NOIDA,547.58,22/8/16,140308,284.38
T1016605,C4210092,M,BANGALORE,4460.02,13/9/16,200200,890.0
T810893,C1234653,M,BANGALORE,32627.11,5/9/16,210950,357.0
T701373,C6414119,F,GURGAON,1013679.67,30/8/16,124041,1750.0
T232847,C1213982,M,FARIDABAD,3051.18,7/8/16,145137,100.0
T570848,C6067446,M,MUMBAI,14967.42,27/8/16,23155,888.96
T469974,C5220241,F,BHAJAN PURA,8815.96,21/8/16,154837,374.0
T405122,C8525048,M,KADAPA,25082.81,18/8/16,210716,900.0
T297186,C8421430,M,GURGAON,893.41,11/8/16,214543,2949.0
T454967,C4388741,F,AMRITSAR,2867.9,16/8/16,230013,730.0
T642526,C3539549,M,GURGAON,7446.1,25/8/16,185015,30.0
T605097,C5048079,M,BHOPAL,6005.32,26/8/16,190655,753.0
T989154,C3992290,M,NEW DELHI,12583.75,15/9/16,201229,205.0
T950056,C7213186,M,KOLAR - DISTRICT,11.26,11/9/16,230111,362.0
T857139,C4115257,M,NEW DELHI,1234605.82,9/9/16,220949,7597.0
T13874,C3222525,M,RANGA REDDY,324239.41,27/9/16,172308,6198.0
T886966,C5539883,M,BANGALORE,1979681.54,7/9/16,190404,5000.0
T428648,C6346669,F,NAVI MUMBAI,26063.28,17/8/16,151217,105.0
T392425,C1212386,F,GURGAON,3868.94,13/8/16,213443,351.0
T459416,C3440511,M,MAROL METRO MAROL ANDHERI (E)MUMBAI,19046.27,21/8/16,93822,300.0
T966123,C8825140,F,NEW DELHI,389433.26,10/9/16,125822,560.0
T302037,C8934026,F,GREATER NOIDA,191190.32,10/8/16,132231,3000.0
T906160,C7441628,M,BENGALURU,790.2,12/9/16,171522,200.0
T759461,C4435174,F,HYDERABAD,790.16,1/9/16,151053,50.0
T517578,C8816137,M,DEHRADUN,65805.39,24/8/16,3722,1800.0
T357072,C7837757,M,GHAZIABAD,8064.36,14/8/16,130545,1839.21
T675787,C1337079,M,DELHI,505090.8,31/8/16,175715,200.0
T623381,C8214558,M,KAITHAL,93137.78,25/8/16,182136,197.0
T96367,C7362886,M,CHANDIGARH,1700.16,1/8/16,185715,480.0
T473487,C6841556,M,DELHI,41810.4,21/8/16,181216,335.0
T672250,C7733659,M,LAXMANGARH,4991.88,28/8/16,204240,355.0
T749722,C5653523,M,JAIPUR,7619.11,1/9/16,220959,200.0
T861558,C1424628,M,NEW DELHI,46498.6,8/9/16,93816,1000.0
T414938,C8441229,F,BISHNUPUR,28704.5,18/8/16,192729,460.0
T267483,C5039653,F,POINTS HOTEL VADGAONSHERI PUNE,6403.46,3/9/16,113812,200.0
T886445,C5537079,M,BANGALORE,7089.62,7/9/16,195615,455.0
T20674,C2328253,M,BARDDHAMAN,8338.2,23/9/16,190958,1720.0
T167385,C5316154,F,PUNE,125870.16,4/8/16,204702,2135.5
T796622,C3889475,M,MUMBAI,2249.91,5/9/16,145623,4460.0
T594478,C1532251,F,THANE,11338.38,25/8/16,131904,600.0
T946255,C1252533,M,NEW DELHI,7828.34,11/9/16,202908,529.0
T384835,C8675719,M,MUMBAI,7088.12,13/8/16,150503,969.0
T71205,C3917069,M,NEW DELHI,2922.16,2/8/16,150436,507.5
T910956,C2939647,M,KOZHIKODE,16149.53,12/9/16,101527,564.0
T816325,C6842367,F,PUNE,13100.96,4/9/16,160813,2300.0
T133241,C5114591,F,NEW DELHI,25006.0,5/8/16,51905,200.0
T743313,C1732445,M,PUNE,96471.09,2/9/16,184658,141.36
T604308,C5630977,M,NEW DELHI,82964.54,26/8/16,175506,4500.0
T929075,C4416656,F,NEWDELHI,20422.76,11/9/16,130030,780.0
T399402,C7882224,M,DIMAPUR,42278.49,18/8/16,61813,1000.0
T319126,C8025518,M,MORADABAD,6419.58,15/8/16,120409,147.0
T1004457,C1316733,M,DEHRADUN,331.35,14/9/16,175431,498.32
T151320,C6827072,M,PUNE,37994.37,5/8/16,210722,190.0
T847584,C4827645,M,JAIPUR,2505.81,9/9/16,122921,2369.0
T353369,C4685517,F,DELHI,48487.76,14/8/16,165042,2784.79
T347095,C3525311,M,RD NR DURGA CHOWK NEW DELHI,27261.5,14/8/16,34405,1187.0
T849801,C2686520,M,GURGAON,74572.94,9/9/16,94543,500.0
T427183,C9037111,F,DELHI,42263.27,17/8/16,205525,1130.0
T641013,C6348840,M,BHOPAL,78153.63,25/8/16,204342,2138.0
T851218,C8319967,F,NEW DELHI,104.68,9/9/16,191213,100.0
T705783,C5439938,M,VISAKHAPATNAM,6534.98,30/8/16,110910,2615.96
T134936,C8310222,M,BANGALORE,47857.4,5/8/16,141932,3330.0
T76692,C6464920,F,NILGONDA,14140.74,2/8/16,194957,653.0
T39778,C3193665,M,BANGALORE,15376.8,22/9/16,153114,200.0
T926225,C4692522,M,BANGALORE,11641.66,11/9/16,105737,300.0
T455260,C4826384,M,GURGAON,34889.08,16/8/16,211510,220.0
T212298,C3716021,M,NEW DELHI,182106.2,8/8/16,184244,37171.0
T683909,C3925215,M,NEW DELHI,330116.82,31/8/16,220801,380.0
T947274,C7626044,M,FARIDABAD,10843.67,11/9/16,203710,3217.0
T82832,C8217978,M,SOUTH 24 PARGANAS,17372.76,2/8/16,221254,230.0
T832006,C3722213,M,DHOLPUR,43057.61,4/9/16,125817,74.0
T165314,C8640721,M,NEW DELHI,9125.99,4/8/16,203113,300.0
T802452,C6713952,M,VELLORE,70655.94,5/9/16,192732,3907.0
T384396,C9033431,M,RANCHI,27939.65,13/8/16,190006,2390.0
T536461,C3737369,M,NOIDA,90460.69,24/8/16,230521,4568.06
T812086,C2622452,F,DELHI,209431.27,4/9/16,191053,398.0
T941011,C6520380,M,NOIDA,161057.83,11/9/16,213800,1000.0
T420228,C5249860,M,DELHI,13800.14,17/8/16,111942,189.05
T775967,C2725141,M,SURAT,5488.3,6/9/16,190704,1500.0
T749977,C8622119,M,CARANZALEM,6302.22,2/9/16,230124,1750.0
T223949,C7933422,M,BANGALORE,7101.01,7/8/16,111304,992.0
T575780,C5324148,M,HYDERABAD,1301.99,22/8/16,114600,14.0
T20226,C7322033,M,GURGAON,155.96,23/9/16,204106,300.0
T313281,C4139612,F,MUMBAI,133555.2,10/8/16,222831,2700.0
T28980,C1321421,M,NEW DELHI,230818.19,25/9/16,234855,269.33
T1002245,C2128058,M,BHOPAL,169.92,14/9/16,172814,4250.0
T945597,C3419634,M,KOZHIKODE,266459.19,11/9/16,212519,400.0
T415003,C4325257,F,KOTTAYAM,11004.13,18/8/16,205757,1049.0
T356072,C8334628,M,PUNE,646025.83,14/8/16,183927,5888.6
T1033041,C4464467,M,KOLKATA,402912.21,18/9/16,173052,5940.0
T229290,C4438132,M,ALLAHABAD,18451.01,7/8/16,122425,144.43
T205116,C7845169,M,LUCKNOW,4894.54,8/8/16,111406,1000.0
T1046089,C3418048,M,MEWAT,47.86,18/9/16,121242,200.0
T251950,C4327916,M,MUMBAI,51490.32,12/8/16,2950,470.0
T974497,C5921172,F,MUMBAI,223345.42,15/9/16,154138,55.3
T245321,C3128227,F,PANCHKULA,40027.85,7/8/16,212229,283.0
T711663,C7012212,M,GURGAON,14306.24,3/9/16,185115,30.0
T935547,C2739857,M,DELHI,23881.24,11/9/16,141657,643.45
T739383,C4433875,F,SILIGURI,9670.64,2/9/16,183110,18.0
T509718,C7242392,M,KALKA,4724.27,19/8/16,182114,550.0
T1002689,C3463135,F,NOIDA,1126.51,14/9/16,132751,9800.0
T154892,C4121962,M,JHANSI,2421.65,5/8/16,210524,155.0
T692278,C2040112,M,PUNE,13939.39,30/8/16,10401,291.0
T20528,C1931149,F,NOIDA,3882.64,23/9/16,191442,250.0
T545990,C4366443,F,GURGAON,270.45,24/8/16,160739,282.0
T473767,C6620757,M,VISAKHAPATNAM,204987.22,21/8/16,220440,7916.0
T461000,C1233941,M,BANGALORE,24519.66,16/8/16,212221,250.0
T919274,C2084776,M,KOLKATA,9441.1,12/9/16,192039,153.0
T690378,C7820015,M,BARMER,24213.89,31/8/16,73349,653.75
T815726,C6810257,M,GURGAON,6898.18,4/9/16,210258,540.0
T203866,C4641148,M,NEW DELHI,7709.61,8/8/16,104434,50.0
T453931,C9014828,F,NOIDA,72229.44,16/8/16,211520,175.0
T693468,C2334550,F,CHANDIGARH,44899.72,31/8/16,201830,100.0
T419866,C6724762,M,AHMEDABAD,4963.97,17/8/16,115617,150.0
T403883,C3837658,M,MUMBAI,87152.98,18/8/16,140502,750.0
T861781,C4816160,F,KOTTAYAM,10096.16,8/9/16,102552,465.0
T310891,C2418566,M,DELHI,981.56,10/8/16,202917,20.0
T519815,C8510015,M,AJMER,197.62,24/8/16,110341,96.0
T110004,C4728056,M,GURGAON,89007.79,1/8/16,215406,1218.2
T202921,C6923145,M,NAVI MUMBAI,32985.34,8/8/16,141847,55.0
T775462,C4736089,M,BARODA,413145.52,6/9/16,212951,2000.0
T524058,C1010666,M,NANDURBAR,4450.94,19/8/16,221048,497.0
T318375,C1514677,M,BANGALORE,24348.92,15/8/16,115220,500.0
T227094,C8416624,M,NALGONDA,17093.11,7/8/16,74942,300.0
T327321,C5733134,M,BHILWARA,236892.18,15/8/16,192045,2365.0
T344548,C1414152,M,BANGALORE,0.0,15/8/16,214427,133.0
T280624,C5111955,F,SEHORE,73.68,11/8/16,94456,117.0
T60784,C1122478,M,LUCKNOW,4391.42,3/8/16,201000,1500.0
T100803,C2912535,F,GURGAON,2884.96,1/8/16,185500,150.0
T473193,C7742681,M,BANGALORE,18408.8,21/8/16,154144,531.0
T293324,C5138649,M,BANGALORE,34406.62,11/8/16,203400,477.0
T69173,C6035463,M,NOIDA,10493.92,2/8/16,132832,49.0
T227162,C5874029,M,JALANDHAR,87307.83,8/8/16,182912,100.0
T100534,C8118389,M,PUNE,10394.52,6/8/16,92625,50.0
T547008,C1726211,F,PONDICHERRY,36071.84,23/8/16,110739,1100.0
T109090,C3716969,F,NEW DELHI,284314.68,6/8/16,141533,250.0
T604650,C7540055,F,DELHI,18433.06,26/8/16,175250,2040.0
T821139,C7210923,M,MUMBAI,8969.07,4/9/16,205448,300.0
T331641,C3729586,M,BATHINDA,4400180.98,15/8/16,162203,3456.0
T988964,C7842745,M,DELHI,21145.15,15/9/16,204024,2250.0
T364228,C4745880,M,MUMBAI,61720.47,14/8/16,183644,724.8
T138165,C2913884,F,GURGAON,36239.7,5/8/16,164231,30.0
T816171,C2424266,F,NEW DELHI,22174.56,4/9/16,201333,1190.0
T3266,C4341556,M,NEW DELHI,6412.6,21/10/16,145508,430.0
T900784,C5227137,M,THANE,30370.94,12/9/16,180621,250.0
T948341,C2136457,M,GHAZIABAD,92028.51,11/9/16,211444,1657.32
T473952,C5434723,M,THANE WEST,24689.22,21/8/16,231713,730.0
T285083,C1598737,M,RAJGURUNAGAR,2246.93,11/8/16,155729,50.0
T297050,C6681078,M,JALANDHAR,351.93,10/8/16,2606,351.0
T163464,C7142231,M,SOUTH 24 PARGANAS,2663.42,4/8/16,125035,996.0
T255123,C7236319,M,NOIDA,13063.36,12/8/16,85435,40.0
T799174,C6140773,M,AHMEDABAD,120951.51,5/9/16,180050,13000.0
T597071,C1733188,M,RAIGAD,165.44,26/8/16,220054,778.0
T843471,C3239872,M,NORTH 24 PGS,36.3,9/9/16,111640,30.0
T788000,C4232592,M,DAMAN,9759.62,5/9/16,503,50.0
T32222,C5325926,M,MUMBAI,47526.13,25/9/16,205125,385.0
T427353,C6179191,F,BANGALORE,9.32,17/8/16,163247,295.0
T857946,C3023629,M,NAGAR PUNE,2112.9,9/9/16,221215,90.0
T85784,C6189413,F,NEW DELHI,5909.94,1/8/16,142156,41.0
T959857,C2118087,F,GURGAON,92355.04,10/9/16,145851,5242.36
T500212,C7810268,M,CHENNAI,10100.21,20/8/16,194902,618.0
T685841,C3716153,M,NAVI MUMBAI,1330.4,31/8/16,220657,637.0
T555183,C8733321,M,DELHI,470653.79,24/8/16,153602,1845.0
T276918,C1219388,M,DAS HOSPITAL MUMBAI,5.47,12/8/16,234655,290.0
T925604,C8644823,M,VADODARA,32291.55,11/9/16,114933,2471.1
T734199,C3131691,M,AGRA,626149.98,2/9/16,122157,1149.0
T75255,C5138177,M,THANE WEST,24573.41,2/8/16,185853,1461.0
T657991,C8712038,M,MUMBAI,51661.28,28/8/16,174819,1195.0
T240880,C2638047,M,HOWRAH,10109.21,7/8/16,173438,496.0
T429318,C6720134,M,JIND,5202.48,17/8/16,184456,19.0
T920390,C6812019,M,ANKLESHWAR,9479.14,12/9/16,222956,100.0
T624348,C8734668,M,NEW DELHI,6600.23,25/8/16,175156,168.71
T933070,C5515326,M,JALANDHAR,83481.64,11/9/16,171248,1500.0
T409617,C2614225,M,BANGALORE,187.78,18/8/16,202458,750.0
T880925,C3226012,F,DELHI,200673.63,7/9/16,212453,1161.31
T163920,C1525463,M,AURANGABAD,14078.07,4/8/16,123425,44.0
T977150,C6142622,M,MEERUT,128845.63,15/9/16,114803,5090.0
T518438,C5641221,M,GURGAON,21578.32,24/8/16,113638,1001.0
T575609,C3229388,F,MUMBAI,2494.16,27/8/16,121814,2100.0
T104668,C2677835,M,RAJKOT,48407.09,1/8/16,211742,169.0
T545693,C3037065,F,BANGALORE,27212.56,24/8/16,175554,38.55
T259166,C6824192,M,BELGAUM,49.54,12/8/16,154523,399.92
T71277,C2735545,M,MUMBAI,1911.58,2/8/16,161919,1100.0
T827683,C1032675,M,BANGALORE,29710.69,4/9/16,113406,550.0
T533051,C5938254,F,DELHI,5308.59,24/8/16,204707,480.0
T475913,C8030814,M,DELHI,12320.49,21/8/16,185206,2350.0
T881614,C4141483,M,BANGALORE,224642.08,7/9/16,221152,407.0
T4899,C2622783,M,GURGAON,247706.27,22/9/16,62250,4204.0
T42788,C1212183,M,1ST BLOCK BANGALORE,7602.81,3/8/16,71458,200.0
T595326,C2510033,F,MUMBAI,182474.94,25/8/16,142,925.0
T243199,C7820514,M,PUNE,5013.17,7/8/16,190911,250.0
T678600,C4823268,M,BANGALORE,4585.98,31/8/16,192027,722.68
T688651,C4317345,M,DELHI,4888.89,30/8/16,200842,222.07
T907690,C1620621,M,DEHRADUN,14276260.1,12/9/16,122905,12680.0
T191573,C8236631,M,SURAT,29508.05,9/8/16,190450,860.0
T364198,C4645851,M,NOIDA,4658.4,14/8/16,181708,490.0
T333490,C2216188,M,MUZAFFARPUR,95.0,15/8/16,151313,50.0
T203732,C6257124,M,GURGAON,32739.97,8/8/16,100720,296.0
T975133,C4122857,M,MEERUT,21976.96,15/9/16,160921,10.0
T362713,C9042954,M,MUMBAI,269547.13,14/8/16,173038,2938.0
T672430,C1213621,F,CHENNAI,5737.74,28/8/16,132449,879.0
T917142,C4238829,M,HYDERABAD,12240.45,12/9/16,213431,338.0
T71863,C2913561,M,NEW DELHI,38525.02,2/8/16,160857,197.0
T382367,C2530678,M,FARIDABAD,52.1,13/8/16,182854,100.0
T170040,C3636761,M,MUMBAI,43579.12,9/8/16,4927,1174.94
T509686,C4394255,M,BHAVNAGAR,10238.63,19/8/16,111459,240.0
T709976,C9020587,M,MOHALI,317742.41,3/9/16,171053,2488.5
T903136,C4520858,M,BANGALORE,42505.9,12/9/16,162700,170.0
T103681,C1035784,F,DEOGHAR,21008.04,1/8/16,200845,69.0
T488655,C3818043,M,GHAZIABAD,93556.45,20/8/16,144122,231.0
T795108,C2914817,M,DELHI,138176.58,5/9/16,144607,1000.0
T346145,C6614025,M,MUMBAI,14286.48,14/8/16,32315,1000.0
T289852,C5022069,M,BANGALORE,8994.75,11/8/16,174111,11250.0
T609635,C5439622,F,NEW DELHI,363413.08,26/8/16,175728,999.0
T587065,C6625965,M,NADIAN,7637.27,23/8/16,153134,60.0
T921503,C4622540,M,GANGTOK,97657.66,11/9/16,52727,3000.0
T702478,C3627911,F,STORE HYDERABAD,425.21,31/8/16,181717,294.94
T142427,C3120913,M,PUNE,156103.2,5/8/16,192534,5558.06
T730616,C7936322,F,CHENNAI,2491.0,2/9/16,154100,900.0
T329002,C8815469,M,KAPURTHALA,123.93,15/8/16,122539,2000.0
T650329,C2833211,M,NEW DELHI,10077.61,31/8/16,131434,1000.0
T952796,C8513748,M,KUSHALNAGAR,0.71,10/9/16,204540,630.0
T532266,C6659587,F,BANGALORE,1759.82,23/8/16,94244,44.98
T276964,C4926369,M,SUNNYVALE,41433.77,12/8/16,222143,395.0
T455975,C6788287,M,NEW DELHI,13677.82,21/8/16,83804,295.0
T59391,C8326292,M,BAMBOLIM,12529.26,3/8/16,210922,397.0
T314854,C4040085,F,MUMBAI,9899.8,10/8/16,140135,91.8
T724171,C7922249,M,GAUTAM BUDDHA NAGAR,11375.96,2/9/16,85512,50.0
T251158,C3932579,M,MUMBAI,47592.27,7/8/16,203634,805.0
T659153,C1125559,F,GURGAON,339.17,31/8/16,114405,299.0
T913230,C5919036,M,NORTH 24 PARGANAS,95947.01,12/9/16,191633,25000.0
T681592,C5934012,M,JAMNAGAR,3132.81,30/8/16,224232,10200.0
T800440,C2520871,M,MUMBAI,11868.28,5/9/16,172301,336.61
T568538,C3235372,M,DELHI,9325.4,27/8/16,174309,300.0
T869854,C6416157,M,BANGALORE,118682.97,8/9/16,170914,200.0
T144237,C4036789,M,GREATER NOIDA,19613.16,5/8/16,182121,100.0
T469113,C8543155,F,BANGALORE,5300.27,21/8/16,194530,873.6
T638611,C3518147,M,DELHI,10361.79,29/8/16,92523,172.0
T668634,C4579032,F,THANE,51457.56,31/8/16,103815,882.67
T204350,C1097923,M,HYDERABAD,35125.39,8/8/16,145653,680.0
T217880,C7111240,M,PUNE,34862.27,7/8/16,24129,19.0
T769604,C5355211,F,NEW DELHI,100501.84,1/9/16,35427,1000.0
T457642,C8713088,M,NOIDA,59032.12,16/8/16,192628,500.0
T356981,C4327447,M,NOIDA,120362.02,14/8/16,190737,964.0
T555145,C8025711,F,THANE,1254998.35,23/8/16,115048,23.0
T631677,C3237149,M,MUMBAI,23716.38,29/8/16,125035,259.0
T588320,C3795544,M,NOIDA,28.27,25/8/16,143930,1.0
T995207,C7813578,M,MUMBAI,292784.45,14/9/16,104211,3464.0
T357618,C7739373,M,AHMEDABAD,22014.4,14/8/16,184844,3695.0
T581190,C2992245,M,RAJKOT,304147.16,22/8/16,212459,249.0
T240636,C2930891,F,DELHI,81136.21,7/8/16,172320,4150.0
T979711,C6226937,M,PUNE,74742.99,15/9/16,112339,200.0
T349127,C2540662,M,FARIDABAD,14499.79,14/8/16,131844,444.38
T233605,C8039235,M,FARIDABAD,309124.44,7/8/16,141019,890.0
T666518,C2521013,M,MUMBAI,26773.12,28/8/16,170243,50000.0
T1020432,C9036619,F,SILIGURI,9756.14,13/9/16,143920,3615.92
T590035,C1427651,M,PANAJI,96247.88,22/8/16,215718,257.0
T928608,C2521849,M,RANCHI,73972.46,11/9/16,150017,549.0
T1020102,C5618073,F,GURGAON,30567.48,13/9/16,180034,50.0
T44520,C5330041,M,CHENNAI,10866.37,3/8/16,104701,455.0
T308740,C7820961,M,POLLACHI,3108.9,10/8/16,182807,199.0
T526694,C4812237,M,BAMBOLIM,639.32,24/8/16,195349,4100.0
T748549,C4713784,M,MUMBAI,26276.08,2/9/16,230259,230.0
T1001423,C2717947,M,MUMBAI,9787.95,14/9/16,172112,2500.0
T39038,C7166113,M,BANJARA HILLS HYDERABAD,60457.74,27/9/16,200746,154.0
T901290,C4818779,M,BANGALORE,9370.3,7/9/16,75647,6065.0
T304774,C5434053,M,SALEM,29128.51,10/8/16,151528,850.0
T543746,C7630286,F,DELHI,112797.51,24/8/16,185436,621.0
T300035,C5522253,F,GURGAON,281540.44,11/8/16,222333,1153.0
T742255,C1915032,M,GWALIOR,486740.36,2/9/16,211202,77000.0
T233037,C4713340,M,THRISSUR,1866.1,7/8/16,81357,199.0
T697274,C3430592,M,MUMBAI,6877.33,30/8/16,201822,376.0
T52709,C8010446,M,MARG LOWER PAREL MUMBAI,9.7,3/8/16,180340,231.0
T789062,C8932480,M,NOIDA,2075.12,5/9/16,85758,660.0
T821778,C5017533,M,KOCHI,11294.38,4/9/16,145710,500.0
T938349,C2518535,F,NEW DELHI,12321.88,11/9/16,192937,465.0
T632948,C5922135,F,DELHI,15783.02,29/8/16,174847,665.7
T187809,C8136962,M,JAIPUR,43378.8,9/8/16,180709,50.0
T684422,C2323491,M,THRIUVALLUR,9254.51,30/8/16,84622,59.0
T219959,C3820389,M,MUMBAI,133500.55,7/8/16,15517,900.0
T930836,C8522331,F,ANDHERI W MUMBAI,16769.7,11/9/16,145258,644.0
T901183,C4125139,F,DELHI,27681.61,12/9/16,173208,100.0
T909182,C5110380,F,MUMBAI,1165.79,12/9/16,112207,1600.0
T70390,C6438355,M,NEW DELHI,1244.0,2/8/16,165642,980.0
T775167,C4513333,M,NEW DELHI,36.91,6/9/16,193450,200.0
T85263,C6292877,F,BANGALORE,35473.94,1/8/16,102640,175.0
T961060,C1442192,M,PANCHKULA,11543.04,10/9/16,182411,2998.0
T766250,C3025168,M,BALLABGARH,11868.98,1/9/16,10931,1.0
T187632,C1692758,M,MUMBAI,47288.78,9/8/16,145347,15000.0
T719522,C4619245,F,PATTIVEERANPATTI,1689.41,3/9/16,211244,288.0
T679379,C3319364,M,DELHI,18305.78,31/8/16,183556,200.0
T203029,C7719661,M,PUNE,169323.74,8/8/16,103324,100.0
T199800,C2239889,M,NEW DELHI,2529.91,9/8/16,205630,400.0
T211604,C2223591,F,KANPUR,6779.98,8/8/16,160427,2289.0
T363557,C5423445,M,GURGAON,7192.91,14/8/16,162910,383.0
T858089,C5924212,M,BANGALORE,32132.16,8/9/16,83530,1000.0
T40437,C1539861,M,MUMBAI,2378.64,27/9/16,203911,100.0
T67239,C8525260,M,PANVEL,12336.5,2/8/16,173247,930.0
T400284,C8020756,F,MUMBAI,47921.25,18/8/16,131543,416.0
T44406,C4637311,M,MOHALI,20375.05,3/8/16,81003,1500.0
T504240,C8721975,M,BANGALORE,11771.88,20/8/16,223404,260.0
T989930,C6694418,M,GURGAON,13699.54,15/9/16,192545,328.08
T960467,C3722719,M,FARIDABAD,35261.42,10/9/16,140548,1698.0
T869315,C1414925,M,GORAKHPUR,19.6,8/9/16,160827,30.0
T405223,C8940847,M,NAMAKKAL,1231.75,18/8/16,173429,375.0
T612123,C2817016,M,DELHI,49381.19,25/8/16,82639,4500.0
T566096,C6629768,M,NABARANGPUR,12123.24,27/8/16,170340,26.0
T446157,C3922962,M,VADODARA,6122.01,16/8/16,181631,8000.0
T229271,C6923148,M,REWARI,347165.73,7/8/16,120053,1000.0
T169140,C5932784,M,(W) MUMBAI,28.08,4/8/16,225809,1080.0
T723636,C5426820,M,VISAKHAPATNAM,58002.7,2/9/16,90137,68.0
T311916,C7919789,F,MUMBAI,143.21,10/8/16,174938,133.0
T632934,C8163881,M,PUNE,7523.54,29/8/16,213624,550.0
T688194,C7333531,M,PUNE,237607.46,30/8/16,215846,180.0
T875774,C8414568,M,AMLA,9372.91,8/9/16,221658,116.0
T316125,C3622244,F,DARJEELING,184.03,10/8/16,185857,1890.0
T111736,C1633318,M,CHENNAI,42629.63,6/8/16,104028,407.0
T656858,C3318580,M,GURGAON,3266187.79,28/8/16,173917,6350.0
T482115,C1935856,M,NOIDA,10171.62,20/8/16,123856,230.0
T363292,C4917448,M,BANGALORE,343.91,14/8/16,235444,243.0
T567339,C8221391,M,KHARAR,3361.02,22/8/16,141026,1220.0
T633385,C6481946,F,BANGALORE,20211.84,29/8/16,110534,4843.0
T989842,C6613738,M,GURGAON,96870.15,15/9/16,204533,82.0
T675542,C7425255,M,DELHI,36.93,28/8/16,83755,60.0
T678647,C6239039,M,NEW DELHI,172856.35,28/8/16,142905,548.0
T336588,C6725641,F,BANGALORE,68.6,15/8/16,210151,1186.03
T218440,C3828440,M,MANGALORE,3697.23,8/8/16,193009,254.0
T159627,C4835336,M,ZIRAKPUR,8.73,4/8/16,95301,500.0
T802779,C2120543,M,HOSPITAL PUNE,22377.98,5/9/16,194122,1691.9
T769246,C5830771,M,BHOJPUR ANNAH,5866.61,1/9/16,85605,30.0
T714614,C6140452,M,NEW DELHI,22055.02,3/9/16,181741,500.0
T92203,C4468887,M,KANPUR,68870.31,22/9/16,114945,275.0
T344870,C4416533,M,SURATGARH,16410.52,14/8/16,132340,1000.0
T711326,C5782584,F,BHUJ,3853.97,3/9/16,90806,110.0
T734020,C4717218,M,BANGALORE,11871.26,2/9/16,125905,200.0
T651445,C7632912,M,CHAKRADHARPUR,228041.03,28/8/16,201158,260.0
T416393,C5760536,M,SALEM,18380.87,17/8/16,33001,96.0
T15881,C2621254,M,AHMEDABAD,38547.25,26/9/16,140757,350.9
T705497,C6939954,F,BANGALORE,217655.68,3/9/16,101256,800.0
T545558,C8713627,M,NEW DELHI,3064107.32,24/8/16,170007,229.91
T543951,C7022442,F,MUMBAI,15986.28,23/8/16,105612,1900.0
T861044,C5117349,M,DELHI,143712.17,8/9/16,102438,15250.0
T824601,C5227529,F,CHANDIGARH,13859.03,4/9/16,141732,65.37
T590666,C2235080,M,KOLKATA,47.94,25/8/16,101447,2.0
T888616,C6115283,F,THANE W,7744.36,7/9/16,191640,315.0
T327925,C3737079,F,MUMBAI,1017158.85,15/8/16,150807,2120.0
T716500,C5037985,M,BALRAMPUR,1969.06,3/9/16,192407,200.0
T496693,C2632482,M,NAGPUR,103078.89,20/8/16,183710,1776.0
T865839,C8540715,M,SURAT,19571.98,8/9/16,140805,820.0
T621330,C6516441,F,THIRUVALLA,10114.71,26/8/16,125048,705.5
T3619,C6139938,M,GOREGAON (W) MUMBAI,16461.88,21/10/16,150414,1460.0
T54905,C5529142,M,MUMBAI,11377.93,3/8/16,184633,100.0
T676028,C8727619,F,DELHI,71036.44,31/8/16,184237,700.0
T565255,C3564369,F,BOKARO,9171.53,27/8/16,82048,50.0
T337335,C5840269,M,JAIPUR,6624.9,15/8/16,185431,196.0
T693963,C2242337,M,CHANDIGARH,386.53,31/8/16,204156,200.0
T994031,C2411251,M,SILIGURI,11596.26,14/9/16,945,155.0
T1035324,C5674488,F,NO 3 KALYANI NAGAR PUNE,9829.01,18/9/16,154919,44.0
T692464,C2580941,F,MUMBAI,43521.0,31/8/16,215807,250.0
T980505,C5737391,M,BANGALORE,3915.96,15/9/16,131240,299.0
T697142,C7620145,F,FARIDABAD,197037.76,30/8/16,102626,755.0
T818670,C2234022,M,GURGAON,8389.48,4/9/16,185715,2.0
T268936,C8031326,M,NAVI MUMBAI,198493.8,12/8/16,190134,2000.0
T259048,C6137289,M,DELHI,10271.4,12/8/16,150844,1000.0
T34831,C8122263,M,GURGAON,46574.79,26/9/16,53519,100.0
T383296,C3281590,M,MUMBAI,26620.3,13/8/16,161300,230.0
T514452,C3327344,F,CHANDIGARH,30755.69,19/8/16,182037,196.0
T154839,C3025816,M,NEW DELHI,8749.94,5/8/16,195822,184.0
T1010321,C3414060,F,GURGAON,213070.86,13/9/16,213556,399.0
T212727,C5122581,M,KANGRA,1712.67,8/8/16,154639,400.0
T456583,C6216322,M,CHENNAI,4994.14,21/8/16,111244,1400.0
T1042285,C6821881,M,NEW DELHI,13200.68,18/9/16,134518,304.0
T872258,C4517113,M,KASHIPUR,27023.28,8/9/16,180142,10.0
T876026,C1418821,M,GUNTUR,5393.9,8/9/16,202644,100.0
T741996,C4822992,M,DELHI,12.75,2/9/16,205428,180.0
T808661,C3328645,M,BANGALORE,73227.77,4/9/16,231756,650.0
T689160,C5012077,M,KOTTAYAM,10125.19,30/8/16,190421,196.0
T554917,C2113431,M,DELHI,2465186.58,24/8/16,162101,510.0
T19070,C5414370,F,NOIDA,174685.03,26/9/16,182424,20160.0
T641224,C1312955,M,MEERUT,943.07,29/8/16,43127,125.0
T657220,C3128615,M,CHANDIGARH,2559.97,28/8/16,230901,1000.0
T934697,C7418945,M,CHENNAI,46911.06,11/9/16,180730,545.0
T1044771,C7314034,M,MEERUT,11808.84,18/9/16,110538,100.0
T447778,C3942391,F,DELHI,85394.33,16/8/16,191456,36.8
T981878,C6221520,M,DHARAMSHALA,212.45,15/9/16,182202,30.0
T472287,C6823374,M,MUKTSAR,480546.46,21/8/16,220351,1015.0
T767128,C1017057,M,DWARKA NEW DELHI,16923.18,6/9/16,210723,350.0
T976440,C3412347,M,MUMBAI,29359.28,15/9/16,173846,1695.0
T374441,C2043256,M,NEW DELHI,143030.04,13/8/16,142031,42200.0
T328739,C5426280,F,SAS NAGAR,61495.85,15/8/16,182042,3004.0
T599338,C6736011,M,NEW DELHI,622867.47,26/8/16,181548,100.0
T725578,C4032415,F,THANE,45744.99,3/9/16,230325,360.0
T683074,C5439611,M,MUMBAI,33169.38,30/8/16,215406,570.0
T293990,C7539521,F,DELHI,170224.39,11/8/16,211355,349.0
T1033770,C1639050,F,NEW DELHI,33278.42,13/9/16,85827,100.0
T765501,C7229151,F,NOIDA,302384.86,1/9/16,100513,5924.0
T417482,C5867635,M,NEW DELHI,16315.64,17/8/16,31254,30.0
T299847,C8442523,F,NEW DELHI,34037.93,10/8/16,747,706.0
T50035,C2496346,M,MORADABAD,159.18,3/8/16,144015,300.0
T701976,C1858383,F,BANGALORE,26580.57,30/8/16,134746,896.0
T296042,C8465658,F,NEW DELHI,23024.11,11/8/16,200829,1700.0
T123292,C7413865,M,BANGALORE,38497.11,6/8/16,203737,195.0
T831820,C7818823,M,LUCKNOW,5855.81,4/9/16,131017,2500.0
T729688,C3435413,F,GURGAON,64323.2,2/9/16,113603,250.0
T316087,C4555980,M,THANE,21037.28,10/8/16,204001,1317.0
T37513,C5533926,F,AGRA,96703.96,26/9/16,200019,37.0
T93735,C8441638,F,AJMER,140957.17,1/8/16,151315,567.14
T377984,C8117640,M,SEAWOOD NERUL NAVI MUMBAI,56226.39,13/8/16,130728,340.0
T160120,C3527115,M,BATHINDA,524131.6,4/8/16,103255,1251.0
T171254,C8810633,M,SECUNDERABAD,249.6,4/8/16,173419,506.0
T330290,C7812425,M,NEW DELHI,20572.85,15/8/16,40017,60.0
T600397,C5614916,M,GUWAHATI,5201.59,25/8/16,84232,357.0
T127553,C4131611,F,CHENNAI,1942.83,6/8/16,180726,1000.0
T932939,C8536330,F,PUNE,53793.56,11/9/16,162226,5860.0
T651243,C8220863,M,PANVEL,97648.12,31/8/16,163229,1493.4
T214727,C4932457,F,LUDHIANA,196820.91,8/8/16,202905,569.0
T812502,C2736639,M,HOOGHLY,9359.0,4/9/16,212824,159.0
T655808,C5540259,F,MUMBAI,61279.23,28/8/16,160444,1740.0
T360549,C1742468,M,GURGAON,35175.62,14/8/16,173213,362.0
T380769,C2428840,M,TOWNSHIP KOLKATA,154855.68,13/8/16,105101,30.0
T19475,C4914066,M,GURGAON,169091.48,26/9/16,191732,1341.0
T473294,C2930892,M,BANGALORE BANGALORE,29381.89,21/8/16,221551,2859.0
T902196,C3919658,F,THANE,324019.36,12/9/16,161621,171.0
T498106,C1721613,F,MUMBAI,1346766.59,20/8/16,171748,2300.0
T290545,C3539641,M,MUMBAI,10577.41,11/8/16,212855,400.0
T254714,C6826788,M,VISAKHAPATNAM,60219.1,7/8/16,232053,1625.0
T144157,C2728775,M,GURGAON,12716.4,5/8/16,193918,100.0
T928460,C2836070,M,GUWAHATI,1005.59,11/9/16,142411,20.0
T577488,C4440030,F,DELHI,79263.51,27/8/16,123735,720.0
T923568,C4525127,M,PANCHKULA,1909.65,11/9/16,33257,300.0
T920211,C7333847,M,MANGAL KARYALAY NASHIK,9.49,12/9/16,222332,200.0
T764695,C1113852,M,MEHSANA,28397.9,1/9/16,130807,1512.75
T950846,C6857170,M,PUNE,1020.22,10/9/16,202927,500.0
T649265,C8534053,F,MATHURA,6469.93,31/8/16,174305,500.0
T832982,C7128231,M,MUMBAI,26795.56,4/9/16,100240,300.0
T436417,C7730628,M,DELHI,1719.5,16/8/16,85642,300.0
T531166,C4672472,M,TEHSIL BHIVAPUR,9248.94,24/8/16,195811,101.15
T1037626,C8031658,F,GHAZIABAD,12661.81,18/9/16,144903,4999.0
T376598,C7915421,M,K V RANGAREDDY,6459.09,13/8/16,143349,699.0
T968462,C8435942,F,RAJKOT,1975.5,10/9/16,145504,4303.0
T635252,C4132345,F,KANGRA,446.93,29/8/16,182212,98.0
T39783,C8512666,F,GURGAON,234914.51,27/9/16,195332,3355.0
T872094,C3876566,F,MUMBAI,62721.07,8/9/16,154350,69.0
T921561,C3130924,M,MURSHIDABAD,5735.66,12/9/16,205046,620.0
T261315,C7036738,M,NEW DELHI,10623.34,12/8/16,143630,315.0
T1031275,C4141451,M,REWARI,33913.73,13/9/16,95019,29.0
T704504,C1242523,F,BARIATU ROAD RANCHI RANCHI,9661.45,30/8/16,162205,270.0
T1024032,C3433772,M,HYDERABAD,93.05,13/9/16,185935,345.53
T1009114,C2623656,F,GURGAON,139616.67,14/9/16,183431,7348.0
T624347,C1016428,M,NOIDA,54556.34,25/8/16,180143,3699.0
T547047,C3620649,M,NEW DELHI,59078.08,23/8/16,114212,1116.0
T976834,C5433525,M,BANGALORE,431.09,15/9/16,113423,1199.0
T741594,C5728126,M,ZIRAKPUR,303797.11,2/9/16,182359,151.0
T506170,C7718773,M,FARIDABAD,4458.83,19/8/16,144254,100.0
T96880,C1130159,F,NEW DELHI,12298.74,1/8/16,171023,300.0
T535261,C8012150,F,MUMBAI,32621.01,24/8/16,193215,350.0
T184411,C2936775,F,MUMBAI,61413.4,9/8/16,114024,391.45
T15529,C3513542,M,ST THOMAS TOWN POST BANGALORE,8029.69,26/9/16,183833,2820.0
T517609,C5934754,F,GURGAON,4075.0,19/8/16,222808,100.0
T245858,C6233122,M,SURAT,9.07,7/8/16,224642,220.0
T265530,C2741330,M,GHAZIABAD,24220.56,3/9/16,112244,500.0
T344558,C8461450,M,BHANDARA,7756.05,15/8/16,211119,100.0
T976408,C1223946,M,GUNTUR,3591.02,15/9/16,150254,825.0
T496129,C3320428,F,BANGALORE,18319.99,20/8/16,212146,493.0
T594595,C4122421,M,BANGALORE,1412.11,26/8/16,150612,30.0
T404555,C2124779,F,BANGALORE,19159.74,18/8/16,154948,200.0
T318660,C6831762,M,NOIDA,3554.62,10/8/16,201711,19.0
T116093,C5030391,M,NEW DELHI,36326.76,6/8/16,180025,85.0
T807977,C7515961,F,KADAPA,11079.13,5/9/16,200423,150.0
T901388,C1226974,M,SAFAT,418783.34,12/9/16,173543,1672.0
T736797,C6671726,M,GHAZIPUR,21216.04,2/9/16,182738,118.92
T833081,C3413871,M,DELHI,156.37,4/9/16,162923,1190.0
T620771,C3499524,F,RAJKOT,18805.48,29/8/16,230834,940.0
T653145,C4718545,F,PUNE,43889.97,28/8/16,203710,789.0
T945027,C3484377,F,NEW DELHI,11812.89,11/9/16,214439,799.0
T568995,C8330830,M,DELHI,11516.04,22/8/16,115554,3681.91
T862855,C3734833,F,THRISSUR,36194.33,8/9/16,100923,50.0
T707966,C1040844,M,GHAZIABAD,140734.65,3/9/16,100627,246.0
T871609,C8524358,F,CHENNAI,4221.45,8/9/16,180203,200.0
T612902,C8650015,M,SAHNEWAL,6734.1,26/8/16,93252,1670.0
T959514,C2010451,M,BANGALORE,104792.25,10/9/16,172145,510.0
T890268,C2717548,M,BAMBOLIM,246292.37,7/9/16,172317,990.0
T32855,C3136619,M,DELHI,2334.07,26/9/16,122121,268.0
T849174,C8136490,F,BANGALORE,1947.57,9/9/16,185712,50.0
T570138,C6315679,F,BARMER,66111.4,27/8/16,60516,9000.0
T470331,C4123239,M,HOOGHLY,110091.54,21/8/16,143514,328.0
T871979,C5328336,M,PUNE,215284.32,8/9/16,183427,359.63
T957160,C8982747,M,BHOPAL,11824.27,10/9/16,164119,244.0
T426164,C5640543,F,KOLKATA,1191.48,17/8/16,162310,600.0
T122250,C4920355,M,TIRUPUR,1353.76,6/8/16,175158,70000.0
T469475,C8820451,M,AMBASAMUDRAM,19731.41,21/8/16,211058,50.0
T226221,C2329666,M,MUMBAI,8172.78,8/8/16,224741,440.0
T259466,C7433248,M,MUMBAI,334.64,12/8/16,92248,400.0
T14227,C5134988,M,MUMBAI,107574.32,26/9/16,190414,144.0
T613814,C6140429,F,DELHI,13642.2,25/8/16,94525,500.0
T265350,C1238813,M,HYDERABAD,21297.09,12/8/16,201248,75.0
T533791,C7926533,M,KANPUR,91100.56,24/8/16,194639,715.0
T577172,C6519641,M,KALWA W THANE,22755.86,22/8/16,193727,73.62
T722210,C6237658,M,PATNA,42787.25,3/9/16,205336,200.0
T555774,C7731916,M,NEW DELHI,5333.5,24/8/16,152730,99.0
T396978,C3299361,M,SILIGURI,29017.0,13/8/16,204808,478.0
T130800,C3928443,M,MUMBAI,23821.05,6/8/16,234016,5692.0
T605558,C6115059,M,SURAT,85.47,25/8/16,100622,99.0
T551476,C3327268,M,PUNE,49769.23,23/8/16,190301,500.0
T745040,C8729030,M,NAVI MUMBAI,14055.23,2/9/16,215329,2430.0
T902376,C2314631,M,NEW DELHI,603428.32,12/9/16,154814,1600.0
T455874,C6924039,M,MUMBAI,34379.5,16/8/16,151040,15.0
T636386,C3125260,M,JAIPUR,4063.87,25/8/16,210456,100.0
T131296,C6840880,M,MUMBAI,13.0,5/8/16,4315,500.0
T830184,C4824717,M,GHAZIABAD,1220.61,4/9/16,120723,220.0
T403387,C1521736,M,NOIDA,25919.36,18/8/16,150936,606.9
T344967,C4324479,M,BULANDSHAHR,53.39,14/8/16,61934,49.0
T80027,C3499562,F,BANGALORE,37633.33,2/8/16,200723,324.0
T343495,C1332043,F,MUMBAI,32160.03,15/8/16,201256,388.0
T149803,C1036213,M,KUSHINAGAR,1788.09,5/8/16,144932,89.0
T675264,C7919047,M,MUMBAI,14892.06,28/8/16,122724,230.59
T253646,C6433284,M,LUCKNOW,12941.64,12/8/16,95726,990.61
T582813,C4533911,M,NAMAKKAL DT,49.67,23/8/16,143745,3000.0
T564142,C7438379,M,TOHANA,5856.22,27/8/16,65441,1000.0
T213949,C7833469,M,MEHAM,77393.9,8/8/16,190810,832.0
T716841,C8938918,M,BANGALORE,34488.3,3/9/16,190325,733.0
T434919,C6627053,F,MUMBAI,40550.7,17/8/16,191056,139.28
T267104,C7939825,M,NEW DELHI,7765.79,3/9/16,105549,150.0
T913455,C8621289,M,NEW DELHI,252768.89,12/9/16,182236,683.0
T334843,C5122865,F,JAIPUR,110337.07,15/8/16,185647,3186.0
T616503,C2716139,F,HISSAR,5508.66,27/8/16,193703,100.0
T814558,C5731579,M,BANGALORE,7879.34,4/9/16,195707,199.0
T735124,C4435745,M,BANGALORE,13018.53,2/9/16,131943,80.0
T604117,C7026247,F,AGRA,19516.55,26/8/16,172654,145.0
T7230,C4224233,M,KANPUR DEHAT,332.45,25/9/16,193137,27.0
T799373,C8823070,F,MUMBAI,6113.36,5/9/16,174856,8817.3
T303556,C1125749,M,NEW DELHI,28459.68,10/8/16,144503,1260.0
T374909,C2218357,M,GURGAON,31384.02,13/8/16,135815,1275.0
T1047288,C7640151,M,MAHOBA,27353.43,18/9/16,190638,210.0
T807944,C7243582,M,PUNE,9571.66,5/9/16,202008,399.0
T204104,C2012958,M,NOIDA,66229.43,8/8/16,103154,550.0
T897275,C2110841,M,NEW DELHI,75597.03,7/9/16,120210,2252.0
T170250,C2486131,M,NEW DELHI,315476.52,4/8/16,221155,2007.0
T109231,C5786848,F,GURGAON,114.69,6/8/16,439,297.0
T956667,C2326059,M,HYDERABAD,219372.62,10/9/16,163117,1000.0
T431550,C7962959,M,HYDERABAD,23254.72,17/8/16,205454,478.0
T789867,C6437990,F,BANGALORE,21464.44,6/9/16,102348,1000.0
T89798,C7246919,F,NOIDA,27342.51,1/8/16,121359,65.0
T165304,C7441448,M,NEW DELHI,157884.78,4/8/16,160652,610.0
T378531,C7031488,M,MALAPPURAM,67795.36,13/8/16,161459,197.0
T970815,C6741057,M,NAGPUR,14618.83,10/9/16,123801,180.0
T972002,C2329656,M,GURGAON,36.68,15/9/16,161424,200.0
T799754,C1613175,M,NAVI MUMBAI,184.24,5/9/16,163308,300.43
T501179,C5040279,M,CHENNAI,5828.69,20/8/16,213616,2199.47
T459768,C4936414,M,MUMBAI,81033.21,21/8/16,4228,1375.0
T537742,C1110176,M,AJMER,521.63,24/8/16,192150,300.0
T903862,C5882135,F,DELHI,12981.12,7/9/16,31825,27.0
T497003,C5835592,M,YAVATMAL- DISTRICT,7752.74,19/8/16,24508,300.0
T178891,C2439388,F,MAYURBHANJ,11486.57,4/8/16,220412,420.0
T1039022,C2026634,M,NEW DELHI,36293.1,18/9/16,145453,1350.0
T382867,C4912537,M,PUNE,20443.03,13/8/16,192729,710.0
T613962,C7841571,F,GURGAON,14322.93,27/8/16,180045,750.0
T76070,C6897748,M,BHIWANDI,21217.94,2/8/16,192702,200.0
T810033,C8427221,M,MUMBAI,635873.84,4/9/16,211453,420.0
T704352,C6312255,M,VASAI WEST THANE,122920.3,31/8/16,172608,9223.0
T592982,C4524023,F,DELHI,15385.61,27/8/16,220409,5430.0
T962100,C5032875,M,NOIDA,62760.94,10/9/16,140740,361.0
T549832,C4138677,M,DEORIA,0.0,23/8/16,180447,130.0
T218170,C5938784,M,CHENNAI,12.62,7/8/16,202827,298.0
T1006119,C8827753,M,NEW DELHI,1087.96,14/9/16,163525,80.0
T414097,C7732925,M,ROHTAK,22.33,18/8/16,193402,271.0
T802429,C1796562,M,DELHI,557402.91,5/9/16,181017,2000.0
T217059,C4710141,M,DURGAPUR,19409.18,8/8/16,205002,632.0
T1014662,C1525140,M,SONEPAT,62413.37,13/9/16,224703,16.0
T4417,C2542255,M,PUNE,71313.79,22/9/16,72421,8728.0
T1038711,C9034928,M,ROAD NASHIK,65452.65,18/9/16,133523,8621.0
T670662,C6824683,M,PANCHKULA,845867.89,28/8/16,181812,87.0
T982004,C4136675,F,CHANDIGARH,358279.68,15/9/16,183349,46.0
T539236,C8660363,M,ANDHERI-E MUMBAI,388475.27,22/8/16,80821,2459.25
T1040891,C2811182,M,KOLKATA,60831.86,18/9/16,120815,506.0
T340894,C3035563,M,MODI NAGAR,15640.89,15/8/16,152030,204.0
T646461,C6612815,M,GHAZIABAD,87097.41,25/8/16,145148,485.0
T670878,C8033921,F,GURGAON,34436.86,28/8/16,135633,929.0
T164261,C1323114,M,GURGAON,49199.91,4/8/16,112903,1000.0
T411427,C1423990,M,DELHI,182.64,18/8/16,175915,412.0
T905622,C2839880,F,VAPI,20363.04,12/9/16,161137,700.0
T93326,C3070459,F,NOIDA,24229.64,27/9/16,185441,105.0
T918727,C7222513,M,NOIDA,38314.05,12/9/16,211603,500.0
T327786,C4010228,M,BOKARO,41338.1,15/8/16,130248,3999.0
T512536,C2091640,F,DELHI,4998.6,19/8/16,194949,250.0
T974088,C4820283,M,VADODARA,11846.52,10/9/16,95217,290.0
T255831,C8720243,M,VISAKHAPATNAM,156962.25,12/8/16,142529,1098.0
T153790,C3713346,M,SAHARANPUR,39090.01,5/8/16,213442,250.0
T719320,C2320462,M,MUMBAI,30072.16,3/9/16,232450,2184.0
T473768,C3529879,M,MUMBAI,30419.99,21/8/16,213946,1347.52
T912015,C8030461,F,NEW DELHI,7223.7,12/9/16,93132,320.0
T210041,C3523827,F,NOIDA,769951.62,3/9/16,123735,6600.0
T452906,C4537467,F,LANE HYDERABAD,29889.72,16/8/16,210026,1337.92
T738953,C2034788,M,REWARI (HARYANA),10889.7,2/9/16,184506,10.0
T118335,C5036327,F,MUMBAI,2312.6,6/8/16,160211,974.0
T519035,C3893121,M,DELHI,838815.72,19/8/16,191051,150.0
T990399,C4624172,M,DELHI,18812.18,15/9/16,203028,50.0
T20539,C1626390,M,NEW DELHI,4283.02,23/9/16,205615,300.0
T173695,C5224514,M,NATHADVARA,37154.81,4/8/16,200009,220.0
T978523,C1215147,M,DELHI,35849.12,15/9/16,145546,1000.0
T78869,C2042690,M,NAVI MUMBAI,5530.49,2/8/16,194529,1134.81
T727340,C1622271,M,KANCHEEPURAM,39424.13,2/9/16,143824,2203.88
T1004045,C2461449,M,MUMBAI,88.72,14/9/16,183807,505.0
T622457,C6217775,M,DELHI,180076.78,29/8/16,213715,147.0
T292903,C1016072,F,THANE WEST,35156.48,11/8/16,210431,999.0
T336106,C1815820,M,KRISHNA DISTRICT,17.1,15/8/16,223620,30.0
T988377,C6433122,F,FARIDABAD,14871.65,15/9/16,85713,100.0
T604325,C5210666,F,BANGALORE,8466.65,26/8/16,203615,200.0
T333828,C2573865,M,CHENNAI,146683.44,15/8/16,145013,858.49
T819153,C3416260,F,GURGAON,29411.54,4/9/16,163659,699.0
T8422,C8810566,M,GURGAON,843.58,25/9/16,200329,2511.0
T358460,C5920720,M,GURGAON,44152.85,14/8/16,195609,300.0
T23852,C7116239,F,LUCKNOW,179659.32,26/9/16,185723,524.0
T884388,C8347390,M,KOZHIKODE,16753.56,7/9/16,220644,3598.0
T51958,C4513758,M,CITY PUNE,39344.55,3/8/16,161849,1000.0
T23670,C4620214,M,CHENNAI,17809.29,26/9/16,174913,5540.7
T828438,C3477682,F,NAVI MUMBAI,,4/9/16,153917,1044.35
T459279,C6440576,M,MUMBAI,253378.18,21/8/16,32320,3000.0
T236020,C1736639,M,AHMEDABAD,15021.26,7/8/16,123419,998.0
T396302,C1333245,M,BANGALORE,16146.76,18/8/16,33133,150.0
T96201,C6116633,M,MUMBAI,11838.49,1/8/16,181134,300.0
T48760,C3734525,M,CUTTACK,10050.05,3/8/16,153501,434.97
T779578,C4716966,M,DELHI,363421.27,6/9/16,170641,350.0
T964056,C3561716,M,DELHI,25394.81,10/9/16,135113,1000.0
T319838,C6445288,M,GHAZIABAD,11731.04,15/8/16,114136,147.0
T272294,C6520228,M,DELHI,58.93,12/8/16,194049,584.0
T69545,C5717541,M,RANGA REDDY SERILINGAMPALLY,39560.53,2/8/16,132818,3300.0
T517118,C6963614,M,TIRUPATI,421.08,19/8/16,164825,1300.0
T938683,C8187180,M,HOSPITAL PUNE,161364.06,11/9/16,155313,50.0
T301314,C2123043,F,NEW DELHI,42392.69,10/8/16,121312,279.88
T774725,C7918925,M,SIRSA,21489.63,6/9/16,194547,175.0
T300523,C1497233,M,NEW DELHI,111948.62,11/8/16,223554,1000.0
T606185,C1417130,M,ABU DHABI,610098.05,25/8/16,114339,1799.0
T856444,C2376079,M,PASCHIM MEDINIPUR,536.98,9/9/16,210442,60.0
T546128,C4777665,M,GURGAON,13957.56,24/8/16,173838,250.0
T902559,C3499557,M,THIRUVARUR,6457.22,12/9/16,155758,1004.0
T662292,C8013459,M,NEW DELHI,11750.84,31/8/16,935,50.0
T758129,C3016591,F,DELHI,2337.61,1/9/16,180643,3496.0
T776913,C7210477,F,CHURHAT,21861.94,6/9/16,164046,277.0
T285639,C7093578,F,NEW DELHI,19869.15,11/8/16,122552,237.0
T727412,C4017935,M,LUCKNOW,44131.82,2/9/16,100359,1141.92
T151282,C9025973,M,GURGAON,1101316.51,4/8/16,2430,5676.0
T183356,C3023139,F,NEW DELHI,87344.25,9/8/16,153146,1700.0
T687954,C8124892,M,KODAMBAKKAM,3823.04,30/8/16,221205,208.0
T653040,C2119690,M,NAVI MUMBAI,29580.79,31/8/16,142704,510.05
T378226,C4939814,M,QUINCY,515979.44,13/8/16,130626,2000.0
T86234,C7823391,F,BANGALORE,71597.49,1/8/16,43754,1247.76
T545443,C4438247,M,NEW DELHI,13693.96,23/8/16,203421,270.0
T1045455,C7575737,F,MUMBAI,21825.01,18/9/16,131755,4858.0
T458569,C5136377,M,DELHI,37542.84,21/8/16,2313,1026.0
T769093,C7239030,M,DELHI,17000.44,6/9/16,223455,1608.0
T216843,C6031312,M,BANGALORE,9642.87,8/8/16,201207,2846.54
T410299,C1710328,F,BEHIND ACRES CLUB CHEMBUR MUMBAI,8252.29,18/8/16,162627,2798.0
T877018,C8785816,M,JALGAON,11.58,8/9/16,234430,39.0
T285542,C1748633,M,MOHALI,28928.57,11/8/16,133438,2138.0
T642194,C4234834,F,BANGALORE,181.67,25/8/16,193250,216.0
T430239,C3842189,F,CHUMUKEDIMA,16749.92,17/8/16,210007,371.0
T28810,C5321012,F,JAMSHEDPUR,54511.71,26/9/16,123913,319.0
T219420,C2028841,M,GURU VILLA BUNGLOWS ANAND,55200.85,8/8/16,194825,1610.4
T1029958,C6757444,F,VISAKHAPATNAM,15075.65,13/9/16,84307,1053.64
T384581,C7113872,F,NEW DELHI,2406.59,13/8/16,145530,255.0
T155007,C2963631,F,LUCKNOW,19297.99,3/9/16,142944,200.0
T937871,C6223779,M,DELHI,9081.33,11/9/16,155546,3161.0
T981945,C7923435,F,CHENNAI,36455.98,15/9/16,91510,150.0
T827894,C1011343,M,NEW DELHI,347090.85,4/9/16,163425,420.0
T833622,C2428273,M,HOSPITAL BANGALORE,2098.81,4/9/16,70025,50.0
T191074,C3327191,M,AMRITSAR,646.06,9/8/16,172847,3000.0
T447798,C8359465,F,CHENNAI,22170.25,16/8/16,185136,500.0
T462034,C8212252,M,NAINITAL,4558.84,21/8/16,160010,148.0
T908218,C5332737,M,SURAT,143712.79,12/9/16,125115,200.0
T804854,C8528644,M,JAIPUR,50070.62,5/9/16,220934,320.0
T937631,C7438734,F,DELHI,509793.65,11/9/16,170607,10.0
T25415,C5620557,M,GURGAON,2511.85,27/9/16,165144,321.0
T687134,C2715746,M,THANE,71581.3,30/8/16,205009,1340.0
T168498,C6941980,M,BANGALORE,3.13,4/8/16,164121,205.0
T469826,C1436556,M,AMRITSAR,9514.26,21/8/16,212638,377.0
T163647,C3529078,F,DELHI,7459.42,4/8/16,124143,400.0
T776158,C5094945,F,GURGAON,61777.64,6/9/16,185554,27.0
T439626,C2438487,M,NOIDA,19477.74,16/8/16,50041,90.0
T440321,C4313181,F,WEST MIDNAPORE,5.81,16/8/16,24422,24.0
T430127,C6481469,M,NOIDA,2449.98,17/8/16,180511,500.0
T1018698,C7936923,M,BHIWADI,82.83,14/9/16,224416,173.0
T198220,C7720665,M,SURAT,27810.12,9/8/16,234902,98.0
T595148,C7428576,F,PORTBLAIR,7743.76,26/8/16,172705,100.0
T1011447,C4425435,M,SONIPAT,49594.97,14/9/16,210145,276.0
T1002872,C1094714,F,MUMBAI,31430.14,14/9/16,171629,433.0
T307102,C1321538,M,PUNE,544.22,10/8/16,162030,611.0
T505547,C1229731,M,BHUJ,703688.74,19/8/16,134008,20000.0
T824347,C6920868,M,BANGALORE,11299.77,4/9/16,140859,580.0
T223628,C7013738,M,HYDERABAD,4447.76,8/8/16,194700,50.0
T378141,C3882238,F,KASHIPUR,19126.6,13/8/16,171746,606.9
T917144,C4427324,F,MUMBAI,424330.19,12/9/16,120955,14.95
T139990,C6739382,M,CHENNAI,13629.05,5/8/16,132337,300.0
T87214,C3933657,M,NOIDA,9909.17,1/8/16,142304,5000.0
T84352,C3820179,F,GURGAON,78116.93,2/8/16,220354,2402.0
T904676,C7638776,M,DUBAI,449727.34,12/9/16,152645,1999.0
T551589,C2379413,F,HYDERABAD,11053.32,23/8/16,184221,2995.01
T973706,C7532520,M,GURGAON,12995.08,15/9/16,171720,5000.0
T386314,C4536849,M,NOIDA,24051.76,13/8/16,200651,1603.0
T639904,C5379771,M,SURAT,57833.74,29/8/16,101236,2017.2
T616445,C6420367,F,CHENNAI,174.88,26/8/16,121623,101.0
T548267,C2415256,M,GURGAON,5359.73,23/8/16,140159,100.0
T777417,C5914456,F,PUNE,41296.42,6/9/16,173305,268.0
T225518,C5839348,M,GURGAON,927762.52,7/8/16,100903,205.42
T635039,C1510012,M,DELHI,58558.32,29/8/16,191531,1841.0
T869822,C5423026,M,CHENNAI,0.0,8/9/16,192329,2937.0
T102318,C5418568,M,THANE,,1/8/16,184104,377.0
T647343,C6010163,F,MUZAFFARPUR,7289.82,25/8/16,143816,450.0
T663262,C4333630,M,MUMBAI,40993.93,28/8/16,150635,3074.63
T754095,C6737918,M,PATHANAMTHITTA,7538.32,1/9/16,200205,1126.0
T414847,C4817238,M,AHMEDNAGAR,3837.33,17/8/16,71756,249.0
T987166,C4221411,M,VISAKHAPATNAM,8361.16,15/9/16,200129,1090.0
T717058,C2537762,M,SUKHPAR,1795.64,3/9/16,185209,3689.0
T235512,C3619487,M,AHMEDABAD,45336.93,7/8/16,172538,1000.0
T467754,C5838328,M,GURGAON,17818.49,21/8/16,190647,4350.0
T355010,C7223811,M,DELHI,3.74,14/8/16,134721,459.52
T42893,C3011756,M,DELHI,43009.71,3/8/16,2037,575.0
T181037,C3031379,M,FARIDABAD,75666.72,9/8/16,91634,267.0
T248097,C7711685,M,BANGALORE,13827.81,7/8/16,204657,865.0
T118295,C3073478,M,THANE,3164.28,6/8/16,162236,147.0
T432468,C5040418,M,KARNAL,220860.57,17/8/16,183028,1000.0
T873314,C4924828,M,VISAKHAPATNAM,62914.5,8/9/16,202944,98.9
T156394,C2739428,M,BAHADURGARH,11837.11,3/9/16,153044,30.0
T936591,C5325957,M,NORTH 24 PARGANAS,5473.61,11/9/16,185101,1348.0
T43319,C2817192,F,MUMBAI,41271.76,3/8/16,4131,8530.0
T156075,C5732392,M,PANIPAT,16703.52,3/9/16,145322,500.0
T151226,C4477023,M,NOIDA,5242.59,4/8/16,21403,101.15
T830427,C2915685,M,VIJAYAWADA,11095.23,4/9/16,92146,7144.9
T430016,C8133042,M,GURGAON,58530.64,17/8/16,193039,280.0
T78298,C3817966,M,PANAJI,19913.24,2/8/16,195241,90.0
T903487,C5212490,F,GURGAON,2450.7,12/9/16,163845,1025.0
T413819,C3310936,M,PADA MALAD (W) MUMBAI,29020.35,18/8/16,194611,492.6
T553650,C5225029,M,GURGAON,3357.65,23/8/16,135914,599.0
T637694,C7113211,M,NEW DELHI,18149.21,29/8/16,72251,350.0
T1010657,C7311666,M,BANDRA E MUMBAI,50094.25,14/9/16,212505,20000.0
T873952,C1535187,M,JAIPUR,7121.32,8/9/16,191145,2100.0
T608917,C8042890,F,MUMBAI,18061.86,26/8/16,111826,259.0
T656970,C5953814,M,BANGALORE,7471.22,31/8/16,191857,1658.0
T778477,C8920784,M,TIRUCHIRAPPALLI,10171.74,6/9/16,165222,570.0
T493020,C6971549,M,CHENNAI,8275.49,20/8/16,140727,2848.0
T995611,C3526880,M,MUMBAI,134401.95,14/9/16,122803,4770.0
T437796,C5322340,M,KANPUR,452.89,16/8/16,120640,254.0
T609698,C7615628,M,VIRUDHUNAGAR,649.14,26/8/16,132721,931.73
T462521,C6455413,M,LUCKNOW,1179.28,21/8/16,93028,20.0
T823981,C8657737,F,NEW DELHI,20073.68,4/9/16,185947,560.78
T924970,C5346278,M,MEERUT,31637.8,11/9/16,105009,102.0
T844421,C8011721,M,NEW DELHI,297639.13,9/9/16,144846,9923.0
T637194,C3416341,M,MARGAO,5479.57,29/8/16,183545,500.0
T885041,C2216536,M,KOLKATA,68556.46,7/9/16,201517,2946.0
T925532,C5635329,F,MUMBAI,18762.3,11/9/16,85942,96.0
T923985,C1619643,F,VISAKHAPATNAM,58152.12,11/9/16,80526,936.0
T1041198,C2727251,M,PATNA,307647.59,18/9/16,110508,534.48
T101297,C5627489,M,ANDHERI RLY STN MUMBAI,25488.96,1/8/16,210433,1448.0
T105736,C6137287,M,NEW DELHI,5214.16,1/8/16,205107,200.0
T176898,C2519546,F,AMRITSAR,6752.89,4/8/16,210015,475.0
T497141,C7912143,M,CHENNAI,3975.72,20/8/16,162750,2037.0
T896277,C3637119,F,DELHI,20277.89,7/9/16,122655,699.0
T249503,C7794417,M,GURGAON,13699.54,7/8/16,215408,143.0
T463727,C2824355,M,SIKAR,2080.91,21/8/16,100455,100.0
T783753,C6438712,F,MULUND EAST,87235.6,6/9/16,122151,189.93
T848281,C2828791,F,NOIDA,12066.84,9/9/16,112027,50.0
T757013,C7621192,F,ALAPPUZHA,15259.96,1/9/16,175909,3590.01
T642448,C1714419,M,MUMBAI,21.19,25/8/16,185728,1834.0
T344149,C8940825,M,MUMBAI,47544.74,15/8/16,215959,1112.0
T660660,C6934560,M,LUCKNOW,13635.31,31/8/16,111320,1139.23
T74056,C1717545,M,MUMBAI,543274.51,2/8/16,182254,200.0
T504945,C3015785,F,CHHINDWARA,5559.2,19/8/16,142632,232.0
T707819,C5827885,F,KOLKATA,42204.11,31/8/16,174104,1120.0
T358126,C3027629,M,BAREILLY,2845.2,14/8/16,142017,300.0
T645752,C5368357,M,RANCHI,52961.74,29/8/16,101751,99.0
T383020,C7120891,M,HYDERABAD,4419.19,13/8/16,103148,400.0
T319861,C3866733,M,PUNE,14958.06,15/8/16,124019,500.0
T91549,C6337782,F,SAMBALPUR,44262.84,22/9/16,155122,175.0
T494849,C4337422,M,NEW DELHI,28834.02,20/8/16,202823,655.0
T220366,C8310444,M,PUNE,1355.21,7/8/16,61731,270.0
T875334,C6341690,M,RAJKOT,22.09,8/9/16,202320,100.0
T571628,C1221521,M,DHURI,495.27,27/8/16,101622,567.0
T618302,C4734952,M,VILLAGE SIRIFORT ROAD NEW DELHI,3455.3,28/8/16,115813,100.0
T102481,C4026739,M,GHAZIABAD,165552.49,1/8/16,181542,297.0
T513271,C4078685,F,DELHI,1.84,19/8/16,194530,147.0
T203673,C4723582,F,DELHI,2.15,8/8/16,110051,27.0
T656361,C7626355,M,SURAT,5331.55,28/8/16,222307,185.0
T795785,C5629885,M,MOHALI,99465.1,5/9/16,150335,4310.0
T471145,C7740054,F,MUMBAI,3418.5,21/8/16,222056,297.0
T623215,C2011839,M,CHENNAI,59785.25,29/8/16,205702,306.34
T852627,C7036740,M,BANGALORE,17694.26,9/9/16,224646,160.0
T287197,C7097957,M,GURGAON,7479.59,11/8/16,175503,1000.0
T867278,C6386423,M,FARIDABAD,185.68,8/9/16,164152,150.0
T899583,C3533456,M,AMBALA,22979.96,7/9/16,93917,3000.0
T383867,C6322132,M,MEERUT,36411.62,13/8/16,181312,1999.0
T349139,C5068024,M,CHANDIGARH,26670.53,14/8/16,125555,600.0
T819063,C1221066,M,KANGRA,6304.87,4/9/16,191127,850.0
T273737,C4336815,M,GURGAON,858.01,11/8/16,95908,359.0
T857487,C3735543,M,AHMEDABAD,38635.79,8/9/16,10822,100.0
T147197,C5431590,F,DELHI,16285.55,5/8/16,193638,1342.0
T666595,C1234376,M,GURGAON,145781.85,28/8/16,160958,30.0
T85477,C1810944,M,NEW DELHI,11564.34,1/8/16,91113,1600.0
T292338,C6436239,M,GORAKHPUR,1427.99,11/8/16,111955,100.0
T458206,C5912734,F,POOL BANGALORE,81038.89,21/8/16,111934,538.0
T527437,C7817611,M,SOUTH DELHI,12787.7,23/8/16,164347,50.0
T308782,C1224581,F,BANGALORE,2144.77,10/8/16,162124,549.0
T56183,C5117158,M,NEW DELHI,1146726.4,3/8/16,212019,85.18
T461325,C4538053,M,NEW DELHI,9702.54,16/8/16,155303,250.0
T613194,C8238523,M,DELHI,1957.02,26/8/16,83731,100.0
T436586,C6949187,F,GURGAON,3303.48,17/8/16,200916,900.0
T726777,C2417535,M,KOLKATA,1218.8,3/9/16,234326,992.25
T486631,C5635245,M,DELHI,5271.58,20/8/16,112924,130.0
T990950,C3317288,M,NOIDA,6424.91,14/9/16,101808,500.0
T512990,C5118962,M,JHANSI,36785.43,19/8/16,201048,60.01
T496333,C6574140,M,JAIPUR,61187.52,20/8/16,220912,2730.0
T287299,C1224346,M,GURGAON,207608.47,11/8/16,152831,1000.0
T977629,C6512146,M,NEW DELHI,29693.57,15/9/16,115059,1990.0
T959112,C8910273,F,CHANDIGARH,17248.13,10/9/16,201926,1694.0
T339871,C2325473,F,NEW DELHI,85287.23,15/8/16,213850,5982.0
T888470,C4036714,M,PUNE,3705180.78,7/9/16,171053,1008.5
T637066,C1210323,F,DIST NORTH GOA BARDEZ,33546.26,25/8/16,205135,249.0
T265787,C5218462,M,BANGALORE,3521.04,3/9/16,113124,20.0
T982875,C3314677,M,BANGALORE,1117007.76,15/9/16,102554,2511.9
T781500,C3431044,M,KOLKATA,5899.57,6/9/16,162914,50.0
T861367,C3711172,F,NEW DELHI,14855.1,8/9/16,123209,415.0
T700828,C6110577,M,MUMBAI,385303.21,30/8/16,93321,4797.0
T169899,C7711727,M,MUMBAI,49.02,4/8/16,163432,97.0
T579574,C3915416,M,LUDHIANA,22223.77,22/8/16,205211,500.0
T223864,C8738024,F,MUMBAI,40151.67,8/8/16,201629,2277.0
T474644,C2225234,M,DELHI,98251.24,21/8/16,223012,1934.0
T999734,C1220418,M,DELHI,26780.1,14/9/16,161008,1200.0
T134059,C8781553,M,PUTTUR,7.45,5/8/16,135046,30.0
T863440,C7630037,M,JHAJJAR,10604.84,8/9/16,140528,60.0
T866739,C6740416,M,ZIRAKPUR,1365386.74,8/9/16,151343,860.0
T258485,C6711839,M,BADLAPUR E,7298.22,12/8/16,120724,900.0
T811944,C6822220,M,PAONTA SAHIB,1948.13,5/9/16,212740,175.0
T1031410,C6711173,M,KANNIYAKUMARI,25993.21,13/9/16,94314,40.0
T51287,C6628340,M,GURGAON,56937.3,3/8/16,182336,249.0
T192165,C7225452,M,MUMBAI,10251.52,9/8/16,202637,200.0
T218104,C8612025,M,GURGAON,27702.58,7/8/16,22633,400.0
T875252,C4873328,M,HOJAI,6.6,8/9/16,162827,1375.65
T566850,C3531113,M,NEW DELHI,12283.64,22/8/16,130057,200.0
T228562,C2939247,M,NOIDA,129013.22,7/8/16,3726,14863.0
T802932,C4228422,F,BANGALORE,16729.23,5/9/16,192338,1223.0
T1021660,C6710968,F,WEST THANE,66587.57,13/9/16,173906,195.0
T524507,C3126623,F,AMRAVATI,13471.17,19/8/16,215109,30.0
T454383,C5310073,M,KOLKATA,24691.75,16/8/16,213500,277.72
T742221,C7523839,M,NEW DELHI,561.31,2/9/16,212617,8000.0
T176474,C4324584,M,CHANDIGARH,6568.67,4/8/16,155121,300.0
T247313,C5615263,M,CHENNAI,5250.53,7/8/16,190348,400.0
T450863,C1711343,M,NEW DELHI,15405.03,16/8/16,160341,1000.0
T850872,C6910637,M,CHENNAI,13707.74,9/9/16,201146,300.0
T859326,C4322420,M,DEHRADUN,57530.35,8/9/16,93755,100.0
T564061,C5033671,M,THANE,21201.1,22/8/16,132046,1160.0
T771700,C6542279,F,BANGALORE,7070.16,6/9/16,201216,102.0
T12204,C6939492,M,MUMBAI,144302.56,22/9/16,135226,1200.0
T502179,C6440650,M,GURGAON,31005.24,20/8/16,215059,122.0
T471580,C1418655,M,SURAT,9491.02,21/8/16,215616,300.0
T180175,C1614283,F,GURGAON,80156.21,9/8/16,93735,606.9
T214856,C1817568,F,GURGAON,2636.74,8/8/16,163250,95.0
T768306,C1692043,F,SRIGANGANAGAR,3949.05,1/9/16,95840,196.0
T354849,C7741879,M,NOIDA,86722.13,14/8/16,182311,6164.0
T1037246,C3319413,F,BANGALORE,4496.82,18/9/16,160655,175.0
T544524,C8437111,F,JORHAT,6699.32,24/8/16,172001,25937.0
T583045,C6531182,M,GURGAON,263878.98,23/8/16,153502,70.0
T682232,C1529789,M,BANGALORE,14131.99,31/8/16,225946,385.0
T510118,C6718328,M,KOLAR,337.9,19/8/16,180946,128.0
T900973,C6240136,M,SRINAGAR,14849.65,7/9/16,707,265.0
T157649,C1510427,M,MUMBAI,14095.31,3/9/16,144337,7698.0
T574427,C3421788,M,BANGALORE,393217.24,22/8/16,195700,3540.0
T139069,C2369460,F,MUMBAI,5616.34,5/8/16,142926,1134.0
T280594,C9040769,M,BANGALORE,27430.9,11/8/16,50439,655.8
T251464,C5528223,M,VIZIANAGARAM,3997.0,12/8/16,101804,340.0
T693490,C6619021,M,PUNE,11835.47,31/8/16,224129,775.0
T340617,C1815439,M,NEW DELHI,45381.58,15/8/16,163006,241.0
T33032,C3016122,M,WEST MUMBAI,13722.42,25/9/16,221347,1120.0
T775453,C3522319,M,BETIM,9405.61,6/9/16,193618,50.0
T557330,C9041016,M,RANCHI,16217.8,22/8/16,164820,265.0
T730598,C2149335,M,PURI,972.09,2/9/16,150129,1190.0
T565020,C8531448,M,SHIMLA,80.43,22/8/16,140911,3805.0
T749188,C5741528,M,VISAKHAPATNAM,15907.13,1/9/16,204915,100000.0
T445297,C5629029,M,BANGALORE,26292.22,16/8/16,144437,504.0
T498585,C1430882,M,NEW DELHI,13609.37,19/8/16,84229,50.0
T391551,C2621264,F,KHORDA,3158.09,13/8/16,221253,630.0
T1006470,C5739517,M,GURGAON,653489.29,14/9/16,163800,700.0
T592552,C7322878,M,DELHI,6827.31,27/8/16,214651,3287.0
T569694,C7330976,M,ROHTAK,9976.14,22/8/16,181608,101.0
T718778,C6619971,M,NORTH 24 PARGANAS,71336.38,3/9/16,201409,5000.0
T1037150,C8550887,F,NAGPUR,74980.59,18/9/16,133211,4548.0
T529815,C7522187,M,PUNE,234884.22,24/8/16,211633,125.0
T991176,C7019012,M,MUMBAI,3887.5,15/9/16,211111,200.0
T446541,C3911723,F,CHENNAI,11037.75,16/8/16,181951,745.0
T426719,C4810580,M,CHANDIGARH,20249.25,17/8/16,185823,24.0
T11380,C2624453,F,BOMMANAHALLI BANGALORE,21067.88,25/9/16,214723,798.0
T824292,C9015672,M,PUNE,1035.33,4/9/16,141831,100.0
T459863,C8076866,M,HUBLI,758.34,21/8/16,112411,251.0
T1023512,C1546843,M,MANKUVA BHUJ,5351.45,13/9/16,132426,250.0
T649693,C5222874,M,DELHI,27364.83,31/8/16,133131,1770.0
T341697,C6736119,M,CHANDRAPUR,0.0,15/8/16,210043,17665.78
T998515,C1130826,M,CHENNAI,29537.87,14/9/16,90555,4625.6
T1016985,C8039614,M,GURGAON,40400.16,13/9/16,195736,1970.0
T900876,C2019454,M,MAU,11227.27,7/9/16,93737,3000.0
T468045,C6213470,M,MUMBAI,3306.66,21/8/16,183045,397.0
T788583,C4140454,M,CHENNAI,47256.94,5/9/16,83327,318.0
T953937,C8515452,M,BANGALORE,34868.37,10/9/16,204919,10000.0
T583834,C7539128,M,SARBERIA,5474.23,23/8/16,163358,50.0
T1047996,C2553153,M,DELHI,17890.59,18/9/16,184214,7350.0
T807111,C1127658,M,MUMBAI,17858.18,5/9/16,200354,1100.0
T795852,C6425736,F,NADIAD KHEDA,7650.13,5/9/16,131117,870.0
T533282,C6758411,M,DEHRADUN,63493.53,24/8/16,202856,2348.0
T786755,C8430330,F,HYDERABAD,14007.38,6/9/16,112156,1800.0
T804172,C5123584,M,HAZARIBAGH,12295.31,5/9/16,183235,135.0
T690296,C5516325,M,GURGAON,6008.16,30/8/16,175031,243.0
T240861,C5023317,M,HYDERABAD,3143.99,7/8/16,174739,800.0
T448715,C7118660,M,KHORDHA,10.79,16/8/16,185118,10.0
T486534,C4623450,M,NELLORE,15619.66,20/8/16,151658,98.03
T367276,C2373832,F,DEHRADUN,284716.99,14/8/16,202845,1547.0
T978497,C1731811,M,MANDIR DHANBAD,53771.64,15/9/16,130904,5706.0
T11341,C6312175,M,KOTA,267270.18,25/9/16,222143,310.0
T1004281,C6270845,M,NEW DELHI,218240.11,14/9/16,170129,1200.0
T908952,C2823011,F,AHMEDABAD,3445.24,12/9/16,101037,150.0
T793863,C8719792,F,THANE,6188.76,5/9/16,104747,24.0
T25307,C3328811,M,PAREL MUMBAI,2529.86,26/9/16,143939,330.0
T640202,C1337446,F,LUDHIANA,4977.1,25/8/16,232351,50.0
T910736,C7920234,M,JAGANNATHPUR,12277.06,12/9/16,15408,20.0
T313834,C3738069,M,MORADABAD,69893.34,10/8/16,191102,450.0
T533863,C2127189,F,AHMEDABAD,40480.05,24/8/16,190423,527.98
T927167,C1132217,M,GUWAHATI,72588.11,12/9/16,232958,294.0
T646835,C8817354,M,MUMBAI,19450.36,25/8/16,204400,250.0
T461754,C2222251,M,REWARI (HARYANA),9221.79,21/8/16,160229,2445.0
T404053,C4821070,M,PICHHORE,2615.63,18/8/16,145142,499.52
T602374,C5037421,M,DELHI,9984.94,26/8/16,153018,50.0
T385588,C2688568,M,NEW DELHI,282942.05,13/8/16,180132,128.0
T1015314,C5272570,M,BANGALORE,3096.6,14/9/16,222159,708.0
T45007,C4419731,M,CHANDAULI,229.11,3/8/16,130541,100.0
T452322,C8111640,F,MUMBAI,7274.66,16/8/16,180629,352.35
T377021,C2140523,M,GURGAON,26806.62,13/8/16,144219,1116.0
T4439,C8022155,F,DELHI,29189.65,17/8/16,175939,604.0
T507322,C7111418,F,GURGAON,17396.93,19/8/16,175720,450.0
T167481,C6327626,M,HOSUR,5587.19,4/8/16,143106,151.0
T74420,C1821976,M,CHENNAI,22889.96,2/8/16,183546,250.0
T745395,C5636138,M,GUWAHATI,6177.95,1/9/16,214911,300.0
T498388,C6924815,M,SIRHIND,8167.53,19/8/16,4520,48.0
T574714,C5836427,M,CHENNAI,84.22,27/8/16,111400,1919.78
T563598,C7548279,M,GHAZIABAD,4610.84,27/8/16,162448,7742.98
T473017,C2841241,M,GURGAON,32767.96,21/8/16,212644,4144.0
T406603,C6211636,F,GURGAON,43314.58,18/8/16,124100,3770.0
T950260,C2422344,F,KALKA,158339.32,10/9/16,204106,26.0
T12923,C3024329,F,PUNE,89025.85,27/9/16,52837,17.98
T8748,C6737525,M,BANGALORE,14942.09,22/9/16,132355,150.0
T559101,C4819286,M,BULANDSAHAR,20.46,23/8/16,134441,200.0
T954258,C8128217,M,NEW DELHI,19988.14,10/9/16,211417,490.0
T388207,C4337232,M,DELHI,145606.1,13/8/16,164837,150.0
T405480,C1727549,M,PUNE,22654.52,18/8/16,185920,39.0
T779039,C1440680,F,AHMEDABAD,6732.33,6/9/16,164730,2799.01
T536994,C3974883,F,DELHI,31404.33,24/8/16,205026,147.0
T231426,C3215482,M,BANGALORE,9.21,7/8/16,121229,105.07
T824430,C1441417,F,DELHI,123590.87,4/9/16,182841,284.0
T201001,C1941562,M,NEW DELHI,3581.58,9/8/16,210111,127.4
T852989,C6929115,M,GURGAON,221256.12,9/9/16,233821,25.0
T861650,C7625923,M,GURGAON,27782.78,8/9/16,113952,1865.75
T428958,C2614686,M,GUNA,256704.36,17/8/16,210459,2495.0
T188072,C1631292,M,AJNALA,15253.97,9/8/16,142841,341.0
T283276,C6520043,M,MUMBAI,144040.18,11/8/16,141653,650.0
T215381,C4030743,M,SHAMLI,7282.68,8/8/16,172550,790.0
T193715,C3592916,M,MUZAFFARPUR,181.22,9/8/16,180612,267.0
T133711,C2035050,M,GHAZIABAD,37844.01,6/8/16,224847,4221.0
T525432,C8627932,M,DHARUHERA,47479.41,24/8/16,124200,1018.0
T695429,C1235558,M,GURGAON,14418.16,30/8/16,191143,220.0
T47854,C4123912,M,DELHI,168970.89,3/8/16,160651,1349.0
T63718,C2146216,M,KURUKSHETRA,2.63,2/8/16,44908,600.0
T113835,C1934444,F,GOREGAON (W) MUMBAI,14631.61,6/8/16,175701,460.0
T1016408,C2137682,M,BANGALORE,39570.43,13/9/16,170747,2170.5
T398348,C6647914,M,KAPURTHALA,278.17,18/8/16,60740,700.0
T821542,C6844357,M,GHAZIABAD,42094.48,4/9/16,140709,486.0
T291159,C3731772,F,PUNE,12319.12,11/8/16,185153,649.0
T190311,C7239259,F,MUMBAI,17003.84,9/8/16,171420,876.04
T563396,C7517783,M,MUMBAI,326332.71,27/8/16,171838,1186.0
T211928,C5418585,M,VIZIANAGARAM,1686.1,8/8/16,190355,4498.0
T559445,C1239753,F,MUMBAI,9577.24,22/8/16,163331,189.0
T859864,C1241288,M,INDORE,12209.61,9/9/16,204353,60.0
T621722,C6125185,F,AMBALA CANTT,23483.69,28/8/16,105109,178.0
T836789,C1694884,F,MUMBAI,68257.68,9/9/16,172553,600.0
T875015,C8416577,M,GHAZIABAD,35448.74,8/9/16,200935,1193.0
T889880,C8515020,M,CHENNAI,8871.75,7/9/16,171228,410.0
T553367,C1650839,F,GURGAON,1586.05,22/8/16,4604,4100.0
T701698,C8334062,M,GURGAON,80975.08,30/8/16,162455,150.0
T591900,C1818139,M,ROAD VARTHUR HOBLI BANGALORE,10288.14,26/8/16,162300,849.0
T129719,C4118847,M,ALWAR,2097716.24,6/8/16,203012,2000.0
T36525,C4516730,M,MUMBAI,603659.28,26/9/16,191541,2242.6
T234870,C1923266,F,GURGAON,139534.31,7/8/16,124922,204.0
T501370,C5636317,M,SHIMLA,62777.71,19/8/16,103832,100.0
T400302,C3036954,M,NAGPUR,14921.09,18/8/16,134140,500.0
T413570,C1928381,M,NASHIK,26000.92,18/8/16,212413,240.0
T717759,C3414887,M,NEW DELHI,5855.07,3/9/16,192313,10372.93
T343725,C2433057,F,MUMBAI,13993.78,15/8/16,212541,999.0
T300110,C2139175,M,HANUMANGARH,0.27,10/8/16,30607,14.0
T359804,C7210537,F,DELHI,116188.74,14/8/16,175525,1460.0
T434786,C4311524,M,BANGALORE,9784.1,16/8/16,92206,754.43
T870536,C1429092,M,GHAZIABAD,12151.03,8/9/16,191824,80.0
T90776,C4313272,F,UJJAIN,102837.49,22/9/16,133129,792.01
T267872,C4462873,M,MUMBAI,864895.28,3/9/16,110337,555.0
T395345,C4242730,F,HYDERABAD,822354.28,13/8/16,210728,5285.0
T107327,C7335936,M,NAVI MUMBAI,304066.35,1/8/16,224857,790.0
T368150,C2736658,M,GURGAON,62.34,14/8/16,193959,624.4
T978452,C2126162,M,HYDERABAD,14752.22,15/9/16,120330,3300.0
T296776,C3612064,F,NAGAR PUNE,23966.05,10/8/16,80604,203.0
T291113,C5120059,M,MUMBAI,41059.57,11/8/16,192704,1000.0
T878007,C7630920,M,NEW DELHI,13175.47,8/9/16,210711,614.8
T291692,C5036069,F,PUNE,12492.21,11/8/16,161619,200.59
T208246,C5742791,F,MUMBAI,503.8,8/8/16,132842,2563.0
T612498,C2641567,F,DELHI,16697.9,25/8/16,85855,1300.0
T471763,C5918943,F,NEW DELHI,19449.34,21/8/16,165138,362.0
T902691,C1120120,M,BANGALORE,57561.49,12/9/16,152427,4098.0
T1018247,C1043671,F,GURGAON,65486.49,14/9/16,214239,100.0
T883333,C4338376,M,BANGALORE,10948.65,7/9/16,204731,240.0
T407745,C3041142,M,THANE,15818.36,18/8/16,211327,1100.0
T418082,C5342051,M,HYDERABAD,16081.58,18/8/16,215850,1440.0
T572626,C4816167,F,NEW DELHI,159486.91,27/8/16,90641,4060.0
T330662,C7016442,F,MUMBAI,27870.79,15/8/16,110448,446.0
T839390,C1717663,M,NOIDA,74083.56,9/9/16,161026,666.0
T377470,C1935723,M,KANPUR,43.09,13/8/16,122127,10.0
T774576,C8840344,M,MUMBAI,147861.4,6/9/16,184823,10420.0
T272480,C6232968,F,BILASPUR,2.73,12/8/16,150719,37.0
T1046978,C6477843,M,SIWAN,19.79,18/9/16,10344,52.0
T774828,C1537058,M,THANE,0.18,6/9/16,121905,50.0
T260464,C3134223,F,KANPUR,10258.32,12/8/16,165007,912.0
T432527,C7626622,F,MUMBAI,4542.14,17/8/16,201900,1030.0
T380876,C6799190,M,DELHI,4721.17,13/8/16,171315,349.0
T361382,C8024691,M,JALANDHAR,73605.06,13/8/16,2020,713.67
T890132,C4124049,M,PANCHKULA,7584.09,7/9/16,185825,124.46
T494894,C2642941,M,NEW DELHI,4376.58,20/8/16,203427,2500.0
T402202,C6728513,M,BANGALORE,13384.54,18/8/16,140932,1000.0
T12974,C3032139,M,BANGALORE,7.62,27/9/16,171427,90.0
T426276,C1333912,F,AIZAWL,195.06,17/8/16,175739,423.0
T1029952,C1313669,M,REWARI (HARYANA),44013.95,13/9/16,95913,548.0
T85712,C4925691,M,KOLKATA,173612.8,1/8/16,92559,255.0
T964447,C5529239,F,FARIDABAD,12966.83,10/9/16,152535,186.0
T406148,C8123322,M,MARATHALLI OUTER RING RD BANGALORE,49181.32,18/8/16,175522,500.0
T337421,C1910087,M,NASHIK,11640.05,15/8/16,170609,100.0
T67132,C1042148,F,GURGAON,22519.57,2/8/16,105150,20500.0
T583561,C5014979,F,ANDHERI W MUMBAI,214.61,22/8/16,235356,317.0
T419539,C1915829,M,ROAD PUNE,9534.12,18/8/16,230200,1410.0
T877899,C8621681,M,JAIPUR,2007081.48,8/9/16,203141,6700.0
T1045346,C6733415,F,HYDERABAD,185224.55,18/9/16,2615,944.0
T759949,C8835882,F,CHENNAI,14.45,1/9/16,164937,1487.0
T971558,C1520729,M,HYDERABAD,27324.25,10/9/16,550,600.0
T344264,C6541418,M,MUMBAI,2675.83,15/8/16,212221,337.0
T88521,C8928929,M,THANE,738.29,1/8/16,151907,497.0
T123598,C3668471,M,PUNE,3851.93,6/8/16,194905,703.45
T436905,C1826765,M,DELHI,267234.49,16/8/16,41830,1100.0
T422434,C3420624,M,DELHI,18241.34,17/8/16,142613,130.0
T177017,C4083922,M,HYDERABAD,3964.46,4/8/16,231814,500.0
T239268,C1321376,M,BULANDSHAHR,31664.47,7/8/16,194022,700.0
T172696,C7339130,M,(WEST) MUMBAI,26574.49,4/8/16,203647,3200.0
T257527,C8028722,M,BHOPAL,883.08,12/8/16,131718,1073.0
T159450,C3736949,M,HYDERABAD,32270.91,4/8/16,110542,1999.0
T413110,C4612924,M,COIMBATORE,1722430.9,17/8/16,95920,200.0
T313330,C3119733,F,NOIDA,65141.65,10/8/16,192725,5000.0
T415818,C7622259,M,PATIALA,11807.1,17/8/16,83009,1500.0
T435442,C6029347,M,NEW DELHI,62121.89,17/8/16,204830,500.0
T839808,C4828663,F,NOIDA,326383.15,4/9/16,104854,1290.0
T549875,C4730161,F,CHENNAI,757.36,23/8/16,104826,50.0
T402248,C9025345,M,BENGALURU,47.96,18/8/16,55328,50.0
T306185,C3235537,M,NEW DELHI,88769.14,10/8/16,164614,262.69
T777001,C3515934,M,MIRA ROAD,10797.15,6/9/16,193614,200.0
T691880,C6721472,M,BANGALORE,2301955.82,30/8/16,161340,3603.0
T921521,C3342692,M,MEERUT,128845.63,11/9/16,71805,5217.0
T274970,C5217789,M,ANANTAPUR,8475.77,12/8/16,201038,1550.0
T420032,C5226487,M,MUKTSAR,10518.67,17/8/16,42227,55.0
T949459,C6035970,M,BANGALORE,2211.92,11/9/16,223110,505.0
T59478,C1612363,M,THANE,1243.7,3/8/16,223522,150.0
T757571,C3319911,M,DURGAPUR,1814.6,1/9/16,191339,1250.0
T410577,C1428551,F,BANGALORE,61457.04,18/8/16,165906,5117.0
T132785,C7784020,M,HOSPITAL PUNE,4.28,5/8/16,1424,25.0
T959417,C3893177,M,MUMBAI,1473749.77,10/9/16,162443,210.52
T257701,C4711034,M,PANCHKULA,128634.09,12/8/16,123242,198.0
T79572,C8120924,M,BAHADURGARH,10126.53,2/8/16,195003,9990.0
T525373,C1433321,M,BANGALORE,7658.24,19/8/16,203939,100.0
T66795,C7114372,M,NEW DELHI,3508.49,2/8/16,111338,200.0
T690588,C6210249,M,KOTA,364.12,31/8/16,213034,265.0
T565367,C6832928,M,DELHI,83727.86,22/8/16,124837,801.0
T976751,C6638467,M,DELHI,404922.36,15/9/16,131320,2880.0
T847576,C5739339,M,RAJAHMUNDRY,8884.49,9/9/16,120410,110.0
T715536,C8024617,M,GURGAON,29090.72,3/9/16,203031,700.0
T664567,C6414741,M,PUNE,1381.98,28/8/16,222422,123.0
T1047472,C1236385,M,DELHI,19626.0,18/9/16,190253,108.0
T215427,C6831827,M,VADODARA,366.36,8/8/16,171212,298.0
T551992,C8787188,F,SOUTH ELECTRONICS CITY BANGALORE,95436.51,22/8/16,90431,312.0
T1048110,C8138682,M,GHAZIABAD,7677.6,18/9/16,194117,493.93
T194926,C5019728,M,NOIDA,38.78,8/8/16,85903,34.0
T304547,C7624447,M,PUDUKKOTTAI (DT),9.82,10/8/16,165212,23.0
T628499,C2132641,F,WARANGAL,0.01,29/8/16,145213,30.0
T612620,C7341274,M,HYDERABAD,14198.59,26/8/16,205047,2500.0
T657869,C6814933,M,JALGAON,205892.28,28/8/16,183618,411.65
T657688,C3852575,M,VAPI,8930.63,28/8/16,214839,10.0
T104381,C5629086,F,GURGAON,33662.29,1/8/16,195402,3350.0
T545015,C1627422,M,BHOPAL,17365.62,24/8/16,185054,386.0
T594061,C1598750,M,BANGALORE,717.47,27/8/16,202400,276.0
T405928,C7030981,F,MUMBAI,16299.66,18/8/16,121032,1002.0
T528689,C2348890,M,NEW DELHI,44572.4,24/8/16,131522,1961.0
T81908,C8335581,M,NOIDA,13768.99,1/8/16,62526,200.0
T149279,C7725961,M,KHARGHAR,179090.67,5/8/16,221304,4845.36
T669780,C7825117,M,AHMEDABAD,242563.21,28/8/16,144110,3646.0
T73587,C4114072,M,THANE,31183.8,2/8/16,183411,376.0
T281673,C4232764,F,CHANDIGARH,13016.74,11/8/16,121711,301.0
T146747,C4090042,M,BANGALORE,33688.89,5/8/16,193309,1140.0
T328118,C4817678,M,MUMBAI,7.28,15/8/16,173821,558.0
T7850,C7419382,F,DELHI,238553.41,25/9/16,204921,345.0
T125460,C2812752,M,KOLLAM,47390.73,6/8/16,235314,100.0
T973311,C3914986,M,NEW DELHI,6050.84,10/9/16,124047,1098.0
T192390,C6174481,M,DELHI,3638.36,9/8/16,191725,110.0
T607929,C2439537,F,GURGAON,117266.92,25/8/16,82259,1067.0
T641720,C5933432,F,GURGAON,276232.2,29/8/16,71410,200.0
T765559,C5927942,M,HYDERABAD,8565.93,1/9/16,132436,47.0
T877567,C8518482,M,CHENNAI,25762.54,7/9/16,221515,345.0
T275972,C7329877,M,DELHI,285691.59,11/8/16,123932,250.0
T544166,C2492780,F,DELHI,10033.73,24/8/16,214628,50.0
T941178,C1077082,M,GHAZIABAD,24720.16,11/9/16,205557,1131.0
T652686,C1335641,M,GURGAON,97646.82,31/8/16,160625,1326.0
T568685,C5828826,M,GURGAON,1850.16,22/8/16,121524,1000.0
T1012690,C8217670,M,MUMBAI,5730.46,14/9/16,194454,160.0
T756355,C5240726,M,SANGLI,1425.63,1/9/16,172844,499.0
T617140,C5133539,M,MUMBAI,326427.11,26/8/16,215413,865.0
T764446,C3830060,M,NEW DELHI,96770.23,1/9/16,112524,315.0
T769626,C3494859,M,MUMBAI,35916.71,1/9/16,301,665.0
T140053,C2534781,M,VISAKHAPATNAM,12143.16,5/8/16,94446,30.0
T455413,C7436588,M,CHENNAI,34374.21,16/8/16,184635,1440.0
T623770,C1527953,M,JAMSHEDPUR,5339.17,29/8/16,214111,45.0
T201090,C6340485,M,NEW DELHI,19099.42,8/8/16,121227,228.78
T1044500,C6125882,M,NAVI MUMBAI,56102.77,18/9/16,1234,14.0
T453477,C3718466,M,DELHI,353964.31,16/8/16,204811,896.7
T222517,C2859073,M,KOLKATA,62576.32,8/8/16,210531,871.0
T192599,C2118819,F,NEW DELHI,1422254.47,9/8/16,182454,3500.0
T960961,C5426177,M,NEW DELHI,308725.83,10/9/16,140257,1010.0
T82540,C6334365,M,BELGAUM,21055.73,2/8/16,165014,508.0
T338696,C3131777,M,KOLHAPUR,198482.31,15/8/16,184641,1687.0
T861480,C9030943,M,BAMBOLIM,8530.67,8/9/16,105442,200.0
T431679,C8383038,F,TIRUVALLUR,98044.88,17/8/16,195131,798.0
T825800,C3024140,M,GHAZIABAD,76042.17,4/9/16,155519,1000.0
T974465,C7419125,M,NOIDA,134538.85,15/9/16,150454,500.0
T985271,C1816177,M,BANGALORE,273395.44,15/9/16,110428,1000.0
T924925,C4917543,M,HYDERABAD,30870.8,11/9/16,93446,98.0
T987888,C5323090,M,GHAZIABAD,749279.88,15/9/16,190800,6999.0
T473074,C2914118,F,HYDERABAD,3136.57,21/8/16,224458,1.0
T625384,C7865019,M,REWARI,111734.06,28/8/16,110744,220.0
T497488,C5321952,F,FARIDABAD,15867.13,19/8/16,91444,130.0
T195735,C2816783,M,PATPARGANJ,13232.19,9/8/16,192920,40000.0
T675256,C8975523,F,PANIPAT,37.78,28/8/16,114058,100.0
T869667,C4723337,M,BANGALORE,119786.73,8/9/16,155331,577.0
T346965,C5640628,M,NEW DELHI,9.53,14/8/16,71836,297.0
T214851,C2733825,F,DELHI,380889.38,8/8/16,172146,250.0
T590548,C8317566,M,MUMBAI,113873.51,27/8/16,194555,103.0
T604428,C3533852,F,DELHI,380889.38,25/8/16,114308,1043.46
T904569,C5610364,M,GAUTAM BUDDHA NAGAR,9098.19,12/9/16,145928,482.0
T77134,C4615614,M,AMRELI,6276.86,2/8/16,193703,178.0
T891250,C8625376,M,KOLKATA,157333.33,7/9/16,155305,100000.0
T532831,C6515360,M,LUCKNOW,2552060.38,23/8/16,215558,1211.0
T780125,C4520350,F,NAGPUR,125.52,6/9/16,160012,200.0
T654208,C1211379,F,DELHI,41568.35,28/8/16,215747,2948.0
T307033,C6019875,M,DELHI,319.78,10/8/16,152141,500.0
T800946,C2828340,F,KANPUR,10393.08,5/9/16,173019,410.0
T504800,C6520916,M,MUMBAI,99833.38,20/8/16,225551,1445.0
T481477,C5537158,F,LUCKNOW,17403.23,21/8/16,205317,807.0
T920527,C4542581,M,NEW DELHI,27707.61,12/9/16,220159,7215.0
T717862,C6231079,M,THANE,28124.43,3/9/16,195256,1285.0
T681605,C3433443,F,GURGAON,69647.89,30/8/16,81937,521.0
T111170,C1324822,F,BANGALORE,68.53,6/8/16,114718,820.0
T873499,C4226656,M,AHMEDABAD,25648.97,8/9/16,201724,220.0
T208166,C6934192,M,LUDHIANA,334575.13,8/8/16,162139,500.0
T1028483,C4235284,M,BANGALORE,13859.21,13/9/16,123546,4025.0
T1017388,C3475313,M,NEW DELHI,938854.6,14/9/16,223832,618.0
T123218,C8524535,M,KANGAYAM,20392.04,6/8/16,184016,259.0
T333825,C5714815,M,VISAKHAPATNAM,13843.25,15/8/16,140337,200.0
T996675,C1832926,F,DELHI,2614.07,14/9/16,110814,700.0
T993165,C6132283,M,FARIDABAD,12055.88,14/9/16,82049,1512.75
T525392,C7183640,M,DELHI,119257.29,24/8/16,105308,1161.0
T943327,C5812177,M,CUDDALORE,39007.12,11/9/16,181210,453.0
T204583,C2325338,M,NAVI MUMBAI,208076.66,8/8/16,113135,71.0
T90305,C8717645,M,DELHI,8072.18,1/8/16,111455,1418.0
T969713,C2639579,M,MUMBAI,7456.64,10/9/16,110930,970.0
T467696,C3826184,M,AMBARNATH,67392.33,21/8/16,200019,295.0
T943090,C6999355,F,GURGAON,20057.3,11/9/16,190744,427.0
T685684,C6974486,M,DELHI,3638.36,31/8/16,213653,72.0
T760405,C8112042,M,NOIDA,14773.48,1/9/16,151447,660.0
T985676,C8717347,M,NEW DELHI,335.09,15/9/16,111900,380.0
T371495,C8019557,M,BANGALORE,31965.24,14/8/16,211832,350.0
T405263,C3227624,M,KANPUR,42430.56,18/8/16,171043,1650.0
T1033641,C1136091,M,RANGA REDDY,4044.18,13/9/16,23137,98.0
T31316,C5127088,M,FARIDABAD,1645.15,26/9/16,131443,472.0
T772285,C5023154,M,GREATER NOIDA,15092.19,6/9/16,234532,65.0
T458467,C6129728,M,CHANDIGARH,11016.17,21/8/16,135635,1000.0
T653100,C5336284,M,CHENNAI,15.83,31/8/16,10803,1.0
T779292,C8648752,F,BANGALORE,10750.52,6/9/16,183320,185.0
T672392,C4721669,M,MUMBAI,379.02,28/8/16,130027,320.0
T997369,C5619421,F,DELHI,20162.88,14/9/16,125056,248.0
T132306,C5232834,M,GHAZIABAD,28164.99,5/8/16,10832,1595.0
T675082,C2240687,M,KOLKATA,12400.17,28/8/16,174516,299.0
T899864,C1823913,M,RANGA REDDY,6332.75,12/9/16,170027,100.0
T8475,C5532520,M,K V RANGAREDDY,24537.81,22/9/16,130926,150.0
T455357,C1013175,F,RAIPUR,128.12,16/8/16,210707,700.0
T466645,C7929183,M,GURGAON,45698.42,21/8/16,184405,322.0
T892810,C2710851,F,ROHTAK,7011.48,7/9/16,142549,168.0
T384622,C5020531,M,MUMBAI,48025.6,13/8/16,145422,1789.0
T124532,C2818887,F,INDORE,40017.9,6/8/16,183851,200.0
T929280,C5835975,M,NEW DELHI,44952.05,11/9/16,165135,2533.0
T143384,C7975454,M,THENI,85.76,5/8/16,152607,0.01
T845451,C7228461,M,DELHI,2780.45,9/9/16,125550,200.0
T806111,C3636778,F,WOKHA,197.7,5/9/16,183727,400.0
T741595,C5015312,M,CACHAR,5325.83,2/9/16,182855,30.0
T928075,C4342454,F,BANGALURU,24470.52,11/9/16,150603,499.0
T1012306,C6429259,F,RAJGURUNAGAR,6941.65,14/9/16,223040,795.0
T432219,C3626866,F,MUMBAI,233270.63,17/8/16,192205,5500.0
T948166,C3028173,M,NEW DELHI,10.57,10/9/16,222435,2120.0
T72622,C8452350,F,NEW DELHI,79177.2,2/8/16,162249,950.0
T989619,C5325415,M,BANGALORE,14370.05,15/9/16,202950,87000.0
T1044434,C4926348,M,NEW DELHI,1014577.84,18/9/16,1417,19.58
T263138,C3432016,M,SURAT,34249.64,12/8/16,111000,150.0
T308302,C6326128,M,NOIDA,129233.07,10/8/16,135554,1400.0
T1037333,C7926060,M,FARIDABAD,10843.67,18/9/16,154644,60.25
T1047019,C4538646,F,GUWAHATI,227340.66,18/9/16,180817,15000.0
T725560,C5019531,M,MUMBAI,402711.67,3/9/16,233810,2410.0
T157865,C8326490,M,PUNE,351.53,3/9/16,142410,103.0
T252564,C3814723,M,GURGAON,1495399.29,12/8/16,121037,5000.0
T1041734,C1217713,M,AIRPORT RD BANGALORE,183633.09,18/9/16,124926,1121.62
T740386,C2290538,M,THANE,18792.39,2/9/16,195425,895.0
T211711,C8956214,M,KOLKATA,7853.97,8/8/16,182656,300.0
T601708,C5819063,M,NAGAWARA BANGALORE,29415.76,26/8/16,204542,120.0
T332916,C8012356,M,NEW DELHI,50740.21,15/8/16,162733,500.0
T10351,C5030391,F,NOIDA,248288.35,22/9/16,133242,705.0
T49445,C5021828,F,GURGAON,135.45,3/8/16,132017,250.0
T1023020,C2420431,F,GURGAON,19004.73,13/9/16,172721,153.0
T19453,C4615630,F,DELHI,9465.89,26/9/16,191119,849.0
T678895,C6211061,M,MUZAFFARNAGAR,2332.88,28/8/16,104952,450.0
T584203,C1714712,M,SHIMLA,27474.78,27/8/16,120017,3098.0
T782,C4571043,M,MUMBAI,3722.83,21/10/16,214357,10.0
T414399,C5015758,M,GURGAON,54660.39,17/8/16,24231,400.0
T692777,C8031872,F,BANGALORE,20434.31,31/8/16,203101,699.0
T495754,C2535429,F,MUMBAI,12744.98,20/8/16,214050,547.0
T390775,C8628538,M,BANGALORE,13384.54,18/8/16,2201,1000.0
T117369,C4856185,M,GURGAON,771.32,6/8/16,150210,50.0
T311863,C1134560,M,PUNE,8089.07,10/8/16,180101,100.0
T501019,C2784913,F,KARNAL,5179.36,20/8/16,200905,300.0
T608471,C8341069,M,PAPUM PARE,1050620.35,26/8/16,95744,8999.0
T469363,C1414067,M,GURGAON,169091.48,21/8/16,171334,1584.0
T712371,C2335235,F,THANE,95814.82,3/9/16,172108,500.0
T286329,C5831239,F,BANGALURU,40445.43,11/8/16,191022,1199.0
T755960,C3136675,M,NEW DELHI,2496.35,1/9/16,205836,20.0
T874816,C4442263,M,YAMUNANAGAR,2552.36,8/9/16,190858,5510.0
T56686,C5425576,M,NAGPUR,1677.86,3/8/16,191020,545.0
T799462,C9029146,M,DELHI,2600.87,5/9/16,162513,139.0
T699414,C6932057,M,MUMBAI,6126.71,30/8/16,133403,1026.0
T1017362,C7538959,M,NIZAMABAD,3541.34,14/9/16,213938,69.0
T362358,C6022585,M,MALAPPURAM,45458.07,14/8/16,182602,283.0
T261386,C1118133,F,SOUTH 24 PARGANAS,4429.0,12/8/16,185759,480.0
T718530,C3925220,M,GURGAON,305.83,3/9/16,202222,1251.0
T209511,C6213661,M,MEDAK,487.7,3/9/16,130813,190.0
T284123,C4226883,M,DELHI,22813.68,11/8/16,130148,120.0
T1014640,C3611174,M,OFFICE PURBA MEDINIPUR,9246.98,14/9/16,221225,50.0
T559209,C4420847,F,DELHI,5203.83,22/8/16,150811,100.0
T261765,C5028885,F,KOLKATA,915.96,12/8/16,172652,1090.0
T886813,C3817430,M,KOLKATA,256790.05,7/9/16,205439,2800.0
T276029,C4140523,M,NEW DELHI,100145.57,11/8/16,84659,5469.0
T680165,C8146988,M,ROAD PUNE,2786.33,30/8/16,141831,50.0
T355477,C6822291,F,THANE AMBERNATH,1478.78,14/8/16,180858,50.0
T470562,C2532028,M,KANCHEEPURAM,2837.79,21/8/16,220115,300.0
T46059,C5011467,M,MOHALI,27630.31,3/8/16,123730,55.0
T716032,C1615338,M,GURGAON,18210.75,3/9/16,191408,100.0
T33068,C5527656,M,PATIALA,29770.02,25/9/16,191701,127.0
T77053,C7035186,M,MUMBAI,2769.48,2/8/16,111449,50.0
T424129,C8079331,M,MEERUT,5240.28,17/8/16,163333,400.0
T690239,C5417819,M,BELGAUM,81.29,30/8/16,180622,72.82
T425292,C7019940,F,MUMBAI,3000.14,17/8/16,195050,2100.0
T890928,C3529111,M,CHENNAI,30083.89,7/9/16,163005,1065.0
T853761,C2624759,M,JAJPUR,5769.01,9/9/16,221957,232.76
T940561,C5940840,M,AHMEDABAD,163.28,11/9/16,223759,119.0
T507448,C6423030,M,HARIDWAR,28054.11,19/8/16,111441,115.2
T705419,C7564748,F,BARIATU ROAD RANCHI RANCHI,3541.46,30/8/16,92446,100.0
T259738,C4135469,M,NOIDA,10493.92,12/8/16,135839,500.0
T181303,C6534047,M,GURGAON,80975.08,9/8/16,91955,199.0
T700922,C3636947,F,AHMEDABAD,20446.79,30/8/16,150349,2350.0
T445438,C7627641,F,JAIPUR,9934.68,16/8/16,100509,1598.0
T776782,C2440552,M,NEW DELHI,59714.7,6/9/16,162949,100.0
T778916,C2728937,F,SOUTH 24 PARGANAS,542.12,6/9/16,181829,147.0
T141216,C7233860,F,BANGALORE,143660.09,5/8/16,180427,7689.0
T855069,C7411982,M,MUMBAI,434037.44,9/9/16,202649,1831.0
T652350,C3316357,M,BANGALORE,314237.66,31/8/16,165018,300.0
T780383,C1231382,M,LUCKNOW,16572.85,6/9/16,172217,1200.0
T554163,C4364537,M,MYSORE,5827.03,23/8/16,173750,344.0
T177729,C3790467,M,NAGPUR,45458.13,4/8/16,220128,455.0
T136381,C5730272,M,GHAZIABAD,119497.41,5/8/16,134244,100.0
T768089,C2425563,M,PUNE,778.74,1/9/16,11107,1683.0
T835397,C4223024,M,SAS NAGAR,534.11,4/9/16,131825,300.0
T341249,C5180867,M,GURGAON,36154.38,14/8/16,122630,3396.0
T715424,C1831023,F,NAVI MUMBAI,19141.97,3/9/16,190412,199.0
T30579,C6414841,F,THANE,487.09,25/9/16,195012,344.0
T150848,C3025440,M,GANDHINAGAR,296039.17,5/8/16,182120,500.0
T583502,C3573978,M,HARIDWAR,25857.28,27/8/16,124346,210.0
T836406,C3866238,F,SOUTH 24 PARGANAS,16972.54,9/9/16,185922,1785.0
T448780,C2695562,M,SURAT,81787.26,16/8/16,171345,999.0
T53341,C6635084,M,FARIDABAD,100.07,3/8/16,154131,490.0
T937865,C5521147,F,DELHI,32159.1,11/9/16,200844,404.0
T141575,C3055933,F,CHANDIGARH,13160.42,5/8/16,143624,468.0
T595147,C8231675,F,GHAZIABAD,31465.33,26/8/16,172525,1581.6
T91690,C1319616,F,LAKHIMPUR-KHERI,37801.24,22/9/16,160620,226.47
T865017,C8842434,M,NAVI MUMBAI,16.95,8/9/16,134521,800.0
T279136,C4856979,M,CHENNAI,301971.06,11/8/16,20624,2892.0
T668093,C6517267,F,SURAT,202540.04,28/8/16,80334,50.0
T829125,C2324816,M,VISAKHAPATNAM,62914.5,4/9/16,143211,106.34
T454010,C6018655,M,LOHARADAGA,6826.75,21/8/16,74608,146.0
T81404,C3542177,M,MEHSANA,22310.88,1/8/16,125815,84.0
T825582,C2413538,F,GURGAON,91.24,4/9/16,174917,256.0
T633927,C5319658,M,BAREILLY,13620.71,29/8/16,113458,1698.72
T668475,C7028390,M,FARIDABAD,4665.24,28/8/16,135238,50.0
T1025142,C2935358,F,PALGHAR,240.73,13/9/16,152527,1265.0
T728645,C7613342,F,PALGHAR,61726.82,2/9/16,91249,500.0
T608192,C2419882,F,BANGALORE,10596.64,25/8/16,114119,1430.0
T82324,C2818785,M,MUMBAI,134700.02,1/8/16,83449,665.71
T804329,C1011744,M,DELHI,15647.56,5/9/16,204939,937.0
T825982,C6539224,M,RANGAREDDY DT,5354.98,4/9/16,173345,381.1
T373403,C1326622,M,AHMEDABAD,33233.69,13/8/16,30358,4878.0
T723254,C5133546,M,BANGALORE,177157.85,3/9/16,222757,1328.0
T558722,C2017064,M,NEW DELHI,110.3,23/8/16,111951,611.0
T1003381,C5120965,M,PUNE,37552.84,14/9/16,192852,112.0
T622666,C4234676,M,BANGALORE,7130.07,29/8/16,205654,974.0
T729300,C5873083,M,GURGAON,103965.15,2/9/16,124336,150.0
T778046,C2430033,M,MUMBAI,18945.06,6/9/16,192314,76.0
T565234,C1826877,M,MUMBAI,240572.6,22/8/16,142659,730.0
T700688,C6035045,M,CHENNAI,13471.06,30/8/16,123814,309.0
T539809,C3636518,M,GHAZIABAD,87958.54,23/8/16,204553,1715.0
T463427,C4824856,M,NEW DELHI,49917.94,16/8/16,232940,1074.0
T18589,C4318692,F,DELHI,1165515.3,26/9/16,192109,1400.0
T578458,C7736492,M,KALYAN,30329.65,22/8/16,210841,270.0
T892,C7128585,M,BANGALORE,13384.54,21/10/16,211435,200.0
T634529,C3933073,M,BANGALORE,52177.45,29/8/16,200953,391.0
T461072,C6710535,M,BAHADURGARH,190.34,21/8/16,155712,25000.0
T592050,C2197635,F,PUNE,151241.71,27/8/16,210700,474.0
T944180,C5522050,M,AHMADNAGAR,70.98,11/9/16,203850,156.0
T784925,C6140877,M,BHARATPUR,40336.32,6/9/16,150502,395.0
T988821,C4421448,M,GURGAON,235883.89,15/9/16,230317,9699.0
T54136,C4838870,M,NEW DELHI,33973.75,3/8/16,193127,500.0
T430772,C4024965,M,PANTNAGAR,41665.26,17/8/16,173432,450.0
T582526,C7535754,M,GURGAON,8550.89,27/8/16,175740,200.73
T761892,C4622722,F,MUMBAI,46477.53,1/9/16,132454,1436.0
T899288,C8965785,F,NEW DELHI,98402.26,12/9/16,162950,1149.0
T487264,C6439124,F,GURGAON,25660.55,20/8/16,144542,702.0
T728563,C3210955,M,THANE,6664.52,2/9/16,123245,450.0
T666663,C3836442,M,CHANDIGARH,15921.31,28/8/16,231208,390.0
T873076,C8175742,M,UDAIPUR,14025.55,8/9/16,192817,175.0
T443413,C2332622,M,GHAZIABAD,10292.63,16/8/16,100307,125.0
T9430,C5772452,M,MUMBAI,36331.44,25/9/16,214358,515.0
T363617,C2814874,M,JHAJJAR,31256.26,13/8/16,3142,200.0
T1016642,C4915462,M,FARIDABAD,17227.5,13/9/16,180302,369.0
T533194,C2038414,F,CHENNAI,101423.27,24/8/16,195952,850.0
T11320,C1824221,M,HOWRAH,159.6,25/9/16,223435,10.0
T1013851,C5786764,M,KHAMMAM,17428.23,14/9/16,213946,360.5
T131388,C6218812,M,KANPUR,6363.53,6/8/16,145007,234.0
T421148,C4453734,F,NEW DELHI,229609.48,17/8/16,172032,299.0
T739344,C6235662,M,BANGALORE,434066.69,2/9/16,153022,899.0
T226530,C7031540,M,MUMBAI,43272.64,7/8/16,132737,225.0
T349476,C1736238,M,BANGALORE,83890.73,14/8/16,30950,50.0
T389614,C1412950,M,AURANGABAD,5627.73,13/8/16,213312,658.0
T260600,C7280953,M,NEW DELHI,4331.24,12/8/16,122909,200.0
T43948,C1829857,M,BANGALORE,13827.68,3/8/16,92743,175.0
T876632,C5731673,M,MUMBAI,52404.99,8/9/16,232204,500.0
T61533,C4321981,M,CITY PO BANGALORE,0.0,2/8/16,65628,100.0
T179094,C6054034,M,MUMBAI,71.4,4/8/16,214420,2220.4
T944810,C2322033,M,AHMADNAGAR,70.98,11/9/16,203528,29.0
T64963,C3636645,M,BANGALORE,18683.14,2/8/16,123112,5841.0
T922760,C7124336,F,SILCHAR,2910.52,11/9/16,1313,98.0
T559392,C6819574,M,GURGAON,15818.65,22/8/16,232833,1200.0
T413846,C1112683,M,GAYA,68859.84,18/8/16,182348,49.0
T569557,C5835059,F,KOLKATA,5667.61,27/8/16,154008,779.0
T319432,C7532179,M,BAHADURGARH,3203.85,10/8/16,213609,200.0
T38017,C4213085,M,GOPALPURI TALUKA-ANJAR GANDHIDHAM,28684.46,27/9/16,2345,97.0
T440108,C3876220,F,PUNE,5407.43,16/8/16,60815,1270.0
T522779,C6529931,M,SURAT,91.04,24/8/16,121749,1908.4
T78109,C4221136,M,NAVI MUMBAI,100569.66,2/8/16,203035,17723.0
T583299,C5921779,M,BHOPAL,59102.61,23/8/16,152654,2400.0
T899761,C3723035,F,NEW DELHI,42392.69,7/9/16,91557,246.62
T82883,C1723958,M,CHANDIGARH,163073.38,1/8/16,51220,531.5
T107440,C2013046,M,BANGALORE,35635.51,6/8/16,135211,1706.3
T256548,C5341739,F,PALI,67.55,12/8/16,144623,100.0
T574831,C8620980,M,GURGAON,19446.87,22/8/16,182149,213.9
T865875,C2321853,M,KANPUR,9504.66,8/9/16,124535,1048.0
T76837,C2724365,M,JAIPUR,503.67,2/8/16,202921,130.0
T912885,C5833565,F,LUDHIANA,24748.73,12/9/16,42141,25.0
T462326,C2687267,M,WHARF RESTAURNT BANGALORE,765556.07,21/8/16,165659,690.0
T199743,C1816264,M,SCHOOL BANGALORE,17865.66,9/8/16,213904,300.0
T448424,C7164687,F,AURANGABAD,25315.1,16/8/16,175738,300.0
T460047,C7419374,F,DELHI,238553.41,21/8/16,121951,900.0
T109501,C5536721,M,SURENDRANAGAR,11322.68,1/8/16,221403,870.0
T960857,C1513911,M,GHAZIPUR,305447.78,10/9/16,183725,2200.0
T247825,C8727380,M,AHMEDABAD,17121.47,7/8/16,210806,1022.72
T838811,C7116790,M,BANGALORE,7987.23,9/9/16,170718,53.0
T655508,C6679827,F,MUMBAI,1016584.39,28/8/16,173932,1755.55
T535179,C5122327,M,SAMASTIPUR,11508.08,23/8/16,202506,143.0
T364072,C5328921,M,BAMBOLIM,132.43,14/8/16,235134,4002.0
T840004,C8141043,M,BANGALORE,56.67,9/9/16,174115,500.0
T687186,C3626127,M,DELHI,20540.23,31/8/16,220138,800.0
T961449,C7932790,M,BANGALORE,49371.72,10/9/16,143359,100.0
T815116,C7022830,F,BANGALORE,132.68,4/9/16,233521,240.0
T384088,C4041583,M,NEW DELHI,2605669.24,13/8/16,145124,2000.0
T1034154,C1924021,M,GURGAON,13655.49,18/9/16,181102,2000.0
T115623,C1152185,F,WEST GODAVARI,24405.39,6/8/16,144700,161.0
T867634,C7140033,M,THANE,6791.42,8/9/16,160458,140.0
T809411,C6920177,M,MUMBAI,9492.15,4/9/16,203458,10.0
T226695,C5021833,M,GURGAON,166984.29,8/8/16,224445,3365.03
T1018714,C4412392,M,MUMBAI,23069.3,14/9/16,122258,100.0
T352975,C5117521,M,CHANDIGARH,5547.45,14/8/16,172430,100.0
T458099,C8612250,M,DELHI,652500.87,21/8/16,24912,5181.0
T101867,C5238545,M,PATAN (GUJARAT),4718.65,1/8/16,185019,199.0
T979700,C1628732,M,POLLACHI,10129.33,15/9/16,110251,200.0
T1036501,C6125567,F,DIBRUGARH,5842.66,18/9/16,150630,128.0
T105270,C2426078,M,PUNE,12093.32,1/8/16,211700,100.0
T1041061,C4231137,M,MUMBAI,262730.32,18/9/16,130529,690.0
T683147,C8258550,M,GURGAON,3006.01,31/8/16,210812,20.0
T441221,C7128053,M,GURGAON,948.57,16/8/16,81346,1060.0
T493504,C1439746,M,THANE,88153.63,20/8/16,152627,14401.0
T1004188,C4822260,F,KOLKATA,25088.36,14/9/16,164144,441.9
T540109,C1285855,F,KARNAL,3297.2,22/8/16,10036,124.0
T70804,C5130650,F,PASCHIM MEDINIPUR,8368.46,2/8/16,184224,1071.0
T77218,C6911569,M,NEW DELHI,1717.56,2/8/16,203202,500.0
T141374,C3247228,M,NEW DELHI,24717.04,5/8/16,142131,250.0
T270720,C4565565,F,FARIDABAD,17310.05,12/8/16,222339,3855.0
T739691,C6724415,M,BANGALORE,9429.95,2/9/16,211419,240.0
T636584,C3316488,F,DELHI,18510.02,25/8/16,231314,60.0
T322876,C3623360,M,GAUTAM BUDDHA NAGAR,2573.73,10/8/16,222916,27.0
T278143,C1915653,M,VIYYUR THRISSUR,4038.96,12/8/16,222017,215.0
T560524,C6221664,M,NOIDA,39912.7,22/8/16,164415,23.0
T64717,C2216672,F,FARIDABAD,24984.48,2/8/16,82941,1838.0
T210755,C2632262,M,VISAKHAPATNAM,288.9,3/9/16,134416,220.0
T210844,C2035861,F,NOIDA,136304.16,3/9/16,135456,308.0
T1026331,C5624411,M,CHENNAI,8994.32,13/9/16,134531,565.0
T1037142,C2819282,M,MUMBAI,10372.89,18/9/16,135515,700.0
T710889,C6845379,M,ALLEPPEY,19954.51,3/9/16,93728,300.0
T705429,C6118925,M,MUMBAI,24119.53,31/8/16,145318,100.0
T498510,C7918128,M,NOIDA,33251.59,20/8/16,190857,910.0
T318427,C4942355,M,PUNE,26584.03,10/8/16,205713,161.4
T103168,C6711458,M,CHENNAI,23968.42,1/8/16,220059,240.0
T108827,C3325492,M,MUMBAI,898.8,6/8/16,134440,625.0
T534131,C3694556,F,NOIDA,3490.45,24/8/16,204517,1088.0
T644628,C7210076,M,BANGALORE,3481.82,25/8/16,123519,1400.0
T987406,C1426134,M,NOIDA,1654.14,15/9/16,74906,30.0
T85468,C7839433,M,BANGALORE,4351.83,1/8/16,154347,1147.0
T720379,C2915151,M,DELHI,23194.43,3/9/16,201746,100.0
T661703,C1423189,F,MURSHIDABAD,15976.13,31/8/16,55657,100.0
T1046475,C7727338,M,PUNE,4460.34,18/9/16,101708,70.0
T479007,C8936730,M,MOHALI,45334.52,21/8/16,232304,2000.0
T220000,C3729927,M,DELHI,0.0,8/8/16,195636,650.0
T503775,C8642122,M,JORHAT,1282.06,19/8/16,150947,791.26
T58897,C8827736,M,BANGALORE,4329.54,3/8/16,213941,140.0
T351328,C1525651,F,MUMBAI,4992.67,14/8/16,131631,1304.0
T301553,C4228173,M,GURGAON,483.76,10/8/16,103901,700.0
T947028,C6931887,M,NEW DELHI,40149.27,11/9/16,205046,354.0
T787532,C5254689,M,GHAZIABAD,80505.98,6/9/16,100227,107.52
T569514,C5437729,M,MUMBAI,15.5,27/8/16,62000,22.53
T174478,C7220791,M,MUMBAI,8490.87,4/8/16,201918,600.0
T908399,C8014437,F,BANGALORE,25540.79,12/9/16,144211,549.0
T280517,C3055016,M,WARANGAL,15201.29,11/8/16,133033,50.0
T147366,C1213837,M,DELHI,72618.44,5/8/16,144803,350.0
T1019717,C7731562,M,RATNAGIRI CHIPLUN,17747.57,13/9/16,200637,210.0
T227462,C8625021,M,KANPUR,279983.54,8/8/16,220514,40000.0
T233867,C6932265,F,DELHI,14979.6,7/8/16,141122,2934.0
T716340,C7674138,M,DELHI,88.05,3/9/16,203550,110.0
T578545,C3066972,M,NAVI MUMBAI,13511.37,27/8/16,133336,50.0
T101808,C4012737,F,MUMBAI,70007.15,1/8/16,182159,250.0
T763252,C3340958,F,GHAZIABAD,20469.13,1/9/16,140801,148.0
T165858,C4950673,M,VISAKHAPATNAM,100001.21,4/8/16,20200,2.0
T591441,C7331920,M,NEW DELHI,18329.72,27/8/16,221816,750.0
T425284,C3639520,F,AJMER,88783.53,17/8/16,195509,329.0
T536071,C5214132,M,KOLKATA,23896.6,22/8/16,114351,405.0
T68557,C1176533,M,BANGALORE,13567.9,2/8/16,151226,640.0
T117816,C7935136,F,HYDERABAD,57780.9,6/8/16,161502,2041.0
T693734,C7335272,F,THANE,26779.8,31/8/16,221947,744.83
T238084,C2520014,F,NEW DELHI,1157534.91,7/8/16,171325,171.83
T273637,C5722864,F,CHENNAI,5625.51,12/8/16,213305,1098.65
T229726,C4390077,M,HOSPITAL THANE WEST,22394.68,7/8/16,120933,660.0
T640247,C6516348,M,NEW DELHI,101436.34,29/8/16,141455,300.0
T636054,C6334870,M,MUMBAI,10074.33,29/8/16,120720,285.0
T316510,C5133956,M,MUMBAI,158995.54,15/8/16,74637,1040.0
T125620,C4666527,M,NEW DELHI,101208.81,6/8/16,191550,6340.0
T480464,C3542274,M,AHMEDABAD,27263.7,20/8/16,3535,1300.0
T957747,C6842225,M,CHANDIGARH,14785.76,10/9/16,194726,380.0
T123182,C9021921,M,GANDHINAGAR,3238.96,6/8/16,192051,369.0
T760468,C7236474,M,GHAZIABAD,119474.04,1/9/16,155229,6500.0
T66946,C8265422,M,KRISHNA DISTRICT,3419.91,2/8/16,105604,100.0
T299093,C4128179,M,EAST CHAMPARAN,118.59,10/8/16,55400,590.0
T305041,C5529890,M,CHANDIGARH,59691.05,10/8/16,114341,710.0
T1007243,C6232551,F,DELHI,320527.67,14/9/16,202649,1386.0
T214521,C7237946,M,HYDERABAD,247.68,8/8/16,202136,48.0
T14706,C5839158,M,DELHI,33667.82,26/9/16,155530,612.0
T541557,C4739749,M,TALIPARAMBA,37286.4,24/8/16,192642,49.0
T246470,C5842654,M,CHANDIGARH,145474.84,7/8/16,225530,1680.0
T607184,C6233911,M,ROHTAK,11629.1,25/8/16,105702,50.0
T592480,C1111449,F,NAVI MUMBAI,519875.43,25/8/16,130724,1500.0
T740827,C1164826,M,KOLKATA,107472.66,2/9/16,203401,110.0
T305756,C8121742,M,KOTTAYAM,269.53,10/8/16,122139,448.92
T912004,C7512628,F,THANE,505233.71,12/9/16,100300,300.0
T845012,C5831591,F,DELHI,17.44,9/9/16,152134,40.0
T857211,C4382372,M,JAIPUR,5953.54,8/9/16,1930,1000.0
T85451,C6635691,M,CHENNAI,91348.64,1/8/16,144818,100.0
T927648,C4229116,F,PANIPAT,31389.23,11/9/16,142058,701.0
T83523,C8918641,M,OPP HERITAGE BANGALORE,3458666.34,1/8/16,15837,1999.0
T575441,C5794158,M,LUDHIANA,183415.82,22/8/16,223443,1500.0
T939623,C2238636,F,JAIPUR,20725.31,11/9/16,165334,40000.0
T582530,C7329280,M,HUKERI,14523.43,27/8/16,134036,99.0
T465260,C4814919,M,CHENNAI,10453.99,21/8/16,191947,745.0
T906669,C8516862,M,MOHALI,79664.99,12/9/16,124956,439.0
T688322,C5328383,F,FARIDABAD,61438.17,30/8/16,201247,50.0
T268724,C5625763,M,BANGALORE,19488.53,12/8/16,190758,1641.0
T1001913,C5031767,F,DELHI,127420.9,14/9/16,152916,30.0
T575915,C4428272,M,NOIDA,20992.75,22/8/16,222007,200.0
T773462,C7641269,M,THANE,6045.62,6/9/16,232953,300.0
T89034,C2422737,M,HYDERABAD,16537.65,1/8/16,165417,222.0
T62588,C6415367,F,BANGALORE,365749.25,2/8/16,85134,2000.0
T899047,C7031977,M,AHMEDABAD,0.0,7/9/16,104332,1390.0
T942749,C6422726,M,BAREILLY,3015.7,11/9/16,181928,111.0
T852778,C1425715,M,MOHALI,2382.34,9/9/16,190105,1500.0
T483188,C3177817,M,UDAIPUR,103.22,21/8/16,204008,76.0
T769833,C2513773,M,MUMBAI,121915.04,1/9/16,503,700.0
T585326,C2929117,F,DELHI,9262.48,22/8/16,221824,935.0
T572621,C8428133,F,BANGALORE,12540.01,22/8/16,185724,353.0
T487445,C8315368,M,NEW DELHI,6310.43,20/8/16,131902,360.0
T587611,C6284370,F,MUMBAI,5742.34,27/8/16,211011,1098.0
T324551,C6521742,M,DELHI,449.67,15/8/16,161023,753.0
T215089,C5237855,M,BANGALORE,12883.11,8/8/16,204616,235.0
T587474,C5638175,M,CHENNAI,23662.57,23/8/16,145021,236.0
T835836,C1530091,M,AMBALA,1696.76,4/9/16,95400,80.0
T674756,C6935392,M,BANGLAORE,34969.07,28/8/16,141823,129.0
T309130,C7436171,M,MUMBAI,46148.84,10/8/16,182354,122.3
T355136,C4716920,F,DELHI,42087.03,14/8/16,145852,1050.0
T967814,C8242290,M,NEW DELHI,223440.53,10/9/16,141809,1880.0
T540896,C3840451,M,MUMBAI,15.91,23/8/16,112101,490.0
T5796,C4523177,M,MUZAFFARNAGAR,69990.42,22/9/16,94020,500.0
T47904,C8535930,M,BANGALORE,2211.92,3/8/16,143209,200.0
T347745,C5310617,M,DELHI,9101.3,15/8/16,235437,1500.0
T207165,C2689223,M,PANVEL,15115.77,8/8/16,124247,50.0
T553979,C4935672,M,PUNE,0.18,23/8/16,181827,300.0
T712837,C6218723,M,SRIGANGANAGAR,491203.42,3/9/16,181056,4790.0
T700288,C3727622,F,WEST DELHI,4468.56,30/8/16,95042,96.0
T82127,C3618677,M,OFFICE BANGALORE,69333.61,2/8/16,231103,1544.0
T901747,C8121425,M,GURGAON,41611.56,7/9/16,22227,2578.5
T578875,C5221824,M,MEERUT,20975.01,27/8/16,161736,2364.0
T288458,C8420944,M,CHANDIGARH,24348.91,11/8/16,165347,2200.0
T499370,C3211259,M,NEW DELHI,26278.45,20/8/16,205728,221.0
T943520,C5240851,F,BANGALORE,7009.28,11/9/16,211433,40.0
T189658,C8830649,M,SHERI KALYANI NAGAR PUNE,89349.59,9/8/16,170738,300.0
T832029,C7730251,M,UJJAIN,5030.77,4/9/16,125148,101.0
T8176,C7426573,F,BAREILLY,1912.76,25/9/16,191929,240.0
T826309,C4630023,F,KANPUR,13870.18,4/9/16,151642,795.0
T1028519,C5538373,M,FARIDABAD,2676.65,13/9/16,162544,702.0
T84621,C6728416,M,GHAZIABAD,15756.79,2/8/16,211559,300.0
T982959,C1915850,F,DAMAN,51919.75,15/9/16,130048,899.0
T975067,C3927619,M,HYDERABAD,926390.7,15/9/16,133733,90.0
T401814,C4029632,F,GURGAON,4266.15,18/8/16,94926,139.0
T708961,C3427480,F,BULANDSHAHR,218472.63,3/9/16,165628,1295.0
T417756,C2825978,M,DOMBIVALI EAST,51.47,18/8/16,223016,900.0
T177040,C6811716,M,DELHI,15647.56,9/8/16,21944,200.0
T1030661,C1131247,M,NEW DELHI,55228.26,13/9/16,113846,200.0
T210443,C8028112,M,AMBALA CANTT,102204.43,3/9/16,144530,986.0
T876517,C5218615,M,NOIDA,8963.43,8/9/16,193325,1349.0
T950631,C1732071,M,PATIALA,244556.17,10/9/16,202910,299.0
T866506,C2142452,M,DELHI,25944.34,8/9/16,162641,1033.85
T765114,C1930746,M,VARANASI,1.18,1/9/16,123454,10.0
T943828,C6815219,F,GURGAON,15464.49,11/9/16,212500,403.0
T41181,C7614355,F,KRISHNA,4302.53,27/9/16,213222,651.0
T698692,C6028535,F,HOWRAH,4519.27,30/8/16,204342,497.0
T572089,C1115961,M,JAIPUR,302.86,22/8/16,122905,30.0
T861979,C7910732,M,KANGRA,15489.25,8/9/16,112831,49.0
T142498,C2723714,M,PUNE,4479.84,5/8/16,173353,200.0
T237296,C1914646,M,GUNA,256704.36,7/8/16,153237,1053.0
T318834,C4729117,M,VISAKHAPATNAM,305583.81,15/8/16,112420,291.0
T733622,C8012486,M,GURGAON,3219.15,2/9/16,162935,200.0
T233905,C2613471,M,DELHI,100407.93,7/8/16,122701,717.0
T593896,C7354090,M,BAGALKOT,2048.27,27/8/16,204414,287.0
T492187,C3238570,M,KANNUR,35313.51,20/8/16,163822,488.0
T742782,C1438960,M,AURANGABAD,299938.39,2/9/16,192959,600.0
T768590,C8820840,M,VISAKHAPATNAM,91441.95,1/9/16,62401,11766.0
T343536,C8811483,M,JAIPUR,38337.55,15/8/16,205653,1799.0
T316780,C2228291,F,BURDWAN,111428.91,10/8/16,223817,1150.0
T979976,C1158254,F,INDORE,159.76,15/9/16,111050,300.0
T295675,C1216335,M,MUMBAI,1068759.32,11/8/16,201354,750.0
T301737,C7521642,M,KAPASHERA,61081.84,10/8/16,120240,2096.0
T172888,C2739462,F,MANGALORE,3471.76,9/8/16,12232,500.0
T242138,C7961218,M,GURGAON,288161.79,7/8/16,170932,1500.0
T415827,C3335722,M,SRIPERUMBUDUR,6555.64,17/8/16,83938,10.0
T272560,C3722334,F,MUMBAI,23533.38,12/8/16,194518,664.5
T798207,C5085020,M,GREATER NOIDA,67196.23,5/9/16,175659,218.0
T252703,C7216863,F,NAKODAR,21770.87,7/8/16,231802,1008.63
T161913,C1915753,F,THANE,1101.92,4/8/16,160934,20.0
T414582,C6337935,M,HOSANAGARA,125.24,17/8/16,72418,995.0
T219640,C7742451,M,BAREILLY,67053.47,8/8/16,133637,930.0
T1000366,C5230037,M,K V RANGAREDDY,919.32,14/9/16,135709,201.73
T262961,C2120829,M,DELHI,14391.41,12/8/16,171103,103.0
T443106,C4019550,F,CHENNAI,198.89,16/8/16,150010,441.5
T1030899,C2130543,M,SINDHUDURG - DISTRICT,35366.96,13/9/16,104028,36.0
T153671,C4367411,M,MUMBAI,8967.94,4/8/16,104034,1499.0
T830460,C8832134,M,ASHOK NAGAR DHANSAR,8926.7,4/9/16,112711,418.0
T123524,C6428981,M,NEW DELHI,266189.7,6/8/16,164309,1015.0
T846647,C1511615,M,TIRUPUR,424.31,9/9/16,94859,50.44
T484528,C1825731,M,NEW DELHI,16655.26,20/8/16,143413,200.0
T727473,C3331837,M,AMRITSAR,108174.07,2/9/16,123358,123.0
T257621,C6126567,M,(MOHALI) KHARAR,848.8,12/8/16,153147,590.0
T385691,C2224650,F,VISHNUNAGAR THANE,76792.57,13/8/16,194145,1480.0
T163148,C6739611,M,PASHUPATI MKT SURAT,111847.0,4/8/16,131834,2000.0
T639203,C1616635,F,NEW DELHI,8470.24,29/8/16,112909,268.0
T232784,C1140675,M,WARANGAL,8366.52,7/8/16,163400,397.0
T45528,C4212692,M,VISAKHAPATNAM,69.39,3/8/16,110335,300.0
T980430,C8998611,F,DELHI,79260.58,15/9/16,123221,2200.0
T517608,C2019245,M,NAVI MUMBAI,28414.33,19/8/16,222426,1680.0
T308419,C6436676,M,LUDHIANA,50833.59,10/8/16,154058,651.0
T653180,C5462150,F,KOLKATA,28620.78,31/8/16,151633,225.0
T543355,C8125681,M,GURGAON,5045.76,24/8/16,172036,57.0
T201323,C6738725,M,PANVEL,118635.63,9/8/16,210518,375.0
T410664,C8368541,F,CHENNAI,2594756.6,18/8/16,171856,6693.0
T883703,C6276788,M,TIRUVANNAMALAI,3206.1,7/9/16,225538,500.0
T837421,C3321575,M,MUMBAI,1215.11,9/9/16,191139,30.0
T897396,C5032767,M,PUNE,14584.36,7/9/16,134036,2832.02
T191143,C8521351,F,PUNE,2851.93,9/8/16,164253,4245.51
T152709,C4832557,M,HYDERABAD,14222.08,5/8/16,195119,1300.0
T659281,C6521451,M,RAIGARH (CHHATTISGARH),42930.15,28/8/16,164425,250.0
T987143,C4028192,M,NOIDA,33759.54,15/9/16,204039,450.0
T479609,C2318813,M,MANSA,401667.61,20/8/16,132527,952.0
T193596,C1666165,M,NEW DELHI,11280.99,9/8/16,203433,1000.0
T274790,C8233513,M,SONIPAT,12.72,12/8/16,193110,800.0
T604661,C4589616,F,CANDOLIM,30799.47,26/8/16,174109,1659.0
T1019705,C4725080,M,RAJPURA,3167.49,13/9/16,213020,7.0
T584994,C6699360,M,SILIGURI,29017.0,23/8/16,172622,200.0
T605071,C7818769,M,BANGALORE,4221.91,26/8/16,190450,300.0
T201411,C1437487,M,MUMBAI,34477.58,8/8/16,132458,660.98
T724627,C1163923,M,FARIDABAD,457.87,2/9/16,4758,100.0
T279153,C5316873,M,NOIDA,21079.16,11/8/16,20657,569.0
T997557,C8218961,F,NEW DELHI,9822.75,14/9/16,143552,250.0
T595843,C6127834,M,RAJKOT,2208.8,25/8/16,121554,250.0
T535666,C1933611,M,MUMBAI,57921.62,23/8/16,204919,200.0
T323766,C7537941,M,THANE,20.23,10/8/16,181116,30.0
T458750,C4036648,M,CHENNAI,34846.95,21/8/16,122520,317.0
T820224,C2528183,M,KOLKATA,8965.83,4/9/16,184717,2212.0
T430332,C2216919,M,PARVATIPURAM,19345.91,17/8/16,181116,5551.0
T62153,C6430842,M,CHENNAI,21936.05,2/8/16,83837,500.0
T334631,C6250462,F,BANGALORE,19523.19,15/8/16,161103,1001.0
T668434,C3019154,F,BANGALORE,5249.43,28/8/16,130611,300.0
T600419,C4041052,M,RAJKOT,72187.9,25/8/16,113558,97.0
T379461,C7520985,M,NOIDA,27615.33,13/8/16,122800,500.0
T798234,C6236160,M,CHENNAI,19491.34,5/9/16,162604,360.0
T93263,C3030150,F,PANCHKULA,62943.51,22/9/16,160314,6194.0
T227837,C1226645,M,MUMBAI,8654.97,7/8/16,130346,97.0
T270036,C3613276,F,MUMBAI,15.71,12/8/16,200637,1364.0
T669254,C4927750,M,CHENNAI,21310.87,28/8/16,124812,14000.0
T761273,C7022381,M,CHIKUWADI SHIMPOLY KANDIVALI W,16361.48,1/9/16,172712,837.0
T872585,C8528242,M,CHENNAI,196741.41,8/9/16,201235,295.0
T681883,C2920937,M,GIRIDIH,5079.41,31/8/16,222433,100.0
T947220,C3629172,F,MUMBAI,322456.63,11/9/16,210437,2800.0
T731861,C2421189,M,MUMBAI,14753.91,2/9/16,143922,199.0
T1037272,C5356513,M,NEW DELHI,1055799.07,18/9/16,151638,1962.0
T132427,C7129614,M,CHANDIGARH,343.44,6/8/16,203344,300.0
T625311,C5029947,F,NOIDA,28600.11,25/8/16,193721,187.0
T910271,C3429789,M,BALASORE,3893.04,12/9/16,85410,126.0
T813253,C1028613,F,PUNE,22925.36,4/9/16,214047,1152.0
T710212,C1722491,F,MUMBAI,28826.32,3/9/16,170002,501.0
T890336,C5516049,M,MUMBAI,10025.26,7/9/16,200707,213.0
T194697,C8210168,M,MOHALI,23466.72,9/8/16,194950,472.0
T68888,C5717555,M,NEW DELHI,63069.26,2/8/16,140746,4180.0
T320989,C7223924,M,NOIDA,1937026.56,15/8/16,22711,845.0
T158675,C8017187,M,NASHIK,2357.69,5/8/16,225242,201.0
T236720,C6836345,F,BANGALORE,138246.94,7/8/16,182445,184.55
T675886,C7627161,M,PRATAPGARH,288669.09,28/8/16,2540,88.0
T279187,C6112423,M,24 PARGANS (S),68.64,11/8/16,130105,55.0
T137995,C1729272,M,DELHI,18672.17,5/8/16,164336,233.0
T493752,C1342857,F,BHUBANESWAR,833102.81,20/8/16,162157,1907.0
T468459,C6733527,F,MOGA,56.58,21/8/16,194420,730.38
T787400,C2318478,F,GHAZIABAD,20463.16,6/9/16,131311,3600.0
T189904,C6412529,M,REWARI,15919.08,9/8/16,173914,1000.0
T444707,C7116061,M,VADODARA,4350.92,16/8/16,151334,310.0
T193358,C2792960,M,PUNE,668.41,9/8/16,211104,280.0
T1022497,C5123418,M,BANGALORE,62496.64,13/9/16,203920,350.0
T130838,C9026565,M,TIRUPUR,43113.91,5/8/16,35649,142.0
T551158,C7624040,M,NAVI MUMBAI,7788.44,22/8/16,85714,860.0
T525952,C1834592,M,NOIDA,56951.98,24/8/16,124438,50.0
T196673,C8044683,M,MUMBAI,2841.4,9/8/16,202753,200.0
T803195,C2235790,M,BANGALORE,18488.66,5/9/16,191354,5095.0
T230964,C8114277,F,BANGALORE,725007.72,7/8/16,121456,1000.0
T728486,C9025841,M,CACHAR,13829.08,2/9/16,100422,1206.0
T212166,C5465770,M,DELHI,13039.25,8/8/16,180045,369.0
T872601,C1529133,F,BANGALORE,8786.91,8/9/16,191200,2450.0
T617128,C1038114,M,NEW DELHI,497796.11,26/8/16,230041,599.0
T431321,C3632584,M,DELHI,95008.37,17/8/16,204922,5070.0
T784277,C6764281,F,MUMBAI,53973.24,6/9/16,123620,950.0
T285385,C5511467,M,UDAIPUR,204533.56,11/8/16,122923,79497.52
T797384,C7018921,M,GHAZIPUR,2936.29,5/9/16,130954,5000.0
T178019,C6223277,F,AMBALA,23701.32,4/8/16,220802,1130.0
T748114,C2511937,M,MUMBAI,1834086.16,2/9/16,231806,8500.0
T122437,C8624120,M,MUMBAI,15231.86,6/8/16,195200,1000.0
T561775,C5918623,F,BG ROAD BANGALORE,24113.08,27/8/16,92723,704.0
T937320,C3419552,M,GUTEKADI PUNE,78686.21,11/9/16,200127,561.0
T924605,C1013916,M,FARIDABAD,81936.4,11/9/16,130721,7948.5
T930022,C6129758,M,NAVI MUMBAI,11626.19,11/9/16,145527,853.0
T634678,C5914235,F,NEW DELHI,33283.33,29/8/16,105401,1731.28
T799578,C3037336,M,NEW DELHI,53220.68,5/9/16,172011,1000.0
T487380,C3525445,M,MUMBAI,37944.06,20/8/16,163643,8490.0
T620718,C3215889,F,NEW DELHI,28.31,25/8/16,165036,50.0
T565469,C6421779,F,ROHTAK,54222.67,22/8/16,160618,8505.0
T968740,C4225688,F,FARIDABAD,22111.17,10/9/16,111144,50.0
T62522,C5925062,F,MUMBAI,12527.19,3/8/16,230011,335.0
T694484,C7428219,M,DELHI,1168.14,31/8/16,214802,43.0
T440168,C5513460,F,GURGAON,8520.51,16/8/16,141824,650.0
T992237,C4678316,M,PATNA,430975.64,14/9/16,104104,350.0
T106570,C1213792,F,DELHI,53907.38,1/8/16,225452,150.0
T391178,C7358130,F,BANGALORE,66158.33,13/8/16,195649,897.01
T85953,C2234655,F,NEW DELHI,1283.12,1/8/16,130030,64.0
T839763,C2422157,F,MUMBAI,59557.16,9/9/16,183430,500.0
T158040,C1032676,M,MANDIR MULUND WEST MUMBAI,2829.64,3/9/16,150930,1197.0
T70460,C2439233,M,KASHIPUR,4061.4,2/8/16,164415,800.0
T168310,C5031442,M,LUDHIANA,16577.6,4/8/16,150916,1100.0
T680141,C5918320,M,MUMBAI,1787.89,30/8/16,203955,147.0
T920138,C3168969,F,MUMBAI,21756.67,12/9/16,205924,1200.0
T618795,C9016884,F,JAMSHEDPUR,11560.76,25/8/16,193339,23.0
T798019,C2983866,M,BOISAR,121290.28,5/9/16,174221,6875.5
T4466,C1421077,M,MUMBAI,720.27,22/9/16,104516,174.0
T790367,C2619358,M,HOWRAH,13241.93,6/9/16,22,30.0
T800596,C4530067,M,MAHENDRAGARH,150.77,5/9/16,165625,400.0
T788857,C5240178,M,NAVI MUMBAI,144103.37,5/9/16,73904,3790.0
T238942,C1968276,F,GHAZIABAD,93096.59,7/8/16,164928,1699.0
T862142,C9014773,M,NOIDA,8441.89,8/9/16,114546,504.03
T391868,C2631815,M,GURGAON,74626.92,13/8/16,171332,800.0
T493503,C5319415,M,DELHI,69.47,20/8/16,152422,64.0
T998878,C7640116,F,GHAZIABAD,66312.56,14/9/16,115742,1636.0
T21422,C2011066,M,VAPI,34661.24,23/9/16,191052,1000.0
T473925,C8510516,F,DELHI,116188.74,21/8/16,150552,1687.43
T93559,C1537242,M,KANPUR,151250.44,27/9/16,181226,13.0
T178213,C6214592,F,THAKURLI EAST THANE,23601.14,4/8/16,220418,250.0
T451142,C8640919,M,MUMBAI,46870.65,16/8/16,202716,230.0
T682423,C1241225,F,DHANBAN,105060.41,28/8/16,125933,438.0
T1024690,C1112670,M,NAVI MUMBAI,147.51,13/9/16,143443,699.0
T227929,C4920136,M,GURGAON,8.64,7/8/16,84728,30.0
T791841,C2920257,F,NEW DELHI,6780.0,5/9/16,123019,3380.0
T540317,C8234522,M,BARIPADA,42901.13,22/8/16,91116,35.75
T840009,C3123853,M,MARYGANJ,6.71,9/9/16,173703,20.0
T363011,C1231251,M,KOLKATA,255.52,14/8/16,203152,2025.0
T37037,C4127711,M,GURGAON,6619.39,27/9/16,3815,147.0
T849762,C1821145,M,NOIDA,4221.22,9/9/16,200614,329.0
T515548,C4740841,F,NEW DELHI,388768.12,19/8/16,110525,100.0
T735355,C4216134,F,CHENNAI,51193.01,2/9/16,164226,658.0
T152518,C7614859,M,PUNE,2051.3,5/8/16,143025,95.0
T914713,C6195777,M,THANE,1981655.67,12/9/16,193125,915.0
T693875,C2069778,M,BANGALORE,82530.62,30/8/16,185412,735.0
T90826,C4483724,M,GHAZIABAD,5415.51,27/9/16,185712,500.0
T716028,C7117086,M,BHIWANI,85.72,3/9/16,191232,310.0
T644281,C4334267,M,PUNE,76275.2,29/8/16,343,2325.0
T15901,C8262781,M,CHENNAI,35741.56,26/9/16,195514,295.0
T486067,C8619750,M,DEHRADUN,3223.62,20/8/16,142829,1066.0
T986676,C6328730,M,AHMEDABAD,12838.97,15/9/16,103547,70.0
T820114,C1137038,F,HYDERABAD,30176.49,4/9/16,163928,1600.0
T371302,C4512640,M,MUMBAI,52165.91,13/8/16,3158,280.0
T263617,C6740835,M,NOIDA,1006.16,12/8/16,162355,30000.0
T823476,C5418581,M,BAMBOLIM,11994.51,4/9/16,163027,50.0
T840547,C2887670,M,HALL NEAR HYDERABAD,22369.03,9/9/16,160352,210.0
T872432,C6510350,F,BANGALORE,20844.54,8/9/16,180542,265.0
T895649,C2015269,F,THANE,3411.94,7/9/16,152830,800.0
T63043,C6025034,M,ZIRAKPUR,22271.56,2/8/16,82002,150.0
T217461,C3277642,M,SOLAN,5057.73,8/8/16,200116,175.0
T348229,C1942871,M,MEERUT,230951.83,15/8/16,222838,699.0
T967668,C6335559,F,DELHI,218384.99,10/9/16,111729,1762.0
T921666,C4398351,M,DELHI,74097.59,11/9/16,92808,1259.0
T732291,C3827579,M,GURGAON,62891.39,2/9/16,110901,16436.0
T1041605,C2918691,M,NOIDA,87.67,18/9/16,135630,210.0
T365608,C4778750,M,NOIDA,19522.17,13/8/16,102558,450.0
T557732,C3035186,,MUMBAI,43.0,22/8/16,155952,210.0
T556969,C3161352,M,BANGALORE,21805.62,27/8/16,183547,300.0
T243465,C9010090,F,MUMBAI,1421749.86,12/8/16,64357,250.0
T996410,C1920576,F,GURGAON,33263.37,14/9/16,93542,50.0
T1000484,C8640755,F,MUMBAI,39019.13,14/9/16,154043,380.0
T727259,C6435688,M,GURGAON,1191872.21,2/9/16,120912,431.0
T416135,C7631179,M,BAGHPAT,45670.07,17/8/16,91148,1000.0
T35282,C7838924,M,DELHI,8244.96,27/9/16,64703,11.0
T678900,C8811048,M,GURGAON,153695.21,28/8/16,134057,964.0
T543364,C6928589,F,MUMBAI,608683.52,23/8/16,91511,50.0
T712887,C4525915,F,PUNE,610219.95,3/9/16,183520,6600.0
T497346,C3253344,M,MUMBAI,11685.46,20/8/16,181818,1900.0
T857648,C2610739,F,JAMMU,7412.69,9/9/16,215327,507.0
T469172,C6467669,F,LUCKNOW,312.72,21/8/16,180058,786.0
T728365,C2164136,F,GANDHI NAGAR,19994.02,2/9/16,121838,197.0
T576812,C7841913,F,PUNE,13419.8,22/8/16,202501,185.0
T776377,C7815391,M,FIROZABAD,686928.6,6/9/16,191708,400.0
T839179,C7434318,M,NEW DELHI,1418.39,9/9/16,170804,401.0
T202900,C2510824,M,UJJAIN,105983.11,8/8/16,71803,33.0
T987667,C2717631,M,DELHI,7110.06,15/9/16,85644,50.0
T597456,C7235151,M,ASANSOL,778.64,27/8/16,201812,200.0
T143476,C4619649,M,NEW DELHI,735.86,5/8/16,171432,135.0
T802262,C5319072,F,ANAND,15993.32,5/9/16,200223,371.6
T397288,C3827449,F,BANGALORE,143502.56,18/8/16,91526,30.0
T597070,C3038928,M,SOCORRO,58406.7,26/8/16,203436,500.0
T288152,C2124642,M,NEW DELHI,11090.53,11/8/16,192658,31.0
T728236,C7550061,M,SURAT,17215.02,2/9/16,143354,1600.0
T723240,C8911026,M,MANDI GOBINDGARH,47659.27,3/9/16,223525,292.0
T470915,C9035126,M,MUMBAI NAVI MUMBAI,18678.33,21/8/16,200439,1890.0
T793102,C7244917,M,CHANDIGARH,3801.92,5/9/16,115941,900.0
T2196,C2433263,M,GURGAON,8307.73,21/10/16,200518,60.0
T1040198,C3321456,M,DELHI,3680.26,18/9/16,125319,247.0
T997003,C2319836,M,BANGALURU,338803.33,14/9/16,122514,976.0
T65575,C2334858,M,AHMEDNAGAR,93074.33,2/8/16,114103,499.0
T693762,C5041067,F,BANGALORE,16179.37,31/8/16,204712,60.0
T296334,C9012055,M,MUMBAI,1318.31,11/8/16,203649,140.0
T796601,C6933278,F,NOIDA,318894.04,5/9/16,140356,80.0
T704791,C5922554,F,BANGALORE,24627.91,30/8/16,172424,500.0
T164299,C2922943,M,PERAMBAKKAM,12.65,4/8/16,182511,20.0
T487982,C6719318,M,MUMBAI,532477.21,20/8/16,161546,750.0
T324196,C1715535,M,ALLAHABAD,18260.01,15/8/16,161756,535.0
T33184,C8319384,F,INDORE,2556.23,25/9/16,95448,145.0
T770545,C3123376,M,PAREL MUMBAI,3191.36,6/9/16,203512,140.0
T316511,C3130083,M,JHAJJAR,10604.84,15/8/16,95239,124.0
T727904,C2410316,M,PUNE,19454.75,2/9/16,104242,110.0
T865563,C8130737,M,HYDERABAD,2388.56,8/9/16,142648,560.0
T16081,C5112381,M,KOLKATA,9794.68,26/9/16,185409,648.0
T697987,C8212775,F,KANGRA,59145.66,31/8/16,201412,1757.14
T199903,C7738078,M,GURGAON,16957.33,8/8/16,84827,250.0
T176849,C6441418,M,NEW DELHI,18110.91,4/8/16,213820,49.39
T749596,C1561137,M,MUMBAI,92810.25,2/9/16,224225,100.0
T163424,C6331938,M,BANGALORE,4810.22,4/8/16,183616,218.0
T636801,C3517661,M,MUMBAI,77429.84,29/8/16,135143,926.82
T18091,C4440852,M,BANGALORE,354.93,26/9/16,162328,1000.0
T910012,C8517735,M,DELHI,26060.31,12/9/16,105736,483.0
T73310,C6568014,M,CHENNAI,5200.96,2/8/16,191419,411.37
T73291,C2317962,M,AURANGABAD,35995.51,2/8/16,192958,200.0
T482658,C3428468,F,KALYANI NAGAR PUNE,22570.69,20/8/16,125303,420.0
T195912,C7942044,M,KOLKATA,5334.03,9/8/16,193638,4501.5
T250079,C7614577,M,MUMBAI,17796.55,7/8/16,210254,813.0
T574244,C8740178,M,MUMBAI,3675.99,27/8/16,130054,979.0
T222975,C4817831,M,BANGALORE,44048.95,7/8/16,113040,265.0
T346625,C8118149,F,DEOGHAR,25712.7,14/8/16,150318,813.0
T228061,C3515776,M,BANGALORE,502.56,8/8/16,224513,560.0
T289816,C7719784,M,DELHI,20000.29,11/8/16,183730,2400.0
T722216,C1525162,F,DIMAPUR,9927.68,3/9/16,210544,311.0
T808244,C4822322,M,KOVILPATTI,3646.23,5/9/16,203318,10.0
T789786,C3637624,M,SURAT,2319.7,5/9/16,100346,10.0
T145653,C1360612,M,NEW DELHI,60293.49,5/8/16,180825,300.0
T446661,C6031183,M,CHENNAI,40054.17,16/8/16,141917,200.0
T983587,C4129453,M,NEW DELHI,2654.54,15/9/16,90842,100.0
T522958,C3839242,M,THORAIPAKKAM CHENNAI,1026.31,24/8/16,104931,971.0
T369922,C1226365,M,KULLU,45704.49,13/8/16,113542,50.0
T249716,C1524879,M,ALWAR,10.09,7/8/16,215759,30.0
T678567,C8439858,M,RAI BARELI,18518.3,28/8/16,184906,10.0
T727736,C5315641,M,LUCKNOW,38598.13,2/9/16,102139,198.0
T713402,C6516485,F,SENAPATI,19025.12,3/9/16,174522,6315.0
T633159,C7444171,M,NEW DELHI,2010.72,29/8/16,101700,100.0
T824189,C7510539,F,PUNE,4288.48,4/9/16,204345,748.0
T1012205,C3630366,F,MUMBAI,60636.02,13/9/16,234322,889.0
T955636,C3437364,M,JHANSI,368.53,10/9/16,190936,50.0
T61159,C8915953,M,GHAZIABAD,981.58,3/8/16,204511,1126.0
T1033059,C8827950,F,THANE WEST,38944.6,18/9/16,162756,396.0
T966167,C5924465,F,JHANSI,66782.37,10/9/16,134300,525.0
T521533,C5921715,F,BANGALORE,25633.8,19/8/16,203128,140.0
T812355,C8730654,M,MUMBAI,7029.34,5/9/16,220903,500.0
T173722,C7141621,M,PUNE,41171.05,4/8/16,203551,117.0
T620467,C4630988,M,BOISAR,12291.58,25/8/16,165132,30.0
T941813,C1733164,M,CHENNAI,,11/9/16,210537,170.52
T214023,C4541045,M,THANE,21760.48,8/8/16,153003,50.0
T724379,C7639616,F,BANGALORE,3798.21,2/9/16,34616,500.0
T154557,C6741212,M,GHAZIABAD,,4/8/16,43407,560.0
T476919,C8076423,F,PUNE,14088.72,21/8/16,210951,3809.0
T889095,C2586331,M,LUDHIANA,25547.06,7/9/16,190428,23.52
T399660,C3231719,F,NEW DELHI,123829.63,18/8/16,85757,591.0
T1036966,C6039190,M,MIRA RD THANE,187928.89,18/9/16,145934,3335.34
T192309,C6426866,M,GREATER NOIDA,843.56,9/8/16,210210,30.0
T306761,C7238230,M,SRIPERUMBUDUR,10837.54,10/8/16,155938,125.0
T83885,C2641563,F,BENGALURU,10840.35,1/8/16,65940,68.0
T675044,C7412712,M,NASHIK,0.0,28/8/16,201109,435.0
T402060,C1812491,M,MEERUT,559.18,18/8/16,185542,1011.5
T294410,C7440987,M,MUMBAI,19386.78,11/8/16,221932,557.52
T937297,C7719855,M,GUWAHATI,2390.13,11/9/16,200106,200.0
T997819,C2068575,M,LUDHIANA,953875.95,14/9/16,90104,3510.0
T283356,C3336983,M,VISAKHAPATNAM,8309.7,11/8/16,172456,1211.0
T194237,C3421443,M,GURGAON,27944.49,9/8/16,192040,160.0
T309336,C1119751,M,HYDERABAD,11631.51,10/8/16,123812,20.0
T645727,C5534392,F,NEW DELHI,13747.02,25/8/16,132634,200.0
T29585,C3318368,M,SOLAN,702.85,26/9/16,131648,400.0
T374491,C3138172,M,RAIPUR,842480.43,13/8/16,44041,60.0
T463969,C1914873,F,BANGALORE,181687.22,21/8/16,122701,1200.0
T141806,C2377639,M,HOWRAH,864.48,5/8/16,173747,15.0
T1029392,C7715375,F,GURGAON,7853.78,13/9/16,123013,2000.0
T936383,C6822160,F,DELHI,14944.27,11/9/16,190548,89.0
T578059,C4429142,F,GURGAON,93279.24,27/8/16,142623,1137.0
T872148,C8421074,F,CHAKALA ANDHERI (E) MUMBAI,47464.68,8/9/16,183333,833.0
T945224,C1214427,M,PARLE (E) MUMBAI CITY MUMBAI,31759.0,11/9/16,194222,398.0
T796710,C7032825,F,AGRA,636922.35,5/9/16,154334,799.0
T1010058,C1342052,F,BANGALORE,16078.97,13/9/16,215827,25.0
T129143,C4323219,M,CHENNAI,261.74,6/8/16,174508,890.0
T345708,C7642137,M,MUMBAI,55421.96,14/8/16,135240,569.15
T994278,C6626382,F,VADODARA,500618.94,14/9/16,94118,119.0
T16994,C2010983,M,PUNE,111593.05,26/9/16,193643,78.0
T1020278,C8986990,M,BANGALORE,12213.05,13/9/16,215306,333.0
T347447,C7638259,M,NOIDA,57669.98,14/8/16,3124,659.0
T209027,C2095364,M,CHENNAI,15228.43,3/9/16,143549,302.52
T446497,C7136457,M,STATION BANGALORE,438753.49,16/8/16,183437,5613.0
T1002627,C8525384,M,KOLKATA,133203.58,14/9/16,172357,100000.0
T803324,C4239163,M,ALWAR,46519.73,5/9/16,170953,96.96
T528990,C1715249,M,AHMEDABAD,22979.06,24/8/16,145925,468.0
T1015157,C3325173,M,BANGALORE,100.15,14/9/16,210939,1000.0
T946001,C6331068,M,JALGAON,773.12,10/9/16,233946,150.0
T235989,C2927033,M,DELHI,10836.64,7/8/16,134751,500.0
T526022,C6823169,F,LUCKNOW,285620.74,24/8/16,143259,200.0
T479437,C8340439,M,SONIPAT,20223.52,20/8/16,12149,199.0
T951538,C4333746,M,JALANDHAR,95234.51,10/9/16,94159,170.0
T555255,C5264912,M,HYDERABAD,18597.03,23/8/16,170944,7567.0
T736837,C6239586,M,NOIDA,182.6,2/9/16,163501,288.0
T160367,C4237241,F,DELHI,22005.25,4/8/16,104145,4430.0
T607694,C5034635,M,GURGAON,24118.68,26/8/16,125324,1000.0
T933832,C4424147,M,GURGAON,114.66,11/9/16,170541,52.0
T278542,C3429488,M,GURGAON,620.53,11/8/16,74907,12.0
T623842,C5097660,M,BANGALORE,2346.31,28/8/16,15005,10900.0
T812398,C1927513,M,JAMSHEDPUR,3029.71,4/9/16,201724,76.0
T532495,C8521618,M,DELHI,104652.11,24/8/16,195344,4640.0
T117854,C7439979,M,NAVI MUMBAI,524937.89,6/8/16,154024,600.0
T214452,C5514691,M,MEERUT,7094.19,8/8/16,165612,200.0
T103553,C2713531,F,JODHPUR,21755.2,6/8/16,122136,300.0
T152719,C6420921,M,GREATER NOIDA,50567.94,5/8/16,193238,700.0
T649038,C7213333,M,DELHI,12301.15,31/8/16,111435,331.18
T623948,C1610320,M,NEW DELHI,12521.34,29/8/16,193254,100.0
T538634,C2496541,M,AURANGABAD,1007.37,24/8/16,164545,220.0
T974222,C1810543,M,CHENNAI,814192.32,15/9/16,135715,200.0
T618815,C1520172,M,BHIWADI,2574.46,25/8/16,180124,261.4
T573694,C7929254,F,BANGALORE,175.7,22/8/16,233717,500.0
T1038524,C3421669,F,BARDEZ,27968.84,18/9/16,151831,1454.0
T969495,C8890030,M,JAIPUR,73912.97,10/9/16,151526,123.0
T796919,C2643455,M,MUMBAI,25.34,5/9/16,154035,1108.0
T363488,C6254544,F,NAVI MUMBAI,189815.93,14/8/16,112522,3480.0
T594813,C3511915,M,NOIDA,195879.77,25/8/16,153212,920.0
T416510,C5732457,M,MUMBAI,14931.62,18/8/16,220726,50.0
T353529,C4334631,M,AHMEDABAD,67835.38,14/8/16,104431,1200.0
T31943,C4521075,M,MUMBAI,321634.9,25/9/16,231851,3922.0
T363328,C4339672,M,RAJAHMUNDRY,19402.23,14/8/16,221950,760.0
T210210,C2747144,M,PARADEEP,227953.61,3/9/16,133348,3095.0
T106983,C3127471,F,MUMBAI,194681.07,6/8/16,34121,5635.0
T248406,C4011174,M,NOIDA,371250.22,7/8/16,145943,71870.0
T618396,C2422247,F,THANE -WEST,112711.66,27/8/16,183647,400.0
T736496,C7029590,M,DELHI,1688.93,2/9/16,155750,431.0
T306147,C7013343,M,BANGALORE,23822.96,10/8/16,120229,50.0
T188162,C1146916,M,JALANDHAR,63.29,9/8/16,145652,59.95
T931007,C2715585,F,HYDERABAD,14001.22,11/9/16,111343,37.0
T384922,C2031283,F,GURGAON,198426.29,13/8/16,180227,270.0
T555460,C8441419,M,NEW DELHI,82709.0,23/8/16,191312,198.0
T77238,C7216957,M,MUMBAI,182757.74,2/8/16,200606,545.0
T1018602,C8528275,M,GUWAHATI,37084.67,13/9/16,200831,5300.0
T228428,C2668385,F,KAITHAL,3367.13,7/8/16,101658,409.0
T404975,C1331778,M,KOLHAPUR,198482.31,18/8/16,163724,876.0
T1014465,C5411542,F,DELHI,17139.5,13/9/16,193743,285.0
T824975,C5375358,M,PUNE,84084.07,4/9/16,152509,600.0
T800246,C2928843,M,BANGALORE,194628.28,5/9/16,91139,50.0
T273101,C7426321,M,HIRANANDANI GARDEN POWAI MUMBAI,455.76,12/8/16,215954,606.9
T865117,C4614038,M,BANKA,192.22,8/9/16,121719,2000.0
T132952,C6731747,M,GURGAON,214334.61,6/8/16,210044,3931.52
T457622,C2011055,M,YAMUNANAGAR,862.86,21/8/16,75637,160.0
T325245,C4827455,M,NEW DELHI,917781.13,15/8/16,144042,1136.28
T1036226,C6833250,M,NASHIK,467.41,18/9/16,145715,2128.0
T243950,C3862460,M,UDAIPUR,5619.23,7/8/16,233022,1379.0
T623499,C6135576,M,YAVATMAL- DISTRICT,7752.74,25/8/16,152507,275.0
T993552,C5738378,M,BUDAUN,10919.0,14/9/16,95306,49.0
T788536,C5621446,M,NEW DELHI,57.85,6/9/16,13307,5847.72
T294622,C3721455,F,GURGAON,41091.46,11/8/16,143927,30.0
T60548,C6030426,M,MUMBAI,84283.8,3/8/16,204520,575.0
T430797,C1054582,F,NEW DELHI,156.59,17/8/16,181730,1032.0
T1031171,C7038764,M,GURGAON,3420.43,13/9/16,85638,25.0
T520654,C8424569,F,LUCKNOW,2417.25,24/8/16,120026,50.0
T47357,C4472136,M,PANCHKULA,51086.72,3/8/16,144053,623.0
T372279,C7816924,M,PARVATIPURAM,19345.91,13/8/16,113313,50.0
T78982,C4812263,F,GURGAON,5362.73,2/8/16,145050,200.0
T949816,C6114190,M,RANCHI,1437.66,11/9/16,224617,178.0
T321995,C3715719,M,DELHI,20391.7,15/8/16,141442,1069.0
T696379,C3239022,F,MUMBAI,5035.26,30/8/16,202459,2200.0
T468600,C5941861,F,AMRITSAR,1732.63,21/8/16,183042,799.01
T803470,C1417445,M,AHMEDABAD,88.18,5/9/16,202943,547.0
T768147,C7815953,M,MUMBAI,1499.33,6/9/16,224123,790.0
T678993,C3511068,F,SHARJAH,85561.95,28/8/16,141201,297.0
T440340,C1213514,M,NAVI MUMBAI,4208.03,16/8/16,143610,20.0
T763758,C4275627,M,NEW DELHI,60729.01,1/9/16,125200,4440.0
T904841,C6585148,M,RAJKOT,14497.38,12/9/16,153256,50.0
T85583,C3126811,M,NEW DELHI,29489.33,1/8/16,102009,84.0
T18587,C4214253,F,PANCHKULA,385.75,26/9/16,94532,60.0
T729903,C3631716,M,BANGALORE,10.18,2/9/16,144420,93.0
T32831,C6318686,F,NEW DELHI,11593.43,26/9/16,115818,499.0
T586495,C4627756,M,NEW DELHI,842.36,25/8/16,133932,300.0
T889381,C2814030,M,CHENNAI,6555.14,7/9/16,174821,210.0
T110816,C4327772,M,NAVSARI,8829.6,6/8/16,105947,36.0
T394798,C6928179,M,BANGALORE,94649.0,18/8/16,92550,500.0
T588952,C4113154,F,NEW DELHI,163848.7,27/8/16,200446,1064.0
T437538,C6725455,M,KARIMNAGAR,11906.43,17/8/16,213538,999.0
T968195,C8164827,M,MUMBAI,21874.06,10/9/16,92847,251.0
T86483,C6916115,F,MUMBAI,11018.24,1/8/16,91913,155.0
T299870,C7434983,M,RUDRAPUR,10427.13,10/8/16,71205,40.0
T1042303,C7822462,M,GURGAON,61338.47,18/9/16,140058,243.0
T676365,C8923431,F,ITANAGAR,1069.64,28/8/16,922,198.0
T990321,C5321566,M,DELHI,360266.49,15/9/16,190919,3340.0
T978726,C6936873,M,FARIDABAD,107.11,15/9/16,144502,500.0
T345595,C2634459,F,PALA KOTTAYAM,956.06,15/8/16,223515,500.0
T651574,C4919058,M,THANE,42695.04,28/8/16,210018,1405.0
T330755,C8418550,M,BANGALORE,11287.91,15/8/16,162532,501.0
T856612,C8534536,M,BANGALORE,186095.35,9/9/16,234510,1525.0
T392984,C3129533,F,GURGAON,6243.57,13/8/16,213439,69.0
T397213,C6628879,M,BANGALORE,25076.56,13/8/16,202344,277.66
T33404,C1639038,M,NEW DELHI,172856.35,25/9/16,191002,759.52
T632000,C8627325,M,NASHIK,605639.18,29/8/16,184058,1000.0
T457654,C4535026,M,BAHADURGARH,5727.19,16/8/16,204102,577.0
T63297,C1316072,F,NEW DELHI,31852.44,2/8/16,31823,400.0
T890077,C7517711,M,DELHI,60341.3,7/9/16,172640,8980.0
T549745,C7636920,M,BUDAUN,10968.6,22/8/16,104718,50.0
T915861,C7335847,F,NEW DELHI,51811.38,12/9/16,192311,1520.0
T851649,C3014391,M,NAVI MUMBAI,12137.24,9/9/16,3508,1370.0
T427367,C4410390,M,NASHIK,2288.68,17/8/16,164501,1000.0
T83958,C1451413,M,BILASPUR,9976.82,2/8/16,210713,20.0
T203032,C4625664,M,BELLARY,3015.62,9/8/16,220109,155.0
T50098,C7134078,M,BANGALORE,22072.64,3/8/16,135113,464.0
T865235,C1180641,M,WEST MUMBAI,82263.95,8/9/16,115313,2000.0
T628404,C7020768,F,MUMBAI,53470.32,29/8/16,160149,2.87
T320299,C4129531,M,HOSUR,251286.31,10/8/16,212550,990.0
T546650,C6833264,F,CHENNAI,14486.5,23/8/16,130205,1450.0
T743662,C7855175,M,PUNE,46.42,2/9/16,230312,500.0
T939333,C4625890,M,GURGAON,62351.2,11/9/16,171343,600.0
T636469,C2039516,M,BANGALORE,28508.32,25/8/16,221720,131.0
T196755,C9032224,M,BANGALORE,46270.95,8/8/16,84754,2657.36
T126071,C1221267,F,NEW DELHI,18754.45,5/8/16,2402,3654.0
T640458,C5028620,F,AMBALA CANTT,3656.17,25/8/16,224518,20.0
T744576,C8913189,M,MUMBAI,1664.23,2/9/16,202433,2010.0
T557799,C4510730,F,PASCHIM MEDINIPUR,54627.85,24/8/16,173028,8493.0
T1037511,C4421558,M,NEW DELHI,12502.78,18/9/16,155339,1000.0
T765834,C7937150,M,THANE,1098730.27,1/9/16,114254,2100.0
T232830,C5232331,M,MUMBAI,33487.53,7/8/16,145112,197.87
T573052,C1159263,M,GURGAON,13183.4,22/8/16,162834,200.0
T882088,C2314073,M,GURGAON,3453.13,8/9/16,222650,634.0
T952704,C2216834,F,DHARAMSHALA,109930.37,10/9/16,185745,104.0
T831386,C4941117,M,MUMBAI,56237.72,4/9/16,124611,10.0
T825244,C4625274,M,BANGALORE,56710.82,4/9/16,152731,261.0
T886434,C4430784,M,COIMBATORE,19285.29,7/9/16,205844,351.0
T18874,C8635566,F,THANJAVUR,76081.4,26/9/16,192216,644.0
T339144,C4711451,M,KOLKATA,19322.43,15/8/16,200359,914.0
T978850,C3710740,M,GURGAON,559221.06,15/9/16,131531,709.0
T270678,C4122269,F,KOTA,9532.87,12/8/16,220719,446.83
T1001819,C6222271,F,KOLKATA,25088.36,14/9/16,171512,1718.0
T227178,C5230073,M,HOSPITAL MUMBAI,1276362.67,8/8/16,235257,3080.0
T142155,C6232933,F,GURGAON,57120.05,5/8/16,143819,1603.0
T369286,C1922265,M,PAONTA SAHIB,1948.13,14/8/16,151118,250.0
T770783,C1638542,F,BANGALORE,28936.75,6/9/16,204007,127.0
T962506,C8937245,M,DELHI,21118.72,10/9/16,175917,236.0
T492902,C5418154,F,MARG LOWER PAREL MUMBAI,23548.76,20/8/16,190544,685.22
T36264,C4214077,F,BANGALORE,5444.78,30/9/16,201909,305.0
T781716,C2117860,M,AURANGABAD,16740.79,6/9/16,155219,600.0
T360266,C8326513,F,COIMBATORE,16929.63,14/8/16,210947,4171.0
T308633,C4440737,M,PUNE,171781.42,10/8/16,162447,261.0
T366767,C7313374,M,DELHI,5668.32,14/8/16,191330,37.0
T802837,C4615611,F,EAST SIKKIM,61594.01,5/9/16,163855,2171.05
T851774,C6210134,M,HYDERABAD,12299.04,9/9/16,81152,25.0
T1011091,C4840017,M,BANGALORE,156242.66,13/9/16,213707,694.0
T708676,C6713520,M,EAST AAREMILK COLONY MUMBAI,199458.92,3/9/16,170942,105.0
T669452,C1516036,F,BANGALORE,43954.37,28/8/16,133632,748.0
T297624,C7316185,M,PUNE,7595.91,10/8/16,2805,50.0
T546971,C8270962,M,ALIGARH,142745.33,24/8/16,172902,2800.0
T752818,C2639516,M,HYDERABAD,19482.68,1/9/16,195504,572.0
T609332,C2110323,M,NEW DELHI,26563.86,26/8/16,10312,530.0
T330257,C1324019,F,BANGALORE,332.53,15/8/16,135907,860.0
T556308,C4595618,M,SIWAN,1082.96,27/8/16,175948,10.0
T1017545,C2830142,F,MUMBAI,29556.02,13/9/16,174433,448.0
T1038093,C5319017,F,KANPUR,55572.9,18/9/16,172129,95.0
T386808,C4932468,M,GANDHINAGAR,101835.61,13/8/16,174017,7043.33
T212028,C6613470,M,CHENNAI,21398.06,8/8/16,150000,300.0
T929214,C1415781,M,MUMBAI,6096.82,11/9/16,154113,2447.0
T105685,C7625261,F,BANGALORE,16.17,1/8/16,204344,30.0
T931918,C8314046,M,NEW DELHI,459.55,11/9/16,171055,500.0
T248776,C2728855,M,JAIPUR,682.69,12/8/16,113418,1499.95
T223155,C1912250,M,CHENNAI,6787.4,8/8/16,194720,300.0
T145306,C6041359,M,DELHI,7499.89,5/8/16,152856,12283.0
T262587,C2029691,M,CHENNAI,925051.19,12/8/16,160902,510.0
T918754,C2025670,F,POST BANGALORE,8552.44,12/9/16,213303,186.0
T365847,C2616775,M,GURGAON,147603.84,14/8/16,185654,2834.0
T420920,C4915845,M,DELHI,28122.31,17/8/16,100602,691.0
T32630,C8731731,M,NEW DELHI,54195.51,26/9/16,124730,755.0
T479939,C2528749,M,GURGAON,2487.9,20/8/16,131935,50.0
T524289,C6217188,M,GREATER NOIDA,340202.7,19/8/16,223923,1108.0
T9664,C4719775,M,PUNE,873.03,25/9/16,231645,330.0
T105890,C3023864,M,NAVI MUMBAI,15683.82,6/8/16,93415,250.0
T535999,C2823547,M,HYDERABAD,155.09,22/8/16,111638,160.0
T947052,C7165391,F,LUCKNOW,3114.21,10/9/16,210049,499.0
T941574,C5489647,M,BANGALORE,10415.42,11/9/16,221445,150.0
T76286,C9012112,M,NEW DELHI,15335.47,2/8/16,183328,4978.0
T476713,C2060529,M,DELHI,47551.2,21/8/16,193346,2000.0
T626396,C3338152,F,GHAZIABAD,44602.35,29/8/16,155237,600.0
T184328,C3652750,F,BANGALORE,117356.25,9/8/16,110256,150.0
T555765,C5322843,M,PANTNAGAR,119957.53,23/8/16,123856,135.0
T877095,C8220758,M,BANGALORE,2544.28,8/9/16,195427,50.0
T1007882,C5636970,M,CHENNAI,547929.69,14/9/16,205858,2460.0
T448571,C3615286,M,CHAMOLI,6346.56,16/8/16,170411,159.0
T175032,C2916349,M,CHENNAI,89.77,4/8/16,194557,300.0
T943504,C3314672,F,VARANASI,33379.68,11/9/16,204612,80.0
T711594,C6920149,M,BANGALORE,4834.72,3/9/16,174129,1972.0
T661114,C1830618,M,MUMBAI,48028.11,31/8/16,110426,1000.0
T1030501,C7370733,M,THANE,33661.57,13/9/16,121200,717.42
T110813,C6715437,M,KANDIVALI EAST MUMBAI,1590.15,6/8/16,111438,329.28
T126447,C3337974,F,SAHARANPUR,53701.89,6/8/16,155942,333.0
T778638,C7211337,M,RANCHI,10736.93,6/9/16,165939,500.0
T389000,C3522941,M,PUNE,347186.16,13/8/16,173441,306.0
T783915,C4351374,M,BANGALURU,997809.44,6/9/16,84610,5.7
T241606,C8116970,M,AMRITSAR,24575.27,7/8/16,211121,1375.0
T619541,C6036041,M,NAGPUR,981.27,28/8/16,111147,44.0
T599358,C1814768,M,MUMBAI,18757.1,25/8/16,113954,650.0
T39532,C8241422,M,NOIDA,641044.5,27/9/16,185116,855.0
T164310,C2141786,M,NEW DELHI,16299.55,4/8/16,133031,543.0
T771865,C1513166,M,THANE,2709.59,6/9/16,202713,470.0
T1036530,C4925741,M,GONDA,24523.53,18/9/16,142000,3145.0
T434932,C5540560,F,VARANASI,264900.63,17/8/16,211102,499.0
T581260,C5314954,M,MUMBAI,26379.03,27/8/16,162521,1015.0
T1002724,C2918447,M,ANAND,10010.74,14/9/16,162306,147.0
T506086,C4145559,M,AHMEDABAD,2864.75,19/8/16,141343,1872.0
T84463,C3440676,M,NEW DELHI,43326.68,2/8/16,231924,969.0
T944451,C5627054,M,ALLAHABAD,169593.11,11/9/16,204953,37266.0
T72313,C7488715,M,GURGAON,1050.33,2/8/16,134944,200.0
T269727,C6212573,F,NOIDA,57628.87,12/8/16,214144,716.0
T343078,C6320635,M,DEHRADUN,14276260.1,14/8/16,101727,1570.0
T362156,C5121984,M,DELHI,678.82,14/8/16,223231,76.0
T568352,C1612330,M,JIND,747.56,22/8/16,184615,40.0
T1013499,C5322049,M,RIYADH,14.86,13/9/16,205526,1965.0
T88752,C1629825,M,MEWAT,8028.47,1/8/16,135343,13.0
T809050,C2765455,M,BAREILLY,713.42,4/9/16,224137,174.0
T935660,C7837422,M,GURGAON,6517.24,11/9/16,160512,67.18
T776551,C1922262,M,PAONTA SAHIB,1948.13,6/9/16,195446,160.0
T1036393,C6716357,M,NASIK,13453.46,18/9/16,144834,240.0
T314480,C3222954,M,BANGALORE,151003.61,10/8/16,222947,4000.0
T97578,C2135851,M,THIRUVANANTHAPURAM,28.09,1/8/16,181007,425.0
T1006100,C7719286,M,GREATER NOIDA,73.92,14/9/16,165248,507.97
T838997,C9029389,F,KOLKATA,16096.22,9/9/16,184223,21.0
T1239,C2842430,F,PANIPAT,650.03,21/10/16,205333,6017.0
T455122,C3018070,M,NEW DELHI,81.45,16/8/16,204553,220.0
T555104,C5324528,F,BANGALORE,44880.34,23/8/16,125241,1415.0
T411530,C2897979,F,BANGALORE,3494.97,18/8/16,173142,100.0
T1046009,C4792650,M,NEW DELHI,28648.46,18/9/16,32834,525.0
T307640,C2024778,M,NEW DELHI,28.25,10/8/16,181230,120.0
T78252,C5525368,M,NEW DELHI,1629378.7,2/8/16,94446,55.75
T766840,C1122541,M,MUMBAI,31121.36,6/9/16,224406,1335.0
T118647,C5613978,M,NOIDA,1252.13,6/8/16,152925,130.14
T726175,C8155983,M,DELHI,70.74,2/9/16,95815,15.0
T221981,C1289890,M,GHAZIABAD,27132.54,7/8/16,54340,299.0
T293038,C5223752,M,MUMBAI,13952.73,11/8/16,175459,31.0
T665614,C7429622,M,DELHI,27290.36,28/8/16,232127,1078.0
T552326,C2114167,F,PUNE,0.0,23/8/16,171253,108.83
T440620,C7918484,F,NOIDA,8074.09,16/8/16,133720,920.0
T101753,C1442256,M,BANGALORE,12815.52,1/8/16,180215,667.0
T313648,C1325053,M,NEW DELHI,10143.9,10/8/16,223258,275.0
T217089,C1710670,M,MEERUT,45856.24,8/8/16,180227,1339.0
T916595,C2039087,M,CHENNAI,34520.18,12/9/16,203828,344.0
T520358,C3154915,F,CLUB) SOUTH 24 PARGANAS,3529.18,19/8/16,153659,2703.0
T965962,C8935479,M,SURAT,2321.85,10/9/16,115246,224.0
T106238,C4524989,M,HOWRAH,54.84,1/8/16,211539,1377.8
T396389,C7693351,M,GURGAON,64517.61,13/8/16,205100,1239.0
T199178,C1233858,M,BANGALORE,6140.51,9/8/16,215336,155.0
T787627,C5915441,M,MUMBAI,129865.29,6/9/16,95202,1000.0
T271050,C5715112,M,NOIDA,180737.09,12/8/16,184020,561.0
T828798,C3163480,M,SAWAI MADHOPUR,104.55,4/9/16,114650,1501.0
T402763,C6327429,M,SURYAPET,17418.22,18/8/16,145411,240.0
T17647,C2834448,F,BANGALORE,384449.13,26/9/16,181552,480.0
T877574,C6614740,M,BHIWANDI,3434.99,8/9/16,141218,50.0
T18046,C5710714,F,BANGALORE,984.52,26/9/16,185458,100.0
T914704,C1224837,M,NEW DELHI,499.92,12/9/16,184515,671.4
T554142,C4537291,M,FATEHGARH,86.33,24/8/16,153205,30.0
T1046050,C1740137,M,HYDERABAD,4819.65,18/9/16,125258,892.0
T104269,C3338861,M,CHANDIGARH,53524.95,1/8/16,213243,360.0
T875692,C1439675,M,VARANASI,12689.36,8/9/16,234709,50.0
T495453,C8731762,M,FARIDABAD,36963.17,20/8/16,223313,468.0
T295405,C5418063,F,PUNE,9742.86,10/8/16,10619,300.0
T451288,C3828235,F,SURAT,2862.72,16/8/16,201516,2645.0
T157240,C3175085,F,FARIDABAD,65835.77,3/9/16,154546,1695.01
T221066,C4110587,F,BANGALORE,104003.3,8/8/16,193411,498.0
T478779,C4237423,F,MUMBAI,28011.79,21/8/16,232638,1000.1
T650997,C3416211,M,PANIPAT,45.74,31/8/16,151813,251.0
T902095,C1733352,M,PATNA,33039.82,12/9/16,143933,90.0
T681787,C7236861,F,NEW DELHI,11293.74,28/8/16,132021,340.0
T501087,C6440148,M,NAVI MUMBAI,144103.37,19/8/16,115634,1899.0
T858192,C8241561,F,NEW DELHI,426532.89,9/9/16,210948,4145.0
T983738,C1214130,M,NOIDA,1973412.55,15/9/16,190049,2382.63
T899103,C8820111,M,GURGAON,435.16,12/9/16,173615,125.0
T630787,C3712751,M,MUMBAI,164684.29,29/8/16,151645,3145.0
T427995,C7140569,,JAIPUR,50.0,17/8/16,163941,475.0
T174120,C1019229,F,KOLKATA,209.74,9/8/16,42449,100.0
T680137,C8619812,M,LUCKNOW,2112.4,30/8/16,95226,50.0
T200891,C6815735,M,BHIWANDI,20198.52,9/8/16,233753,478.03
T1046572,C5417179,F,GHAZIABAD,83112.37,18/9/16,113140,8781.87
T124821,C2432561,M,BANGALORE,73.36,6/8/16,211856,920.0
T255715,C8731729,M,SILVASSA,317.63,12/8/16,133825,2201.0
T289372,C8958285,M,GURGAON,52465.53,11/8/16,154527,355.0
T395168,C1187411,M,MOOSAPET HYDERABAD,342.42,18/8/16,101602,99.0
T760680,C2031845,M,HYDERABAD,351.91,1/9/16,155958,1282.0
T531113,C2196144,M,SHIVAMOGGA,13106.4,23/8/16,163649,1512.75
T180414,C6225159,M,BANGALORE,7964.44,9/8/16,131519,115.0
T913643,C5510357,F,GURGAON,22118.01,12/9/16,103910,1899.0
T251398,C4439786,M,SURAT,100721.0,7/8/16,151702,625.0
T18425,C3538361,F,KOLKATA,35.99,26/9/16,130504,1000.0
T34905,C7239375,M,BANGALORE,12364.24,30/9/16,194648,606.9
T1036867,C8217521,M,HYDERABAD,66.37,18/9/16,152909,25.0
T338808,C6997492,F,GURGAON,423375.47,14/8/16,82855,1000.0
T306317,C6675260,M,GURGAON,2436.86,10/8/16,124520,500.0
T978859,C7922384,M,PRATAPGARH,214.33,15/9/16,43046,190.0
T411466,C8425248,M,DURGAPUR,11809.28,18/8/16,182306,50.0
T682410,C2324451,M,BANGALORE,19447.09,28/8/16,145319,4769.0
T693351,C5842525,M,SAMASTIPUR,1701.18,31/8/16,230822,200.0
T190865,C8718229,M,GURGAON,23346.04,9/8/16,185535,209.0
T927704,C6316556,M,CHENNAI,5461.49,11/9/16,123320,350.0
T230403,C8929730,M,NASIK,667.45,7/8/16,24711,50.0
T29873,C6042637,M,BANGALORE,1918.64,26/9/16,135536,175.0
T611999,C6730646,M,GURGAON,66286.02,26/8/16,23634,93.92
T721874,C2440187,M,FARIDABAD,15329.49,3/9/16,202634,155.0
T1038799,C6741624,M,NEW DELHI,6203.7,18/9/16,145606,463.2
T264556,C8428763,F,MUMBAI,77624.68,12/8/16,202442,1271.0
T204098,C6439143,M,GHAZIABAD,22371.38,8/8/16,102804,1000.0
T967085,C8635611,F,COIMBATORE,39168.88,10/9/16,142704,2598.0
T537164,C8522249,F,MUMBAI,28668.7,23/8/16,203100,2399.0
T974737,C8124824,M,RANCHI,23859.56,15/9/16,141117,1152.0
T308742,C7211482,M,BADDI,6373.77,10/8/16,183438,1581.9
T735815,C2719129,M,NEEMRANA,12870.42,2/9/16,162814,669.0
T160266,C5232370,M,NEW DELHI,75015.25,4/8/16,80728,11865.0
T296389,C3612826,M,BANGALORE,12153.56,11/8/16,212908,500.0
T980351,C5812672,M,BANGALORE,50895.96,15/9/16,132021,1133.0
T759778,C4117657,F,NOIDA,72356.18,1/9/16,153120,3000.0
T981729,C8624346,F,HYDERABAD,49633.85,15/9/16,175728,231.0
T5754,C7995421,F,BANGALORE,587.83,22/9/16,83836,500.0
T596362,C1826468,M,NEW DELHI,8850.1,26/8/16,171012,1250.0
T119360,C6622323,F,DELHI,1375.95,6/8/16,163131,389.0
T245381,C4125420,M,AHMEDABAD,17943.77,7/8/16,200833,50.0
T220886,C6440166,M,HYDERABAD,112.15,8/8/16,210255,225.0
T550561,C3713332,M,GHAZIABAD,1429.07,22/8/16,80859,50.0
T773269,C2126273,M,BANUR,56094.61,1/9/16,74835,4000.0
T547701,C8225964,F,GURGAON,106962.23,24/8/16,175754,100.0
T503434,C2512426,M,NOIDA,2594.17,19/8/16,125142,398.0
T177452,C7038220,F,NEW DELHI,16712.57,4/8/16,212718,227.0
T777791,C2531869,M,GOREGAON (E) MUMBAI,3200.89,6/9/16,180412,1000.0
T760446,C8713241,M,RANGAREDDI,708.34,1/9/16,162556,80.0
T884676,C2313786,F,BANGALORE,0.0,7/9/16,194114,250.0
T485202,C3335677,M,CHENNAI,8598.6,20/8/16,154440,1264.0
T586486,C4312388,M,GURGAON,105957.56,25/8/16,144713,7580.0
T255726,C6688674,M,CHHINDWARA,399985.03,12/8/16,140408,25.0
T557427,C2121442,M,MUMBAI,77515.4,24/8/16,151854,399.0
T310229,C7010752,M,SAS NAGAR,45054.73,10/8/16,155057,102797.0
T626179,C3630983,F,LUCKNOW,1621235.63,25/8/16,183225,7020.0
T1015562,C5713984,M,KOLKATA,8259.79,13/9/16,204326,97.0
T984821,C1823982,F,DELHI,12245.02,15/9/16,191834,319.0
T708300,C7816989,M,DELHI,137318.28,3/9/16,92421,2100.0
T536092,C8635544,M,JUNAGADH,869333.68,23/8/16,194000,9800.0
T166517,C2322749,M,BANGALORE,177613.24,4/8/16,141159,1000.0
T139329,C9070630,F,HYDERABAD,16047.56,5/8/16,113358,439.0
T590504,C3322941,M,GURGAON,534609.84,26/8/16,153445,2000.0
T994544,C5321887,M,TRICHY DT,1471.34,15/9/16,210411,20.0
T367431,C2210033,F,NEW DELHI,82236.59,14/8/16,194054,1298.3
T674145,C1786525,M,BANGALORE,154596.9,31/8/16,184023,13350.0
T735158,C2510456,M,PLAZA THANE,40123.48,2/9/16,165236,606.0
T297379,C7871925,M,BANGALORE,4729.19,10/8/16,3405,87.0
T948195,C8419482,M,BARODA,28747.29,10/9/16,212502,562.0
T424003,C7327135,M,NAVI MUMBAI,253016.95,17/8/16,141003,720.0
T280933,C8030333,M,NEW DELHI,1007.79,11/8/16,45803,200.0
T653509,C7535212,M,MORADABAD,3205.23,31/8/16,134733,100.0
T167340,C2229081,M,CYBER CITY GURGAON,38884.05,4/8/16,125400,31942.52
T282392,C6112423,F,BANGALORE,3059.97,11/8/16,114301,1350.0
T256049,C4233438,M,JABALPUR,9.73,12/8/16,125159,169.45
T945839,C8835140,M,BOKARO,1625.91,11/9/16,212205,185.0
T806415,C2116486,M,GURGAON,1008894.0,5/9/16,183727,1000.0
T983768,C4422152,M,BAGHPAT,25744.74,15/9/16,2905,2000.0
T70591,C8720865,F,NAVI MUMBAI,26974.07,2/8/16,172130,312.0
T294460,C6328983,M,JALORE,187515.96,11/8/16,195501,94.0
T599691,C8429492,M,MUMBAI,160030.28,26/8/16,215007,275.0
T22540,C1010864,M,DELHI,21913.8,23/9/16,191409,500.0
T374640,C2149831,M,DELHI,40373.79,13/8/16,125746,7076.0
T685994,C4962712,M,CHENNAI,35741.56,30/8/16,84503,85.0
T39122,C6238865,F,NOIDA,85591.17,22/9/16,151119,3790.0
T793691,C7427968,M,KAPURTHALA,529980.04,5/9/16,92939,2000.0
T536931,C2682873,M,BANGALORE,36738.01,24/8/16,205652,300.0
T158160,C6424836,M,GHAZIABAD,2807420.85,3/9/16,155629,3000.0
T764556,C2733290,F,BANGALORE,13115.22,1/9/16,121811,2161.0
T271173,C4116253,M,MUMBAI,416.66,12/8/16,210614,350.0
T148063,C5338618,M,DELHI,82109.75,5/8/16,191337,1500.0
T700037,C2431243,F,FARIDABAD,73.47,30/8/16,152000,707.93
T67109,C2321115,F,PRAKASAM,3955.48,2/8/16,103901,100.0
T201689,C5633392,M,GURGAON,9913.79,8/8/16,120904,492.0
T368144,C3136634,F,JALANDHAR,53973.78,14/8/16,143157,390.0
T185262,C8220747,M,CHENNAI,0.05,9/8/16,112250,970.0
T501559,C5226580,F,BANGALORE,6365.01,19/8/16,131529,350.0
T870284,C2241674,M,CHENNAI,31266.5,8/9/16,174009,3666.0
T714316,C5824513,F,TUMKUR,1832.18,3/9/16,183922,110.0
T579361,C1522940,F,DELHI,111772.6,27/8/16,133938,1380.0
T1020082,C1327662,M,NEW DELHI,247176.58,13/9/16,171457,322.0
T637547,C7480160,M,CHIKKAMAGALURU,1549.46,29/8/16,72836,29.0
T1026899,C3625912,M,RANGA REDDY,125237.51,13/9/16,120102,667.0
T425812,C7725386,M,CHANDIGARH,34955.68,17/8/16,133719,9880.0
T451595,C4631769,M,GURGAON,36295.76,16/8/16,194836,537.0
T193490,C1523839,F,GURGAON,11205.53,9/8/16,175533,3100.0
T254507,C4732713,M,GHAZIABAD,5815.09,12/8/16,80747,100.0
T501336,C1441064,M,MALLESHWARAM W BANGALORE,981997.89,19/8/16,83719,21841.46
T994862,C2519157,M,KANPUR,18187.07,14/9/16,111616,40.0
T511753,C3436724,M,DELHI,110086.13,19/8/16,135052,3791.0
T282696,C3338261,M,VILLUPURAM,3137.5,11/8/16,142350,10.0
T987546,C5122746,M,MUMBAI,13349.1,15/9/16,235022,750.0
T509717,C6117925,M,BANGALORE,64338.04,19/8/16,182447,181.0
T475332,C6717252,M,DELHI,2175.51,21/8/16,180502,140.0
T925651,C7227352,M,DELHI,11.87,11/9/16,123800,30.0
T255016,C4320984,M,CHENNAI,59.56,12/8/16,135349,100.0
T792393,C4670140,M,VIRUDHUNAGAR,8044.39,5/9/16,124009,1698.0
T791110,C2817473,M,VIJAYAWADA,1688.4,5/9/16,14645,255.0
T306734,C7024817,F,DELHI,15370.23,10/8/16,170153,975.0
T487325,C5148040,M,GURGAON,138737.46,20/8/16,145547,500.0
T821396,C1035634,F,MUMBAI,111055.96,4/9/16,190919,1000.0
T355462,C5423031,M,ERNAKULAM,37391.87,14/8/16,185558,135.94
T817199,C7512483,M,KANCHIPURAM,25546.2,4/9/16,205612,296.0
T604568,C6087141,M,NAVI MUMBAI,1634108.71,25/8/16,125703,8426.0
T306646,C1342666,M,MUMBAI,1795.71,10/8/16,131415,530.0
T697133,C1815853,M,JAMMU,66341.29,30/8/16,135047,817.0
T65094,C4234543,M,KORAMANGALA 1ST BLOCK BANGALORE,100550.64,2/8/16,125315,721.0
T407386,C5130175,F,LUDHIANA,74871.03,18/8/16,161030,5840.0
T948136,C3527469,M,MUMBAI,457.43,10/9/16,203327,30.0
T1886,C8131279,M,SAHARANPUR,90462.85,21/10/16,194546,1682.0
T186467,C2336757,F,NAKODAR,2306.28,9/8/16,141820,299.11
T1010927,C7633678,M,MUMBAI,569060.13,14/9/16,231956,206.0
T647945,C1826766,F,MUMBAI,15203.11,31/8/16,144229,390.0
T761829,C7312326,M,YAVATMAL,0.0,1/9/16,143745,150.0
T794708,C6334779,F,RAIGAD,3873.71,5/9/16,135129,180.0
T933978,C1314318,M,TIRUCHIRAPPALLI,22802.18,11/9/16,125351,380.0
T906836,C2417524,M,HYDERABAD,66.37,12/9/16,142518,1305.0
T638972,C3835052,F,APOLO PHARMACY THANE WEST THANE,28098.95,29/8/16,115704,3054.65
T209407,C3120335,M,DELHI,49588.61,3/9/16,132844,100.0
T828041,C6046826,M,JALANDHAR,919482.66,4/9/16,144200,594.0
T566832,C5728033,M,NAGPUR,190545.2,22/8/16,140511,10.0
T569963,C5231580,M,BAMBOLIM,6566.88,22/8/16,183151,140.0
T483645,C2537881,F,MANGALORE,49110.5,20/8/16,110622,718.0
T285496,C4936314,M,ZIRAKPUR,5572.44,11/8/16,163911,1208.0
T963776,C2927974,M,BANGALORE,5551.07,10/9/16,131347,50.0
T126038,C6316518,M,FARIDABAD,183.09,6/8/16,230848,900.0
T359660,C8488955,M,MUMBAI,10252.46,14/8/16,215052,699.0
T533715,C8612356,M,BELGAUM,49019.71,23/8/16,203818,1701.0
T763127,C8660483,M,MUMBAI,98967.97,1/9/16,141505,790.0
T1006109,C7338031,M,MOGA,158260.44,14/9/16,70418,11300.0
T582958,C3335376,M,PONDICHERRY,13690.22,27/8/16,154007,1182.5
T380775,C1915247,M,LUCKNOW,3829.07,13/8/16,155620,100.0
T769265,C2336263,M,NEW DELHI,6918.65,1/9/16,80343,258.0
T528519,C5627815,M,DELHI,6643.86,24/8/16,140811,100.0
T102669,C7214154,M,VILLAGE VARTHUR HOBLI BANGALORE,88444.04,6/8/16,120611,2400.0
T646537,C7914276,M,DELHI,43583.03,25/8/16,200302,570.0
T445308,C7437354,M,MOGA,275964.18,16/8/16,54816,324.0
T713208,C3438460,F,CHENNAI,7418.94,3/9/16,175203,1352.0
T720034,C8610011,M,GURGAON,5599.83,3/9/16,204429,500.0
T799730,C4685882,M,VILUPPURAM,2977.01,5/9/16,165308,10.0
T325608,C4699536,F,KOLKATA,120918.49,15/8/16,143221,282.0
T549357,C8330066,M,NEW DELHI,82651.45,23/8/16,121441,550.0
T429566,C2937315,F,GURGAON,2645.86,17/8/16,202730,170.0
T903533,C1539855,M,RAI BARELI,18518.3,7/9/16,71343,141.0
T398072,C5537175,M,GURGAON,11458.27,18/8/16,100031,270.0
T554107,C7325213,M,MUMBAI,22771.72,24/8/16,160411,999.0
T25191,C4452920,M,MARGAON,1532.62,27/9/16,151156,100.0
T927269,C1311355,M,DEORIA,16310.52,11/9/16,120636,2805.0
T989481,C6015249,M,NASHIK,31691.73,15/9/16,231917,279.0
T432325,C4515357,M,BANGALORE,17977.07,17/8/16,222101,50.0
T418374,C6531366,M,MUMBAI,47.0,18/8/16,232958,560.0
T109403,C7440111,M,DELHI,1823.14,6/8/16,123854,500.0
T1006086,C8342839,M,KANGRA,14.2,14/9/16,185120,200.0
T959333,C7431388,M,INDORE,31843.01,10/9/16,192521,600.0
T911237,C1520751,M,NEW DELHI,86527.3,12/9/16,1427,1980.0
T557972,C4321376,M,NEW DELHI,14198.9,27/8/16,175544,700.0
T230007,C6342626,M,COIMBATORE,1516.32,7/8/16,113527,405.0
T568665,C5739167,M,PRAKASAM DIST (AP),26655.05,27/8/16,104818,200.0
T459913,C1725624,M,FARIDABAD,10123.67,21/8/16,122759,72.0
T102092,C2719960,M,ZIRAKPUR,6650.87,1/8/16,182035,1886.0
T980451,C7735067,M,NEW DELHI,1471.01,15/9/16,124251,250.0
T285710,C3736379,M,GUWAHATI,9931.21,11/8/16,163342,2911.0
T366630,C4722562,M,KOLKATA,5830.46,13/8/16,104638,381.26
T572418,C2130329,M,MUMBAI,24.41,22/8/16,170216,387.0
T703825,C7328811,F,AURANGABAD,3666.08,30/8/16,172217,2493.42
T830884,C3420112,F,JORHAT,20219.13,4/9/16,130105,2500.0
T523041,C7624560,F,BANGALORE,2144.77,24/8/16,145809,627.75
T808358,C5515468,M,NASHIK,29606.59,5/9/16,201019,744.0
T336893,C6316290,F,MUMBAI,471880.62,15/8/16,222112,2000.0
T978911,C4610287,M,GURGAON,6898.18,15/9/16,145603,720.0
T513974,C7061356,M,HOSUR,64859.26,19/8/16,191450,4595.0
T455484,C5115974,F,NAGPUR,98794.95,16/8/16,231053,2831.0
T956013,C3924352,M,DEHRADUN,231742.23,10/9/16,171817,156.0
T269637,C4292879,F,BANGALORE,35473.94,12/8/16,191610,119.0
T724290,C6417986,M,PUNE,7465.26,3/9/16,221245,123.51
T741920,C2323165,M,PUNE,37943.78,2/9/16,211040,905.0
T593282,C4227039,M,MUMBAI,47.62,26/8/16,174146,50.0
T200201,C4023969,F,DELHI,7427.15,9/8/16,181240,4000.0
T813680,C8031284,M,BANKURA,2022.72,5/9/16,190233,42.0
T413381,C7323843,M,NAVI MUMBAI,28049.79,18/8/16,202901,2500.0
T864403,C8020583,M,GURGAON,1.15,8/9/16,110006,124.05
T347102,C6514281,M,PUNE,4502.29,15/8/16,225634,100.0
T320928,C4625871,M,NOIDA,957.25,15/8/16,124612,1232.0
T626554,C7418753,M,TIRUNELVELI,9.2,29/8/16,155725,179.0
T652737,C8020224,M,COMPOUND TARDEO MUMBAI,48481.06,31/8/16,141743,340.0
T781547,C2331162,M,HAMPSHIRE,586310.69,6/9/16,102300,79.5
T445063,C9020257,M,MUMBAI,552100.0,16/8/16,150751,275.0
T141686,C5674428,F,GURGAON,57930.85,5/8/16,132607,198.0
T946834,C3074148,M,DELHI,2327.06,10/9/16,225226,100.0
T594012,C2730848,M,NOIDA,134843.3,26/8/16,141821,18.42
T292530,C6024162,M,HOOGHLY,14527.85,11/8/16,175848,889.0
T203875,C8440073,M,CHENNAI,26075.85,8/8/16,113142,798.85
T84717,C4614255,F,GURGAON,80156.21,1/8/16,65047,10.0
T645721,C4479851,M,BORSAD,7701.21,29/8/16,83104,199.0
T616677,C4223263,M,MEDINIPUR,5389.58,25/8/16,4420,145.75
T480929,C2530932,M,THIRUVALLUR,289.67,20/8/16,124627,288.0
T813272,C4233436,M,PALAKKAD,3520.27,4/9/16,232513,29.0
T175805,C2629414,M,TARAPUR APP THANE THANE,4.57,4/8/16,222815,1000.0
T690170,C1730337,M,NOIDA,3628.87,31/8/16,201551,50.0
T288899,C6813628,F,THANE,488.75,11/8/16,130410,21.68
T298821,C6826262,M,TIRUVALLUR,6398.03,10/8/16,105112,2000.0
T541944,C3538413,M,KAURTHALA,206964.05,24/8/16,215237,4.0
T40267,C8739311,M,DELHI,43513.32,27/9/16,203257,220.0
T61861,C5715436,M,VALSAD,108715.63,2/8/16,93829,202.0
T586266,C2426659,M,THANE,369.36,22/8/16,200920,180.0
T850038,C7710383,M,NASHIK,110695.18,9/9/16,95701,1320.0
T718545,C3039718,M,DURGAPUR,2555.41,3/9/16,210406,119.0
T155824,C8738754,F,MULUND EAST,87235.6,3/9/16,151715,130.0
T512698,C1133733,M,GORAKHPUR,17497.12,19/8/16,172435,47.37
T415115,C5814839,M,KOLKATA,76989.87,17/8/16,80320,115.5
T234573,C2141882,M,NAVI MUMBAI,26463.08,7/8/16,131116,459.0
T31084,C7450360,M,UNA,19850.96,26/9/16,125338,100.0
T189729,C1570181,F,BANGALORE,106.12,9/8/16,171006,850.0
T417956,C4829458,F,BANGALORE,107042.03,17/8/16,143223,225.0
T541901,C7136165,M,SURAT,167.56,23/8/16,233202,78.0
T469871,C2132362,M,BANGALORE,47667.66,21/8/16,194823,720.52
T224777,C3517514,M,BHUJ,37957.89,7/8/16,93907,1166.0
T844563,C5020415,M,JAIPUR,1223.92,9/9/16,113928,2000.0
T646308,C4191749,M,NEW DELHI,325667.25,29/8/16,133413,600.0
T717389,C3379526,M,BHOPAL,49274.04,3/9/16,193435,2469.0
T491429,C2527017,M,DELHI,10836.64,20/8/16,180058,4569.0
T880539,C5418519,F,VIJAYAWADA,17804.99,7/9/16,225650,499.0
T900783,C8815221,F,GREATER NOIDA,121532.68,12/9/16,175208,2574.0
T685166,C6540064,M,SURAT,12532.64,30/8/16,173028,50.0
T364376,C1921683,M,JAIPUR,254171.41,14/8/16,222911,1920.0
T521851,C5130011,M,NEW DELHI,47969.58,24/8/16,134204,200.0
T941468,C8921446,M,GURGAON,893.41,11/9/16,193052,1000.0
T1029112,C3024341,M,CHANDIGARH,37872.74,13/9/16,120543,503.0
T975715,C7920841,F,NEW DELHI,29805.81,15/9/16,163228,2365.0
T19145,C2213478,M,NEW DELHI,135701.38,26/9/16,133216,735.0
T965641,C6821087,M,DELHI,15741.5,10/9/16,155452,141.0
T34874,C4137732,F,DELHI,131892.92,27/9/16,93008,609.0
T1005462,C8790349,M,NIIMB POST BANGALORE,56388.19,14/9/16,200447,1109.0
T932485,C8726579,M,VARKALA,2154.95,11/9/16,172440,600.0
T692037,C8029644,F,GURGAON,10696.75,31/8/16,212407,10.0
T356914,C3235678,F,MUMBAI,35311.34,14/8/16,184114,230.0
T870447,C4710511,F,ADILABAD,6915.51,8/9/16,171646,259.0
T377763,C8624075,M,ERODE,77150.78,13/8/16,124826,1431.0
T266817,C6927939,M,JAMSHEDPUR,5339.17,3/9/16,123213,202.3
T258226,C4615951,M,JAIPUR,1184.29,12/8/16,153449,1330.0
T301546,C3430979,M,DHAR,1145.65,10/8/16,142711,2300.0
T209389,C2545878,M,DELHI,551686.64,3/9/16,141735,356.0
T547724,C6712728,F,GURGAON,713.03,24/8/16,233051,736.0
T637947,C8245147,M,AMBALA,12882.67,29/8/16,93411,72.0
T716530,C2215841,F,MUMBAI,7524.9,3/9/16,194645,1600.0
T647584,C5612174,F,MUMBAI,396083.25,29/8/16,161315,216.81
T267092,C8041522,M,BIJAPUR,14144.57,3/9/16,111032,1.0
T274729,C7721948,M,HARDOI,1784.98,12/8/16,212346,4405.0
T181935,C1912765,M,DELHI,375688.56,9/8/16,101357,1783.98
T983807,C6034652,F,NEW DELHI,21654.12,15/9/16,173105,1955.0
T247696,C5741779,M,NOIDA,26600.13,12/8/16,4844,100.0
T451231,C5535162,M,VARANASI,28703.4,16/8/16,190859,500.0
T30576,C2842662,F,MATHURA,146710.41,25/9/16,203922,100.0
T234724,C8222690,M,MUMBAI,3679.03,7/8/16,141334,1372.0
T294094,C6529954,M,MOGA,3437.83,10/8/16,70850,1008.63
T644306,C4670555,M,KURLA W MUMBAI,7049.76,25/8/16,212217,205.0
T195190,C7637045,M,HYDERABAD,624.78,8/8/16,60341,1000.0
T483840,C4221517,M,BANGALORE,5345.69,20/8/16,154625,137.0
T138490,C1425568,M,FARIDABAD,476070.68,5/8/16,103310,412.0
T415136,C4015267,F,AMBALA,8852.85,17/8/16,75734,100.0
T841624,C7532836,M,THANE,3048.57,9/9/16,140339,374.44
T899452,C7494464,M,KOTHRUD PUNE (M CORP) PUNE PUNE,37525.9,7/9/16,110553,172.0
T99260,C6728281,M,RAILWAY STN ELPHINSTONE ROAD MUMBAI,8770.94,1/8/16,203853,167.58
T105827,C6633567,M,NAVI MUMBAI,8270.41,1/8/16,201748,3010.0
T1046176,C8442544,M,GURGAON,695013.22,18/9/16,64031,350.22
T575360,C2110547,M,THANE,7803.71,22/8/16,190921,200.0
T613805,C1721390,M,GHAZIABAD,28043.75,26/8/16,95204,100.0
T491011,C7730891,M,NEW DELHI,2100813.61,20/8/16,201558,2998.0
T771716,C6911435,M,NEW DELHI,7172.08,6/9/16,202517,200.0
T848141,C1510838,M,NEW DELHI,1278025.92,9/9/16,103034,1997.0
T163345,C2820177,M,KOTA,54.43,4/8/16,121531,30.0
T10148,C8725981,F,THANE,6669.98,27/9/16,172843,400.0
T739144,C1520542,F,NEW DELHI,148934.85,2/9/16,185034,830.0
T268698,C5424650,M,M GOBINDGARH,327894.22,12/8/16,184924,3110.0
T277792,C6631731,M,MARG LOWER PAREL MUMBAI,41099.42,11/8/16,1744,283.0
T624567,C6015684,M,MUMBAI,25445.15,29/8/16,214748,470.0
T501944,C5622989,F,DELHI,5685.74,20/8/16,213850,297.0
T1041478,C5553966,M,MUMBAI,38752.7,18/9/16,132835,212.0
T367505,C6013550,M,RAJKOT,111899.52,14/8/16,210730,499.0
T940054,C2221270,M,SIKAR,2992.54,11/9/16,192056,100.0
T246124,C4622354,M,PANCHKULA,359310.6,7/8/16,182206,25967.0
T654054,C1440517,M,GHAZIABAD,91865.39,31/8/16,160954,2337.0
T787085,C1029323,M,GURGAON,8237.12,6/9/16,105629,50.0
T866346,C7330716,M,UTTAM NAGAR,6210.35,8/9/16,170957,500.0
T981691,C6927844,M,GURGAON,635587.13,15/9/16,104946,1226.0
T912064,C5137391,M,MUMBAI,417134.39,12/9/16,73701,1170.0
T25240,C5625173,M,KAITHAL,3531.79,22/9/16,112932,8018.0
T129300,C1638674,M,BANGALORE,34406.62,6/8/16,190901,425.0
T497286,C4242662,F,KANPUR,24701.93,19/8/16,90556,548.0
T635333,C2613669,M,HYDERABAD,547.23,29/8/16,205210,850.0
T716640,C6297252,M,KOLKATA,9250.28,3/9/16,184029,500.0
T703752,C3787763,M,MUMBAI,16258.36,31/8/16,174244,360.0
T81649,C5530933,M,HAJI ALI WORLI MUMBAI,12432.65,1/8/16,1050,160.0
T998377,C6612540,M,PANCHKULA,0.71,14/9/16,113549,2000.0
T925790,C6241059,M,HUBLI,11580.08,11/9/16,130031,2061.0
T271849,C5140545,F,BANGALORE,6084.14,12/8/16,194034,5000.0
T777528,C3211121,M,RANGA REDDY,5800.95,6/9/16,184652,101.0
T102426,C7111335,M,YAMUNANAGAR,3333.69,1/8/16,195916,648.0
T448414,C4124845,F,GURGAON,83811.51,16/8/16,171101,500.0
T815032,C8030984,F,MUMBAI,79128.6,4/9/16,220156,679.0
T370191,C5419987,F,BAMBOLIM,25038.63,13/8/16,125558,5045.0
T269511,C1437948,F,KHANNA,2928.84,12/8/16,205934,2377.0
T57523,C6431646,M,DELHI,20872.62,3/8/16,212045,499.0
T643176,C2211686,F,NEW DELHI,174707.5,25/8/16,205335,99.0
T753624,C5918264,M,NEW DELHI,5310.57,1/9/16,184455,1101.0
T232530,C5921673,M,JALANDHAR,29149.45,7/8/16,154823,40000.0
T887754,C2415818,M,DELHI,6308.19,7/9/16,195814,600.0
T815524,C7618979,M,AHMEDABAD,11894.32,4/9/16,214338,184.0
T57801,C4924954,M,CHENNAI,3939.07,3/8/16,210530,1500.0
T425167,C8451477,M,BHILWARA,110494.11,17/8/16,162248,1200.0
T223440,C5341464,M,NAVI MUMBAI,941037.0,7/8/16,112457,32.0
T705019,C3810644,M,DELHI,29671.42,30/8/16,154952,234.0
T694258,C2112276,M,NEW DELHI,14950.08,31/8/16,195923,1200.0
T662704,C3542170,F,NEW DELHI,444125.97,28/8/16,233140,1340.0
T857131,C8213468,F,NAVI MUMBAI,43917.42,9/9/16,214527,604.0
T806555,C6711945,M,DELHI,36425.62,4/9/16,222305,241.0
T1042437,C6317926,F,SIVASAGAR,387.85,18/9/16,124934,2042.3
T1009947,C8037062,F,NEW DELHI,735879.74,14/9/16,211033,1386.45
T1015877,C4292824,M,NAVI MUMBAI,2510.42,14/9/16,224321,200.0
T181747,C1279737,F,JAIPUR,236.39,9/8/16,124058,100.0
T138083,C2532470,M,MUMBAI,37140.71,5/8/16,103610,190.0
T956522,C5424643,M,GHAZIABAD,229610.13,10/9/16,192853,5400.0
T423874,C8717032,M,PATNA,9117.54,17/8/16,145957,2719.0
T671243,C9025565,F,BANGALORE,22356.06,28/8/16,203641,851.26
T413836,C7216258,M,DHULE,17449.33,18/8/16,195611,8700.0
T427976,C2539723,F,AURANGABAD,116118.82,17/8/16,160804,2001.0
T914972,C8026220,M,MEDAK,635548.22,12/9/16,42717,10.44
T872396,C5393180,M,GHAZIABAD,787.05,8/9/16,202515,900.0
T343905,C7873391,M,KOLKATA,7526.43,14/8/16,120236,80.0
T253023,C5524671,F,BANGALORE,18982.71,12/8/16,123913,190.0
T756635,C6121062,M,JALANDHAR,68437.27,1/9/16,182513,100.0
T547835,C4216432,M,BANGALORE,62400.44,23/8/16,111944,134.57
T938277,C3417628,M,MANGALORE,22630.74,11/9/16,190702,1280.0
T281128,C3416367,F,BANGALORE,85767.34,11/8/16,95012,2296.0
T32393,C4926915,M,THANE,21391.49,25/9/16,211658,656.0
T1006947,C6219246,M,THANE BADLAPUR,8186.25,14/9/16,173119,1850.0
T247272,C9016663,M,UDAIPUR,9149.77,12/8/16,13514,50.0
T501415,C2237915,M,MUMBAI,29510.69,20/8/16,210547,1000.0
T99638,C1418643,F,AHMEDABAD,30405.92,1/8/16,200737,5995.0
T944488,C4262358,M,KOLKATA,32372.58,11/9/16,221317,1530.0
T105016,C5233476,M,KOLKATA,49716.4,1/8/16,202622,1595.0
T804603,C3426568,M,BLOCK BANGALORE,9469.67,5/9/16,202514,648.0
T165042,C7013022,M,GURGAON,416.54,4/8/16,133548,267.0
T623089,C8416968,M,SALEM,374047.32,28/8/16,113208,3866.0
T944815,C4312478,F,DELHI,12591.9,11/9/16,204153,30.0
T246960,C8129252,M,GURGAON,6252.33,7/8/16,142229,110.0
T693287,C6753030,M,GURGAON,416965.9,31/8/16,205135,560.0
T626277,C5013576,M,GONDA,8394.5,29/8/16,191426,500.0
T967650,C4573575,F,NAVI MUMBAI,50063.58,10/9/16,135644,1500.0
T951081,C8214618,M,DELHI,18181.91,10/9/16,215623,125.0
T746162,C4623058,M,NEW DELHI,35199.89,1/9/16,233638,3132.0
T916928,C1031344,F,MUMBAI,5076.76,12/9/16,213252,1165.0
T779154,C7829988,F,MUMBAI,1172.72,6/9/16,170248,251.0
T989368,C5197590,M,BANGALORE,16910.07,15/9/16,200400,580.0
T619207,C2717318,M,DELHI,15688.99,27/8/16,174719,438.02
T210313,C7517951,F,MUMBAI,121369.04,3/9/16,142354,2950.0
T365440,C8480363,M,BANGALORE,108516.51,14/8/16,203622,500.0
T111813,C8233812,F,BANGALORE,143660.09,6/8/16,110604,554.0
T1043661,C6210843,F,GURGAON,21556.72,18/9/16,81018,450.0
T239485,C7186954,F,80 FEET RD KORAMANGALA BANGALORE,39970.24,7/8/16,165138,2700.0
T338658,C3017661,M,GURGAON,105768.42,15/8/16,183405,794.0
T340631,C4311933,F,MUMBAI,52784.19,15/8/16,200158,2742.5
T739397,C7420466,M,DELHI,216477.17,2/9/16,194009,19936.0
T592721,C7025939,M,GURGAON,246918.34,25/8/16,151343,532.0
T946652,C2611470,F,MUMBAI,4717.7,11/9/16,203219,780.0
T587889,C7964026,M,NEW DELHI,4416.13,27/8/16,200302,200.0
T401092,C3094253,M,RANGAREDDY,6714.2,18/8/16,122138,200.0
T632623,C4312083,M,KOTTAYAM,10125.19,29/8/16,205115,220.0
T312635,C1141479,M,ASHOK NAGAR,9937.8,10/8/16,173437,800.0
T317395,C6957157,M,CHENNAI,29241.44,15/8/16,122213,45.0
T1039519,C3313540,F,MUMBAI,92157.31,18/9/16,142912,3344.78
T411890,C6361911,F,PARGANAS,8090.68,18/8/16,173442,30.0
T362556,C5216515,M,MUMBAI,184071.27,14/8/16,221222,3107.14
T448242,C8310744,M,KOLKATA,155285.52,16/8/16,170719,585.0
T506019,C6518130,M,BANGALORE,52191.88,20/8/16,222710,200.0
T368781,C3028425,F,BANGALORE,22148.31,13/8/16,92221,209.97
T1020238,C2311841,M,CHANDRAPUR DIST,35978.13,13/9/16,185754,200.0
T637043,C6423467,M,BANGALORE,6845.26,29/8/16,101813,200.0
T102394,C2611271,M,BHUBANESHWAR,157734.21,1/8/16,220534,15.0
T13036,C3788162,,MULUND WEST,65989.63,26/9/16,210819,336.52
T808879,C8032579,F,SECUNDERABAD,180802.0,5/9/16,200000,400.0
T655726,C3642464,M,TRICHY,5620.29,28/8/16,135537,705.0
T894408,C1745770,M,AMRITSAR,37347.36,7/9/16,134736,261.0
T1040799,C5911362,M,RUDRAPUR,8440.73,18/9/16,111737,72.0
T976304,C5479355,F,NEW DELHI,16379.25,15/9/16,154136,60.0
T901740,C2919627,F,GURGAON,8733.92,7/9/16,5816,212.68
T651997,C5511475,M,MARKET KIRIT NAGAR NEW DELHI,8121.84,31/8/16,131533,500.0
T813441,C5712927,M,JALANDHAR,210103.28,5/9/16,210033,2056.0
T322164,C5530815,M,GURGAON,114100.35,15/8/16,83116,100.0
T296113,C1020044,M,DELHI,89052.99,10/8/16,20645,494.0
T184532,C2232466,M,DELHI,385371.34,9/8/16,122818,1295.0
T470012,C1447792,F,NR LOTUS POND HYDERABAD,682074.76,21/8/16,161128,2000.0
T665044,C8712651,M,NEW DELHI,140231.43,31/8/16,82814,199.0
T858388,C7522732,F,NEW DELHI,69622.89,9/9/16,231549,750.0
T541670,C8614826,M,NEW DELHI,21501.41,23/8/16,111443,65.0
T545532,C6815480,F,FAZILKA,32568.26,24/8/16,172126,250.0
T177756,C2834156,M,PALAKKAD,7948.36,4/8/16,215512,754.0
T312403,C7135315,M,NALGONDA,9601.19,10/8/16,214945,55.0
T199329,C5828529,M,NEW DELHI,2932.54,8/8/16,3102,50.0
T814520,C4720772,M,GURGAON,9061.42,4/9/16,204734,300.0
T115161,C6263186,F,BANGALORE,571705.31,6/8/16,140145,190.0
T46627,C5842777,M,DEHRADUN,27852.19,3/8/16,124407,136.91
T847240,C7813858,F,DELHI,136.98,9/9/16,121655,200.0
T695369,C6934087,F,AGRA,4963.88,31/8/16,203230,8500.0
T178635,C5612627,M,SILVASSA,19251.26,4/8/16,214031,112.0
T31071,C8541081,M,MUMBAI,32197.84,26/9/16,132610,100.0
T147645,C6425417,M,AHMEDABAD,16198.96,4/8/16,15806,2895.0
T1021497,C3038842,F,THANE,384791.5,13/9/16,153344,4363.79
T197956,C4415715,M,K V RANGAREDDY,13063.82,9/8/16,210038,629.0
T55529,C4228952,M,THANE,86132.28,3/8/16,182857,5000.0
T773633,C1319452,M,GURGAON,100660.92,6/9/16,184727,500.0
T963541,C6820472,M,AMBANI HIGH SCHOOL SURAT,48575.95,10/9/16,155943,1398.0
T338177,C3514232,M,GURGAON,91708.12,15/8/16,141244,1000.0
T393473,C5018238,M,ERNAKULAM,20070.49,13/8/16,193949,70.0
T349705,C1013569,M,NASHIK,3122.67,14/8/16,121625,100.0
T111258,C2527417,F,GURGAON,9610.18,6/8/16,163120,150.0
T549249,C7221261,M,BANGALORE,279132.3,23/8/16,134953,2649.0
T987190,C2526951,M,FARIDABAD,63207.57,15/9/16,202151,448.0
T921183,C4412148,F,NEW DELHI,603.98,12/9/16,211958,285.0
T373777,C6087872,M,NEW DELHI,695923.28,13/8/16,141908,2529.0
T116938,C3521518,F,PATHANKOT,5032.44,6/8/16,151652,1000.0
T899251,C8311671,F,THANE,124082.1,7/9/16,11540,500.0
T213022,C5866661,M,KANNUR,48247.19,8/8/16,101454,1159.0
T868423,C6640071,M,BANGALORE,37930.14,8/9/16,154140,100.0
T305089,C2022283,F,DARJEELING,184.03,10/8/16,172814,650.0
T122329,C8642883,M,BIKANER,17034.94,6/8/16,164209,45.0
T324191,C3218356,M,MANDI,5253.56,15/8/16,154922,40.0
T553805,C1532887,M,DELHI,204.17,23/8/16,180334,460.0
T265326,C5841612,M,DELHI,8173.79,12/8/16,200449,200.0
T205433,C3022172,M,JAMNAGAR,15303.19,8/8/16,142914,50.0
T467561,C7135181,F,THANE,32651.66,21/8/16,135524,716.0
T345538,C3651646,M,VADODARA,23491.02,14/8/16,52322,196.0
T241452,C3136117,F,KOCHI,173.91,7/8/16,184734,340.0
T591799,C9028968,M,BULANDSHAHR,22195.7,27/8/16,223851,205.0
T266499,C3686742,F,DELHI,5577.93,3/9/16,121931,709.0
T782125,C1737183,M,GORAKHPUR,27285.72,6/9/16,143851,100.0
T952483,C1136586,M,ERNAKULAM,7157.62,10/9/16,195402,2490.0
T842923,C6925331,M,NEW DELHI,1629378.7,9/9/16,133755,628.05
T489643,C5232469,M,SURAT,30455.92,20/8/16,193758,300.0
T724036,C5362066,M,LUDHIANA,37893.43,2/9/16,5533,1238.0
T814891,C3726129,F,MUMBAI,15883.64,4/9/16,195834,1545.0
T698442,C2015164,F,PUNE,1170444.01,30/8/16,114104,10146.0
T161605,C4987620,F,DELHI,9701.78,5/8/16,215240,259.0
T751439,C7134674,M,PUNE,304167.64,1/9/16,195820,1320.0
T969593,C7929042,M,NEW DELHI,107022.36,10/9/16,101943,62.44
T503592,C4917787,F,HYDERABAD,4577.2,19/8/16,143454,150.0
T245826,C6211717,M,NEW DELHI,13293.4,7/8/16,182607,877.0
T33495,C8014027,M,GHAZIABAD,8212.79,25/9/16,210212,1239.8
T401380,C3414185,M,THANE,24501.37,18/8/16,145835,219.02
T305047,C8269123,M,MUMBAI,34610.51,10/8/16,120249,750.0
T445899,C6121260,M,DELHI,99.6,16/8/16,113317,149.0
T124996,C1127126,M,NEW DELHI,8959.91,6/8/16,193515,1906.0
T876489,C8613888,M,CHENNAI,118152.51,8/9/16,203214,957.0
T325580,C4629716,M,BANGALORE,312083.71,15/8/16,151613,6999.0
T112064,C4422965,M,CHENNAI,5784.97,6/8/16,104136,680.0
T79480,C5238837,M,THANE,21491.14,2/8/16,213052,775.0
T1003840,C4238870,F,NEAR BARDHAMAN,37712.17,14/9/16,192559,674.0
T479316,C6926273,F,NEW DELHI,27235.49,20/8/16,124716,55684.0
T781092,C8633620,F,KOLKATA,18666.04,6/9/16,174037,1709.0
T880204,C2922438,F,CHENNAI,204.65,7/9/16,202317,241.0
T514450,C4042720,M,DELHI,152.88,19/8/16,180529,5000.0
T392773,C7922775,M,RAJKOT,26176.31,13/8/16,224228,607.0
T266374,C1824719,F,KUWAIT,525829.42,3/9/16,123601,29334.0
T1008859,C7815091,F,NOIDA,4820.33,14/9/16,185600,400.0
T23111,C7913414,M,LALITPUR,93632.92,23/9/16,203659,2986.5
T572822,C8132868,M,NEW DELHI,72351.13,27/8/16,15217,20.45
T370020,C1940314,M,DELHI,63332.62,14/8/16,154638,370.0
T578127,C6337178,F,NEW DELHI,58101.35,27/8/16,130652,1600.0
T336270,C9093124,F,NASHIK,6928.67,15/8/16,222253,2248.5
T954843,C3917688,F,NOIDA,67519.04,10/9/16,221438,900.0
T411618,C6637746,M,BANGALORE,2819.56,18/8/16,203805,112.0
T2780,C6311011,M,NAGPUR,395208.93,21/10/16,163219,2773.0
T996253,C6195814,M,CRAWFORD MARKET MUMBAI,160659.65,14/9/16,122925,202.76
T670834,C3933712,M,GARDEN MUMBAI,28969.67,28/8/16,154137,50.0
T185153,C5837365,M,KATNI,10948.78,9/8/16,152843,200.0
T820756,C5641147,M,NO 3 KALYANI NAGAR PUNE,12851.97,4/9/16,200537,647.0
T219084,C6374175,M,GURGAON,8847.36,7/8/16,22557,100.0
T962401,C1141974,M,PUNE,10613.14,10/9/16,151546,4068.31
T1032476,C4335922,M,DELHI,627.84,18/9/16,184338,255.0
T883460,C3087721,M,MUMBAI,16258.36,8/9/16,223848,504.0
T975265,C7433252,M,DELHI,3927.08,10/9/16,94251,1250.0
T327010,C9025642,M,BANGALORE,27347.32,15/8/16,180246,269.0
T490964,C3840930,M,MUMBAI,19386.78,20/8/16,141416,873.0
T707408,C2434042,F,CHENNAI,60908.88,31/8/16,173123,1185.0
T594333,C6415270,M,CHAMOLI,6346.56,26/8/16,154714,99.0
T911123,C7238649,M,GORAKHPUR,72980.37,12/9/16,102913,972.0
T176206,C6264489,M,MUMBAI,10910.87,9/8/16,2824,700.0
T110636,C6778338,M,ANDHERI (W) MUMBAI,121595.43,6/8/16,144234,9890.0
T1795,C6312279,M,BANGALORE,7920.13,21/10/16,222602,300.0
T1022450,C1938052,M,EAST GODAVARI,11074.13,13/9/16,185717,500.0
T905760,C3331051,F,TELANGANA,25837.93,12/9/16,161449,3900.0
T1040254,C2839024,M,BANGALORE,112082.88,18/9/16,111137,1100.0
T575204,C8540480,M,MUMBAI,12738.99,22/8/16,235433,240.0
T378159,C8928350,M,BHARUCH,57041.45,13/8/16,170943,75.0
T746224,C2718191,M,DELHI,3326.31,1/9/16,223505,900.0
T86072,C8520219,M,PANCHKULA,9990.54,1/8/16,110817,400.0
T156143,C8517842,M,DEHRADUN,2575.25,3/9/16,153558,160.0
T856076,C2885974,F,JAIPUR,56704.07,9/9/16,200556,8698.0
T171255,C3418884,F,DELHI,88053.57,4/8/16,124929,757.0
T180909,C6841815,F,NEW DELHI,17042.91,9/8/16,102856,273.0
T205278,C1115723,M,MUMBAI,113253.69,8/8/16,103950,339.0
T929076,C5031535,F,COIMBATORE,48410.04,11/9/16,130052,1238.0
T106773,C7228964,M,KHURDA-ORISSA,57455.86,1/8/16,230551,220.0
T318433,C1230667,M,BHUBANESHWAR,6596.99,10/8/16,210416,6222.0
T991098,C7514080,M,GEORAI BEED,23297.44,15/9/16,204546,100.0
T476232,C4337230,M,RANCHI,178610.9,21/8/16,150959,700.0
T453063,C3632616,M,SOLAN,1493.84,21/8/16,93237,6999.0
T348056,C4131048,M,PAPE JEANS PATNA,151806.22,15/8/16,232728,90.0
T650983,C2216572,M,NEW DELHI,80868.78,31/8/16,164613,2500.0
T384885,C2341315,F,BANGALORE,10561.4,13/8/16,130416,2847.0
T26631,C8654461,M,BHILWARA,199.08,27/9/16,170237,99.0
T713423,C7634683,M,VILLUPURAM,7341.01,3/9/16,175116,1095.0
T643137,C4834782,M,TRICHY URBAN,28651.94,29/8/16,70210,1896.0
T609949,C5823319,M,BANGALORE,84171.31,26/8/16,113500,93.0
T348193,C7924792,M,HYDERABAD,34245.14,14/8/16,131027,155.0
T729615,C5922187,M,BANGALORE,133619.99,2/9/16,115753,2800.0
T285986,C2342019,M,MUMBAI,425379.78,11/8/16,142628,2901.0
T460986,C8392252,M,MORADABAD,4366.89,16/8/16,215146,100.0
T165497,C4829117,F,KOLKATA,3271.89,4/8/16,200257,305.0
T144715,C2269176,M,BANGALORE,47030.69,5/8/16,203614,950.0
T153426,C6722292,F,GURGAON,281540.44,4/8/16,132133,1107.38
T537905,C1712322,M,NORTH 24 PARGANAS,13027.49,24/8/16,182821,320.0
T329970,C6412426,M,NEW DELHI,14435.42,15/8/16,130624,2378.05
T350027,C3040840,M,MUMBAI,183302.15,14/8/16,160905,1890.0
T151722,C4314525,M,DELHI,16228.48,5/8/16,195602,100.0
T298445,C2124084,F,CHANDIGARH,1672.68,11/8/16,224013,390.0
T156541,C7114680,F,NOIDA,134523.2,3/9/16,154400,177.14
T682611,C8514920,M,GURGAON,12.89,29/8/16,224940,420.0
T361277,C2429716,F,DELHI,1388.68,14/8/16,175945,30.0
T574968,C1433341,M,NEW DELHI,149972.85,27/8/16,131322,108.0
T736473,C3022273,F,DELHI,31.02,2/9/16,164813,259.0
T762021,C5798390,F,NELLORE,96.72,1/9/16,124424,68.0
T132343,C4738287,M,FARIDABAD,3357.07,5/8/16,91214,15290.0
T566789,C6759658,M,GWALIOR,643.21,27/8/16,161630,1702.0
T18942,C2921821,F,THANE,103293.77,26/9/16,142759,2499.5
T617130,C2739376,M,NEW DELHI,49576.41,26/8/16,214319,9.0
T855808,C2748577,M,GHAZIABAD,238682.07,9/9/16,195208,8801.0
T490149,C5218169,M,MUMBAI,299247.41,20/8/16,180635,3936.3
T43091,C2436155,M,NAGAR ROAD PUNE,1746.63,3/8/16,1215,300.0
T725983,C1871350,M,EAST GODAVARI,6910.75,2/9/16,72343,699.81
T534798,C3136471,M,DELHI,1887.89,22/8/16,94807,1998.0
T430057,C4272789,M,MUMBAI,10587.4,17/8/16,204657,971.2
T959270,C6027015,M,GURGAON,23801.2,10/9/16,211001,500.0
T302196,C7337251,F,PATIALA,1906.0,10/8/16,143528,736.0
T481190,C8211853,M,GURGAON,134026.06,21/8/16,203433,731.0
T76410,C6333742,M,THANE,3917.53,2/8/16,204908,250.0
T760646,C4924056,M,MUMBAI,304106.23,1/9/16,154217,255.0
T548372,C6915838,M,SURAT,89983.91,24/8/16,222313,428.0
T479577,C4226011,M,NEW DELHI,22798.94,21/8/16,221430,215.0
T482709,C1930178,F,GURGAON,31985.25,20/8/16,122954,200.0
T867343,C6528862,M,BANGALORE,21759.93,8/9/16,141321,122.0
T670140,C4425271,M,BANJARA HILLS HYDERABAD,423805.45,28/8/16,151733,240.0
T948815,C3934121,M,AHMEDABAD,13868.52,10/9/16,203623,586.23
T297997,C4621033,F,RAIPUR,1758.36,11/8/16,224010,100.0
T941387,C5929482,M,NOIDA,714.42,11/9/16,215202,80.0
T1486,C5011440,M,DELHI,19817.96,21/10/16,204102,758.0
T715665,C2293985,F,NAVI MUMBAI,3119.82,3/9/16,194545,279.64
T869069,C3216040,M,MUMBAI,779.24,8/9/16,170557,1222.0
T264133,C8429125,F,GURDASPUR,14494.24,12/8/16,200135,252.0
T887597,C7940453,F,KANCHIPURAM,0.64,7/9/16,194607,1326.0
T1045719,C1625845,M,MUMBAI,30544.73,18/9/16,130158,1000.0
T565871,C8236151,M,LUCKNOW,22059.45,22/8/16,133718,500.0
T20124,C5340611,M,NEW DELHI,400549.58,23/9/16,202641,632.0
T329137,C2718480,F,DELHI,3852.04,15/8/16,161440,50.0
T409526,C7932425,F,THANE,45744.99,18/8/16,201257,799.0
T417778,C1842713,M,KOLKATA,4470.81,17/8/16,85702,1578.0
T615932,C4293169,M,MANGALAGIRI,70427.6,25/8/16,81930,259.0
T695968,C5876569,F,VAPI,59981.12,31/8/16,213838,324.0
T832718,C5883815,F,VISAKHAPATNAM,358.99,4/9/16,122857,548.13
T616335,C2919418,M,BANGALORE,10123.33,26/8/16,40504,20.0
T666844,C6319136,M,NOIDA,82344.63,28/8/16,165820,1899.0
T1038843,C6745068,F,RANGA REDDY,11198.49,18/9/16,163752,560.0
T455226,C4482142,M,SONIPAT,12830.67,16/8/16,213902,30.0
T302300,C1838833,M,HYDERABAD,12606.96,10/8/16,102029,40.0
T920422,C3840259,M,MUMBAI,121346.54,12/9/16,234721,1674.0
T418181,C8332068,M,MEERUT,87.75,17/8/16,2016,49.0
T98554,C2227185,F,DURGAPUR,3450.05,1/8/16,163333,2000.0
T913312,C2626742,M,GURGAON,1046640.54,12/9/16,180311,495.0
T215302,C5320364,M,GHAZIABAD,412445.51,8/8/16,201918,7835.0
T749550,C6071029,F,FARIDABAD,16326.93,1/9/16,215209,1526.0
T219257,C8022871,M,NOIDA,1215579.37,8/8/16,193010,7535.0
T328850,C2742075,M,BAMBOLIM,10317.46,15/8/16,150401,407.0
T275476,C2820311,M,MUMBAI,1064.26,12/8/16,225357,1869.0
T587785,C5942271,F,BANGALORE,38391.8,27/8/16,205153,3910.0
T839973,C1112431,F,JHUNJHUNU,370064.54,9/9/16,161734,96.0
T716498,C1733190,M,BANGALORE,21074.13,3/9/16,191525,239.0
T967254,C8511979,M,NOIDA,93863.96,10/9/16,111927,187.0
T72157,C1714530,M,NOIDA,12206.84,2/8/16,145544,325.0
T29887,C6421936,M,NOIDA,2396.52,26/9/16,121203,35.0
T275515,C1333729,M,GURGAON,30033.84,12/8/16,222347,71.0
T1045326,C4396532,M,MUMBAI,8163.8,18/9/16,4426,641.0
T400450,C5719069,M,SAVEDI AHMEDNAGAR,331.01,18/8/16,22619,93.0
T956153,C1212813,M,GORAMATI,3967.1,10/9/16,193732,477.0
T400549,C6725649,M,NEW DELHI,88562.03,18/8/16,120015,125.0
T371200,C2633184,M,NEW DELHI,9933.19,14/8/16,221831,623.28
T580345,C2032526,F,MUMBAI,112830.72,27/8/16,141623,1622.86
T811628,C6224966,F,NEW DELHI,133765.58,5/9/16,205938,5000.0
T368627,C2619881,M,DUNDAHERA GURGAON,59361.06,14/8/16,193118,1425.0
T609856,C6226784,M,TRIVANDRUM,169964.53,26/8/16,134113,2000.0
T509448,C8823229,F,URAN NAVI MUMBAI,4444866.86,19/8/16,131208,1598.0
T1046310,C8319316,M,MUMBAI,32793.39,18/9/16,104808,1299.0
T24734,C7421156,M,PATIALA,8341.43,26/9/16,173851,20.0
T110208,C5623334,M,NAVIMUMBAI,2328.85,6/8/16,72938,49.0
T131019,C3130746,M,NAMAKKAL DT,5326.4,5/8/16,4727,250.0
T1028800,C3218231,M,NEW DELHI,10533.88,13/9/16,121052,259.0
T564276,C5328563,M,GURGAON,82131.56,22/8/16,153753,658.0
T194281,C3530991,M,AHMEDABAD,2606.66,9/8/16,200655,200.0
T615400,C8825855,M,VADODARA,13801.31,26/8/16,224959,20.0
T190038,C4633192,M,VISAKHAPATNAM,5579.13,9/8/16,190921,150.0
T850486,C4041089,M,DELHI,1255.83,9/9/16,93840,700.0
T188158,C4935772,F,FLORIDA,1083.76,9/8/16,140015,149.0
T6438,C5313562,F,SARJAPUR MAIN RD BANGALORE,361.81,25/9/16,202713,265.0
T976976,C5529761,M,RUDRAPUR,6452.34,15/9/16,114648,455.0
T287417,C3224674,F,PUNE,889759.3,11/8/16,180922,8800.0
T642816,C5237290,F,GURGAON,73640.23,25/8/16,203657,467.0
T193788,C5723088,M,AHMEDABAD,0.65,9/8/16,212257,723.46
T862157,C6620391,M,JALANDHAR,5202.13,8/9/16,125234,1500.0
T930256,C3337759,M,NEW DELHI,87483.89,11/9/16,153503,204.0
T184415,C3571345,M,BHOPAL,3396.71,9/8/16,114446,545.73
T506304,C3628415,M,NEW DELHI,10260.06,20/8/16,214342,500.0
T612970,C9015681,F,KOTTAYAM,17286.75,26/8/16,94953,128.02
T38435,C5738121,M,NEW DELHI,12037.88,27/9/16,194043,400.0
T154450,C7729990,M,PANCHKULA,18136.39,5/8/16,204448,943.0
T1180,C1739525,F,LUDHIANA,15128.88,21/10/16,211343,27.0
T846254,C2862049,M,MUMBAI,38425.95,9/9/16,130242,550.0
T563752,C4942079,M,NAGPUR,61968.92,27/8/16,170546,500.0
T194119,C1925411,M,MUMBAI,4553.78,9/8/16,210600,124.0
T430032,C2234729,M,ROPAR,1892.42,17/8/16,192754,510.0
T1029460,C3221991,M,SIVAGANGAI TK,13.58,13/9/16,162432,1050.0
T802147,C1228917,M,GHAZIABAD,30334.94,5/9/16,183423,289.0
T802148,C4067581,M,CHENNAI,104.8,5/9/16,183427,308.0
T988878,C4574311,M,CHENNAI,2641.39,15/9/16,60748,265.0
T408409,C8118691,M,OPP HERITAGE BANGALORE,3458666.34,18/8/16,211206,599.0
T553641,C3910545,M,CHENNAI,814192.32,23/8/16,182349,1380.0
T858721,C7934492,M,MUMBAI,20545.43,9/9/16,224520,767.0
T466196,C4424858,M,MUMBAI,40470.35,21/8/16,130729,792.0
T651317,C3422515,M,BANGALORE,19273.02,31/8/16,170713,400.0
T528218,C5659518,M,BANSWARA,41163.38,24/8/16,124749,111.5
T855278,C2028537,M,PRAKASAM DIST (AP),19651.69,9/9/16,195455,269.0
T691890,C7615992,F,BAKROL,13560.97,30/8/16,155735,1700.0
T92204,C3712144,M,DELHI,52.51,22/9/16,114946,864.0
T474440,C1926523,M,PANCHKULA,6493.65,21/8/16,211708,1000.0
T499120,C6915138,M,POINTS HOTEL VADGAON SHERI PUNE,564.66,20/8/16,210308,197.0
T268224,C6928177,M,BANGALORE,94649.0,12/8/16,115903,306.0
T303992,C8333745,M,NOIDA,208236.98,10/8/16,141710,500.0
T880378,C8386379,M,JAIPUR,169931.71,7/9/16,215727,1814.0
T416665,C2428156,M,NEW DELHI,341588.56,17/8/16,81216,709.52
T618982,C2234712,M,ADILABAD,6687.78,25/8/16,182109,1291.0
T981531,C6613591,M,PANTNAGAR,10735.98,15/9/16,101624,97.0
T814554,C7333548,M,GURGAON,9726.63,4/9/16,200630,500.0
T762490,C3742536,M,BANGALORE,7650.53,1/9/16,144742,1500.0
T48170,C2429316,F,INDORE,190564.17,3/8/16,144739,7493.0
T742815,C3633485,M,THANE,9632.96,2/9/16,184332,3261.93
T395137,C2128073,M,SHITAL NAGAR SOCIETY SURAT,439124.03,13/8/16,205408,499.0
T238580,C5815325,M,GAUTAM BUDH NAGAR,482.92,7/8/16,164155,303.0
T460567,C5729477,M,HARIDWAR,10690.25,21/8/16,160702,208.0
T85471,C4991614,M,KANCHEEPURAM,4470.04,1/8/16,154534,1574.0
T910152,C4564125,F,GANDHI NAGAR,19994.02,12/9/16,115735,600.0
T142714,C1826960,F,KURLA (W) MUMBAI,32576.91,5/8/16,130305,100.0
T992690,C4738214,M,THANE,8986.53,15/9/16,193318,1500.0
T97917,C6217379,M,AGRA,91977.95,1/8/16,203512,1000.0
T93546,C9020325,F,BANGALORE,5382.61,22/9/16,125147,600.0
T880520,C4423948,M,RUDRAPUR,79629.97,7/9/16,204201,50.0
T312614,C2926351,M,DELHI,28770.96,10/8/16,182908,650.0
T247485,C7632181,M,SRIPERUMBUDUR,7977.26,7/8/16,235017,47.0
T970129,C2334676,M,MUMBAI,5019822.51,10/9/16,112840,3150.0
T82596,C7810089,M,CHANDIGARH,34123.27,1/8/16,65844,1000.0
T971185,C7937383,F,BANGALORE,1592988.2,15/9/16,153748,490.0
T560951,C1190249,M,KENDRAPARA,118.54,22/8/16,225208,200.0
T542984,C6431433,M,NARWANA,112983.22,23/8/16,202238,40.0
T449657,C3035589,F,BANGALORE,26674.03,16/8/16,133226,39.0
T74882,C1119824,M,NEW DELHI,10108.03,2/8/16,193905,300.0
T81903,C3512424,M,MUMBAI,23333.96,1/8/16,53822,500.0
T517503,C2557463,F,CHENNAI,81980.91,24/8/16,34141,110.0
T87502,C2419258,M,DELHI,5050.48,1/8/16,102007,100.0
T83946,C8911831,M,NOIDA,2345.64,1/8/16,81305,400.0
T281758,C3923451,F,MUMBAI,16213.85,11/8/16,155642,150.0
T961608,C7325424,M,MUMBAI,716802.06,10/9/16,182920,60.0
T755438,C2715317,M,GURGAON,17446.73,1/9/16,194814,7481.0
T544896,C2414726,M,MEHSANA,27410.1,23/8/16,205411,80.0
T688608,C3926236,M,MOGA,12309.76,30/8/16,152833,2008.0
T974953,C7235791,M,BANGALORE,89777.85,10/9/16,100328,1000.0
T751875,C5723833,M,NOIDA,43.11,1/9/16,205402,105.0
T893833,C4510624,M,MEERUT,45856.24,7/9/16,140450,712.0
T46126,C5221013,M,PURI,772.7,3/8/16,123609,2000.0
T859314,C6717745,M,BULANDSHAHR,40521.03,8/9/16,80649,164.0
T684360,C4255868,M,KOLKATA,18987.7,30/8/16,223619,28.0
T545832,C7914438,M,CHENNAI,27021.05,23/8/16,113007,1600.0
T713317,C4632288,M,HYDERABAD,87108.48,3/9/16,185253,220.0
T57152,C7720668,F,K V RANGAREDDY,9807.66,3/8/16,202745,280.0
T740197,C2529063,M,KOLKATA,23402.22,2/9/16,200213,947.0
T716050,C4441662,M,NATIONAL BANK BURDWAN,5782.57,3/9/16,100315,50.0
T582541,C4912545,M,MUKTSAR,19040.29,23/8/16,140229,747.0
T760946,C7917661,M,NEW DELHI,14916.95,1/9/16,165650,700.0
T536506,C3142346,M,DELHI,9423.81,24/8/16,194031,1109.0
T104893,C3419433,M,HOSUR,4495.23,1/8/16,210503,122.0
T389175,C3325778,F,THANE,1254998.35,13/8/16,182634,95.0
T401798,C8233275,M,LUCKNOW,31042.34,18/8/16,134558,500.0
T970256,C1451273,F,KALYANI,122040.51,10/9/16,151232,4476.0
T739986,C5415563,M,NEW DELHI,41213.22,2/9/16,213125,300.0
T753607,C1720669,M,MUMBAI,10109.69,1/9/16,182305,100.0
T196873,C1526285,M,INDORE,2201.95,9/8/16,193623,80.0
T1016394,C3417541,M,MUMBAI,362.6,13/9/16,182005,663.0
T67352,C1436634,M,DELHI,4.75,2/8/16,115524,220.0
T560151,C3522650,M,MUMBAI,65241.09,27/8/16,853,195.0
T1031694,C7034540,M,NOIDA,56951.98,13/9/16,100056,150.0
T1021997,C1170547,M,NAVI MUMBAI,15852.26,13/9/16,152733,5694.63
T75968,C2875855,M,DELHI,1263917.12,2/8/16,173303,1200.0
T795797,C7629354,M,BANGALORE,34120.43,5/9/16,145231,851.0
T240143,C4224612,F,KOLKATA,4800.85,7/8/16,143837,880.0
T756831,C1316484,M,KOLKATA,58948.73,1/9/16,181536,1445.0
T560340,C5338232,M,CHENNAI,52591.57,22/8/16,154333,760.0
T351123,C3194912,M,AMRITSAR,76181.97,14/8/16,131832,600.0
T222128,C3216231,M,NEW DELHI,23.46,8/8/16,213948,878.5
T509294,C7418311,F,BANGALORE,486416.74,19/8/16,175617,313.0
T613013,C2221039,F,MUMBAI,150729.36,25/8/16,73921,38.0
T36133,C8932067,M,BANGLORE,11461.07,27/9/16,3627,500.0
T809458,C5822088,M,THRISSUR,53931.4,5/9/16,192301,6700.0
T223431,C3451082,M,GANJAM,3617.76,7/8/16,103733,19.0
T108917,C5518324,F,NOIDA,7.67,6/8/16,1017,50.0
T606585,C3853757,M,DELHI,26.36,25/8/16,104427,100.0
T456266,C7031171,F,VIDISHA,24487.45,16/8/16,203335,125.0
T932215,C2519639,M,KANNIYAKUMARI,154.24,11/9/16,164319,149.0
T332800,C7634781,M,NEW DELHI,109444.75,15/8/16,154532,908.0
T858329,C2930014,M,CHENNAI,6985.37,8/9/16,94959,1069.0
T24567,C6833840,F,MUMBAI,26334.15,26/9/16,171615,1160.0
T345959,C6575568,M,BANGALORE,49988.62,14/8/16,152851,565.0
T223117,C7735881,F,GURGAON,25960.87,8/8/16,205640,300.0
T813862,C1125737,M,GURGAON,22181.44,4/9/16,200548,2499.0
T835546,C4168164,M,GURGAON,494723.4,4/9/16,133724,45487.0
T201366,C3431033,M,MUMBAI,47073.59,9/8/16,214312,300.0
T8925,C6114912,M,BARMER,4973.2,27/9/16,54030,8.99
T201262,C8541583,M,BENGALURU,11564.33,9/8/16,223325,530.0
T99799,C1324527,M,NOIDA,15428.45,1/8/16,184335,427.0
T514392,C4664329,M,NAINITAL,8.23,19/8/16,170816,100.0
T796806,C3436514,M,WEST GODAVARI,4606.29,5/9/16,131524,460.0
T86148,C2981412,M,ASHOK NAGAR MUMBAI,5582.33,1/8/16,112622,3826.0
T160966,C3120616,F,BANGALORE,8231.83,4/8/16,154232,164.65
T1017898,C8732748,M,MOHALI,4755.81,13/9/16,191937,1800.0
T548482,C2016489,F,AMROHA,27470.01,23/8/16,194616,1110.0
T826456,C8022536,F,NOIDA,103023.35,4/9/16,140706,5100.0
T584594,C6242466,F,BANGALORE,80013.14,27/8/16,121758,300.0
T352686,C2841641,M,GOPALGANJ,17044.68,14/8/16,114821,7680.0
T570739,C6179281,M,JIND,17696.15,22/8/16,134412,1000.0
T716693,C6341521,M,BIJAPUR,14144.57,3/9/16,194443,1.0
T86018,C7219181,M,PATNA,515322.83,1/8/16,95131,25.0
T801747,C5741488,F,CHENNAI,41851.85,5/9/16,192130,200.0
T899223,C8765514,M,NASHIK,30041.3,7/9/16,23244,50.0
T640041,C1888125,M,NEW DELHI,1844.41,25/8/16,215908,1020.0
T358930,C6827531,M,MUMBAI,3232.83,14/8/16,163712,600.0
T425130,C5316451,M,KANNIYAKUMARI,2986.94,17/8/16,162411,30.0
T256769,C3424335,M,BORIVALI WEST MUMBAI,5513.03,12/8/16,73726,20.0
T16488,C3941332,F,GUNTUR,8795.79,26/9/16,192202,50.0
T146970,C1234057,M,KOLKATA,3033.69,5/8/16,192918,5499.0
T365727,C6817141,M,NEW DELHI,1146726.4,14/8/16,195205,1781.0
T455944,C8640084,M,DELHI,3335.25,16/8/16,184755,20.0
T99146,C7755589,M,ROAD PUNE,2149.72,1/8/16,171436,295.0
T116423,C4918968,M,NEW DELHI,112817.18,6/8/16,144907,6585.0
T398174,C3126946,M,LUCKNOW,21566.61,18/8/16,115105,1025.0
T615733,C7410551,M,MUMBAI,39148.05,22/8/16,232350,2785.63
T940061,C7737662,M,BANGALORE,39570.43,11/9/16,191258,331.0
T558736,C4235679,M,DELHI,6116.18,22/8/16,161527,49.0
T56146,C7036952,M,NEW DELHI,161193.96,3/8/16,192533,1200.0
T150505,C7870254,M,NAVI MUMBAI,16068.09,4/8/16,759,150.0
T1032906,C5039732,M,GANDHINAGAR,1300169.77,13/9/16,95124,25.0
T768976,C1229576,M,BEHROR,124.23,1/9/16,110132,3000.0
T103163,C2430261,F,KAITHAL,31884.0,1/8/16,211424,2.0
T38241,C4736855,M,KOLKATA,4567.65,27/9/16,194943,171.0
T122887,C7125057,M,DELHI,19130.8,6/8/16,193717,8751.0
T885897,C5585570,F,GURGAON,854509.29,7/9/16,201147,118.0
T515835,C3428532,M,NEW DELHI,920948.94,24/8/16,34757,618.75
T708342,C3410675,M,AHMEDABAD,106475.17,3/9/16,81432,25.0
T291596,C4928492,M,FAIZABAD,956.18,11/8/16,183059,500.0
T649526,C4035758,M,SALEM,7237.83,25/8/16,131516,6797.0
T9715,C6518445,M,BARMER,10421.58,22/9/16,133443,637.0
T236792,C6037538,M,ADOOR,2262.19,7/8/16,154952,499.64
T541245,C5110688,M,GHAZIABAD,194713.81,23/8/16,72256,221.59
T730169,C6411724,M,NOIDA,796764.91,2/9/16,132854,1912.84
T354057,C8313850,F,GANGTOK,16234.32,14/8/16,190020,91.0
T397980,C1612074,M,KOLKATA,154508.76,13/8/16,202015,237.0
T460952,C3217320,M,DELHI,15351.88,21/8/16,113207,839.28
T479081,C4214733,M,NOIDA,1298870.46,21/8/16,201704,1400.0
T115782,C3111968,M,JAMMU,3083.64,6/8/16,131753,2458.0
T639832,C7642443,M,CHENNAI,12240.35,25/8/16,201535,5258.0
T94227,C8929960,M,GURGAON,50156.13,1/8/16,151616,1170.0
T17215,C2113927,M,JODHPUR,17701.92,26/9/16,164301,686.98
T264865,C1114289,M,KANGRA,31421.29,12/8/16,110316,243.0
T742673,C3931287,M,MUMBAI,11697.0,2/9/16,215204,105.0
T652908,C6542186,F,GUWAHATI,10606.07,31/8/16,165430,481.0
T625327,C3535179,M,SIVAGANGAI,10923.01,29/8/16,205312,1299.0
T195017,C9025077,M,THANE,9897.39,9/8/16,144722,1500.0
T460213,C2015714,M,BANGALORE,61776.25,21/8/16,172325,1050.0
T20626,C3222374,F,LUDHIANA,40020.59,23/9/16,194133,30.0
T614013,C5134836,M,MUMBAI,76.67,27/8/16,185906,200.0
T897063,C1436534,M,SINGHWARA,32300.24,7/9/16,130545,263.0
T620546,C8240076,M,JALANDHAR,8704.67,25/8/16,173252,521.08
T1019030,C6918427,M,ALUVA,10890.43,13/9/16,201441,2067.75
T132967,C5216224,M,PANIPAT,116.64,6/8/16,205928,496.64
T502482,C4968229,M,PILANI,106747.6,20/8/16,201827,920.0
T150705,C7453950,M,JAIPUR,10050.67,4/8/16,30008,3000.0
T504722,C4639926,M,INDORE,53.86,20/8/16,232054,39.0
T554457,C6916348,M,CHANDIGARH,25003.14,23/8/16,185708,391.0
T986717,C6135222,M,GHAZIABAD,2350.53,15/9/16,182858,910.0
T489973,C5120738,M,NEW DELHI,86527.3,20/8/16,143621,1520.0
T118412,C6516059,M,TALALA,38660.49,6/8/16,154304,36.0
T159829,C6728586,M,NOIDA,9408.91,4/8/16,110929,879.0
T32827,C8088155,M,GREATER NOIDA,23696.55,25/9/16,204956,463.0
T521637,C6531181,M,PUNE,1010.6,24/8/16,111146,30.0
T760353,C8915386,M,MUMBAI,11880.34,1/9/16,155357,300.0
T987208,C2813480,F,NORTH 24 PARGANAS,1615.76,15/9/16,191638,4680.0
T459035,C6041466,M,MUMBAI,19545.03,21/8/16,21555,1782.0
T185193,C7626190,F,INDORE,54588.86,9/8/16,150559,13225.0
T558098,C7023387,M,NEW DELHI,780628.14,23/8/16,133824,1000.0
T100093,C6921086,M,JALANDHAR,68437.27,1/8/16,193454,2790.0
T773864,C7311592,M,PONDICHERRY,1268.38,6/9/16,215244,130.0
T85234,C6125464,M,HOSUR,9107.29,1/8/16,92344,451.0
T812599,C2040487,F,BILASPUR,11316.72,5/9/16,225333,160.0
T176001,C7342785,F,JAIPUR,80591.05,4/8/16,200707,914.0
T1033390,C1441918,M,MUMBAI,7.11,18/9/16,180018,270.0
T764978,C4320145,F,AURANGABAD,258766.05,1/9/16,104235,100.0
T79488,C6390814,M,MUMBAI,41596.67,2/8/16,205210,255.0
T569647,C7429252,M,MUMBAI,18223.63,22/8/16,193224,599.0
T345317,C2439181,F,NEW DELHI,273162.94,14/8/16,145931,1250.0
T823003,C4591819,M,GURGAON,12798.69,4/9/16,175923,10000.0
T839851,C1110647,M,GURGAON,11637.94,9/9/16,182920,1500.0
T367583,C6535977,M,JAIPUR,195910.15,14/8/16,193625,1391.0
T199625,C2634672,M,ROHINI,30017.4,9/8/16,232827,15000.0
T199810,C4431586,M,BHOPAL,126140.01,9/8/16,215415,113.4
T940014,C1220049,F,NEW DELHI,4.0,11/9/16,180552,445.25
T964163,C5845226,M,DEHRADUN,3022.29,10/9/16,120258,200.0
T584427,C2530679,M,HYDERABAD,6508.5,27/8/16,162333,284.0
T280479,C4928317,M,K V RANGA REDDY,70.7,11/8/16,135356,225.0
T5734,C2620179,F,PATNA,14378.21,27/8/16,153929,1195.0
T547434,C3288771,M,INDORE,2454.82,23/8/16,121043,139.0
T115212,C3234737,F,AIZAWL,36971.29,6/8/16,133329,3676.0
T61041,C8537931,M,MUMBAI,104134.28,3/8/16,225240,500.0
T402654,C6723057,M,CHENNAI,10944.94,18/8/16,101736,143.0
T328156,C2612171,F,DELHI,4367.11,15/8/16,180037,1100.0
T444633,C8139429,F,GANDHIDHAM,2086333.11,16/8/16,164808,32772.0
T701870,C3842529,F,MUMBAI,57739.36,30/8/16,153527,10999.0
T131637,C7211233,F,DELHI,6912.81,5/8/16,95040,638.5
T961596,C5862580,F,KOLKATA,10649.16,10/9/16,180205,1100.0
T98648,C1116831,M,JAIPUR,20971.37,1/8/16,152719,998.0
T993419,C5284056,M,KALYAN,1922.01,14/9/16,13201,1010.0
T999896,C2821441,M,NEW DELHI,230818.19,14/9/16,140845,1838.86
T510308,C7736645,M,NEW DELHI,144320.87,19/8/16,180731,700.0
T487975,C6235463,F,NAGPUR,83441.7,20/8/16,172307,1405.0
T1024777,C4718985,F,GURGAON,0.0,13/9/16,141154,9999.0
T825208,C4813712,M,GURGAON,9621.62,4/9/16,133534,10373.0
T261981,C1238684,F,PUNE,38.5,12/8/16,174800,60.0
T38453,C5214857,F,BANGALORE,12783.48,27/9/16,191029,3450.0
T267500,C3340623,M,LUCKNOW,78.02,3/9/16,115238,986.0
T622533,C5220514,M,NEW DELHI,17983.89,29/8/16,201615,30.0
T911294,C5161492,F,GURGAON,25060.8,12/9/16,94439,52.0
T86264,C2638731,M,LUDHIANA,9731.36,1/8/16,115727,8280.0
T604736,C8027830,M,JAMSHEDPUR,26791.33,25/8/16,102327,300.0
T681450,C5234186,F,AGRA,23758.15,29/8/16,222627,150.0
T845272,C5215417,M,DELHI,8954.67,9/9/16,114003,424.0
T473189,C3436448,,MUMBAI,6.6,21/8/16,145628,107.0
T140087,C3339786,M,BENGALURU,73070.11,5/8/16,111257,950.0
T620642,C7010564,M,NEW DELHI,426371.17,26/8/16,113528,1660.0
T430075,C7639557,M,GURGAON,9873.99,17/8/16,203324,33.6
T1008787,C2128435,M,KAPURTHALA,1482.99,13/9/16,212935,255.0
T685560,C4472567,M,NOIDA,37950.28,30/8/16,85616,255.0
T294895,C1833755,M,GURGAON,14361.66,11/8/16,192537,50.0
T301894,C4042563,M,HYDERABAD,736.91,10/8/16,140249,606.9
T341874,C7833755,F,DEHRADUN,18585.33,15/8/16,212434,72.0
T527550,C4417667,M,MUMBAI,77429.84,24/8/16,132835,8780.0
T390735,C4011260,F,BILASPUR,14688.2,13/8/16,233632,50.0
T726015,C1970170,F,UDAIPUR,114.43,3/9/16,225311,50.0
T1046191,C7726855,F,MUMBAI,206343.5,18/9/16,21844,267.0
T815318,C1514832,M,NAVSARI,14619.74,4/9/16,184633,209.5
T639265,C4428884,F,NAVI MUMBAI,6240.83,29/8/16,64504,197.0
T711968,C6529417,M,MARATHALLI OUTER RING RD BANGALORE,19937.27,3/9/16,174905,1071.82
T446018,C5626828,M,CHENNAI,57498.61,16/8/16,172953,636.42
T76876,C7136444,M,BANGALORE,66979.87,2/8/16,162120,0.0
T699091,C2042851,M,GURGAON,7039.58,31/8/16,205031,60.0
T964470,C8122690,M,DELHI,2777.26,10/9/16,154759,330.0
T93353,C4715730,M,NEW DELHI,446.93,22/9/16,94120,125952.13
T90226,C1426755,F,BANGALORE,103039.36,1/8/16,171906,1200.0
T866073,C2316972,M,BANGALORE,41441.61,8/9/16,130553,3500.0
T567356,C7767747,F,DELHI,29952.72,22/8/16,130917,1000.0
T610723,C1012179,M,LUDHIANA,95998.72,26/8/16,113346,9031.0
T955122,C4723131,F,GREATER NOIDA,824.48,10/9/16,213310,200.0
T673145,C8338844,M,CHENNAI,914.24,28/8/16,181347,480.0
T624806,C8535092,F,BANGALORE,35981.54,29/8/16,201038,575.52
T466069,C7610930,M,NEW DELHI,504.28,21/8/16,195640,75.0
T946695,C1334967,F,DEHRADUN,10499.81,10/9/16,210326,148.0
T145158,C1565819,F,LUDHIANA,4241.71,5/8/16,202344,39.0
T156114,C3842535,M,MUMBAI,2944.49,3/9/16,165026,5000.0
T1027136,C3932641,M,THIRUVARUR,4942.59,13/9/16,122956,244.0
T313782,C1027955,M,KAPURTHALA,529980.04,10/8/16,194245,1249.0
T268756,C5342445,F,APT BANGALORE,585905.91,12/8/16,184631,10400.0
T557180,C2625654,F,PUNE,5.88,23/8/16,132547,100.0
T616618,C7110883,M,AHMEDABAD,42018.56,26/8/16,63651,63.0
T9962,C7143238,M,PUNE,9616.83,25/9/16,200647,331.0
T570556,C8716885,F,HYDERABAD,45132.08,22/8/16,133946,19120.0
T1030565,C1633163,M,HYDERABAD,13752.24,13/9/16,102129,843.35
T799131,C8640388,M,NEW DELHI,17051.84,5/9/16,174337,70.0
T1016447,C7212572,M,BANGALORE DIST,28426.48,13/9/16,203524,200.0
T371775,C2215980,M,MUMBAI,13900.57,13/8/16,75114,100.0
T312865,C8727048,F,DELHI,2870.24,10/8/16,120653,65.0
T842119,C7217329,M,NAGPUR,25000.0,4/9/16,63856,108.0
T810628,C2038173,F,NEW DELHI,3519218.15,4/9/16,194416,24495.0
T783701,C3649659,M,INDORE,8279.8,6/9/16,123721,110.0
T456897,C5317454,F,MUMBAI,515982.16,21/8/16,110547,250.0
T235566,C5135119,M,AHMEDABAD,20020.75,7/8/16,150408,170.0
T393361,C3524767,F,KANPUR,179848.2,13/8/16,235022,492.0
T123931,C7527746,M,THANE,3.65,6/8/16,172837,10.0
T448520,C4129656,F,CHENNAI,11935.26,16/8/16,182427,45.0
T868195,C3628548,M,MUMBAI,5177350.63,8/9/16,153144,821.0
T839582,C4724422,M,BENGALURU,55077.75,9/9/16,150819,1598.55
T367085,C3215463,F,MUMBAI,19.34,14/8/16,190727,53.0
T810915,C3522114,M,GUNTUR,3262405.54,4/9/16,191211,13395.0
T8470,C2627144,F,MUMBAI,35792.21,22/9/16,112237,233.0
T323769,C4934462,F,TONK,44694.93,10/8/16,235050,950.0
T9328,C1442722,M,THANE,191545.59,25/9/16,192035,297.0
T265419,C5316843,F,GAGANPAHAD,7639.21,3/9/16,110805,1011.02
T995530,C2027376,M,NEW DELHI,31000.48,15/9/16,214742,780.0
T181159,C9026152,F,HOWRAH,150464.12,9/8/16,30010,100.0
T793205,C1365877,F,LUDHIANA,4241.71,5/9/16,103958,50.0
T769298,C1642276,M,AHMEDABAD,27263.7,6/9/16,224738,500.0
T67661,C1217668,M,DELHI,27042.44,2/8/16,151529,735.0
T800688,C3029614,M,MATHURA,9394.27,5/9/16,171729,21.0
T29447,C8442338,M,GURGAON,104723.79,26/9/16,204329,300.0
T784984,C7428477,M,INDORE,901883.28,6/9/16,121304,4607.95
T744836,C6942228,F,KURUKSHETRA,59537.21,2/9/16,204311,788.3
T1010867,C3635111,M,MUMBAI NAVI MUMBAI,18678.33,14/9/16,184207,870.0
T959847,C5520335,M,JAIPUR,5206.22,10/9/16,162541,229.0
T580066,C2425566,F,PUNE,4480.91,27/8/16,130625,300.0
T401519,C1730229,M,GHAZIABAD,68575.57,18/8/16,153023,1180.0
T956252,C4926118,F,BANGALORE,3052.92,10/9/16,172624,1605.0
T443059,C2615727,M,BAHADURGARH,903.67,16/8/16,132644,100.0
T709236,C3222541,M,JALANDHAR,145210.08,3/9/16,75326,1010.0
T271922,C7627316,F,SECUNDERABAD,7998.42,12/8/16,192856,30.0
T63563,C4734562,M,NEW DELHI,38634.92,2/8/16,51407,500.0
T913221,C7835823,F,NEW DELHI,1810.34,12/9/16,192312,200.0
T469868,C7532121,F,MUMBAI,47956.56,21/8/16,193931,1085.0
T494602,C2227334,M,AMRITSAR,19995.25,20/8/16,194329,777.0
T582543,C3128472,M,DELHI,18871.32,23/8/16,140434,117.32
T126378,C7924976,M,DELHI,178120.12,6/8/16,211145,152.0
T838567,C1817748,M,MUMBAI,24085.08,9/9/16,174257,1750.0
T534191,C1936561,F,DELHI,20806.68,24/8/16,200512,30.0
T808420,C6220390,M,GURGAON,1767.91,4/9/16,221105,50.0
T455396,C7729026,F,GURGAON,118.52,16/8/16,180618,249.0
T1006712,C7636615,M,SURAT,36646.69,14/9/16,203740,146.0
T733909,C4738560,F,DELHI,125573.2,2/9/16,171256,642.0
T231943,C2231913,M,BANGALORE,15784.22,7/8/16,43825,50.0
T27741,C7915437,F,MUMBAI,53422.1,25/9/16,205654,220.0
T836813,C4223853,F,MUMBAI,35242.3,4/9/16,113114,199.0
T846782,C1159759,F,DELHI,147989.1,9/9/16,105730,1500.0
T96046,C5496123,F,IMPHAL,50923.48,1/8/16,152853,6850.0
T64835,C5627217,M,AMBALA CITY,13266.92,2/8/16,110109,500.0
T679339,C5734670,M,WEST GODAVARI,27646.9,31/8/16,183049,200.0
T1003509,C8528261,F,DELHI,8682.04,14/9/16,170919,1600.0
T187259,C3732142,M,MUMBAI,172.63,9/8/16,150245,165.0
T649044,C8028970,M,CHENNAI,14446.76,29/8/16,2900,50.0
T734773,C2129342,M,DEHRADUN,72052.8,2/9/16,174503,500.0
T368250,C2833048,M,GURGAON,585.31,13/8/16,21929,263.0
T145480,C3923219,F,MUMBAI,78.89,5/8/16,154311,620.0
T121924,C2617581,M,RAJKOT,260955.27,6/8/16,201422,2649.84
T361293,C8833244,M,FARIDABAD,28038.37,14/8/16,221057,550.0
T432734,C5419579,F,MUMBAI,46462.67,17/8/16,200700,2546.85
T750851,C4524377,F,BANGALORE,3854.12,2/9/16,214943,1006.0
T124094,C5435131,M,MUMBAI,7860.0,6/8/16,194939,100.0
T943999,C3742181,M,MUMBAI,12187.55,11/9/16,182428,250.0
T1012275,C4180391,F,KOLKATA,168680.59,13/9/16,235204,1855.0
T530632,C1134734,M,PANCHKULA,23590.52,22/8/16,2016,292.0
T647576,C7820936,M,SHIMLA,104746.72,25/8/16,190726,246.0
T355253,C8226038,M,HOSUR,7974.56,14/8/16,133918,470.0
T37523,C5127436,F,FARIDABAD,917.93,30/9/16,194111,100.0
T5208,C6837983,F,NEW DELHI,23878.52,22/9/16,151442,738.25
T980247,C5681657,M,JHANSI,13404.79,15/9/16,155937,100.0
T483518,C8925959,M,LONI,73519.68,21/8/16,221651,300.0
T485884,C6728728,M,ALLAHABAD,4629.08,20/8/16,105940,3240.0
T816143,C2069577,M,GURGAON,6615.77,4/9/16,200811,606.9
T356492,C2535541,F,BANGALORE,1138.78,14/8/16,152625,1099.22
T626523,C5428873,M,RING RD VARTHUR HOBLI BANGALORE,352488.85,29/8/16,165439,300.0
T844124,C6913891,M,BANGALORE,159363.64,9/9/16,125013,603.75
T133574,C5048928,M,BANGALORE,27873.02,5/8/16,133949,2845.0
T260950,C1238938,M,GURGAON,67459.35,12/8/16,130552,640.0
T407247,C7431080,M,SURAT,61230.21,18/8/16,200435,71.0
T627215,C7014684,F,THANE,15298.13,29/8/16,202358,1264.0
T646373,C3615826,F,PUNE,1011.51,25/8/16,154738,278.65
T980418,C2932640,M,THANJAVUR,5318.55,15/9/16,111604,30.0
T939415,C7628792,M,GURGAON,12716.4,11/9/16,194432,37.0
T241792,C4037836,M,JHAJJAR,25.03,7/8/16,172209,92.0
T626939,C5230047,F,NOIDA,128990.08,29/8/16,171403,806.0
T931168,C3535035,M,BANGALORE,11022.14,11/9/16,102407,1400.0
T895133,C8620371,F,BANGALORE,5382.61,7/9/16,141209,705.0
T815860,C3913452,M,LUCKNOW,702.9,4/9/16,134634,6200.0
T781463,C6624580,F,HYDERABAD,18177.83,6/9/16,152527,285.0
T932785,C6419934,M,VISAKHAPATNAM,3180.36,11/9/16,163337,110.0
T264746,C1416053,M,GURGAON,50463.99,12/8/16,193406,184.0
T225106,C3912054,M,VADODARA,14385.22,8/8/16,214550,94.0
T414741,C6721340,F,GURGAON,207824.13,18/8/16,220504,165.0
T113817,C5699552,M,SIVASAGAR,10625.85,6/8/16,121535,150.0
T465491,C1215073,M,FARIDABAD,3060.43,21/8/16,131225,2460.45
T746952,C6018279,M,NAGPUR,4861.08,1/9/16,213651,30.0
T683206,C3232388,F,BELTHANGADY,61.07,28/8/16,120537,300.0
T1031100,C4039665,F,BANGALORE,178893.18,13/9/16,102808,174.0
T253480,C7317426,M,PANCHKULA,2723.15,12/8/16,83500,397.0
T731910,C4024637,M,RAIGARH,2.54,2/9/16,134208,500.0
T155689,C6129485,M,BANGALORE,29.33,3/9/16,162612,500.0
T146895,C3618942,F,KOLKATA,0.0,5/8/16,202630,834.0
T6833,C4072784,M,KALAYAN W,941.6,25/9/16,205729,110.0
T906489,C5437943,M,PATNA,57306.04,12/9/16,142920,12297.0
T410898,C2024361,M,BANGALORE,243513.18,17/8/16,95014,1349.0
T273311,C7422450,F,PUNE,11693.43,12/8/16,201356,510.0
T118744,C6137716,M,JHANSI,2179.66,6/8/16,141627,300.0
T1031357,C8713424,M,GURGAON,16064.45,13/9/16,85858,6047.0
T730043,C2328454,F,MUMBAI,36394.63,2/9/16,152637,85.0
T156138,C8031865,M,PUNE,1581471.65,3/9/16,162738,634.0
T542940,C4178219,M,COIMBATORE,442406.22,24/8/16,184139,175.0
T19192,C6911020,F,BANGALORE,228624.91,26/9/16,155219,1200.0
T537569,C4141920,M,PUNE,57048.4,22/8/16,90123,3250.0
T930006,C2322763,F,GREATER NOIDA,28951.72,11/9/16,144816,400.0
T378590,C3098177,M,BANGALORE,91021.52,13/8/16,170902,325.0
T526946,C8923280,M,CHENNAI,40.57,24/8/16,225021,299.0
T733897,C2035624,M,NEW DELHI,291.8,2/9/16,175946,380.0
T762852,C4128378,M,BUNGALOWS ANAND,54127.82,1/9/16,122004,388.8
T613197,C8220474,F,BANGALORE,18319.99,26/8/16,143648,25000.0
T95024,C6140126,F,NEW DELHI,47962.6,1/8/16,131006,750.0
T84068,C5932179,F,GHAZIABAD,363037.33,2/8/16,234256,22405.0
T29333,C7633526,M,NEW DELHI,227826.64,25/9/16,200804,180.0
T804795,C6818815,M,NORTH 24 PARGANAS,1854.34,5/9/16,215656,2900.0
T184710,C5628977,M,CHENNAI,10129.37,9/8/16,130037,1000.0
T349778,C1827549,M,MANALI 21/26 KULLU,18087.39,14/8/16,121442,550.0
T540491,C2016427,M,NEW DELHI,105009.57,23/8/16,101642,203.45
T907602,C4525648,F,NEW DELHI,209789.93,12/9/16,124447,350.0
T910071,C3812244,M,NAINITAL,4558.84,12/9/16,100150,101.15
T293578,C7814084,F,NAVI MUMBAI,12225.83,11/8/16,200100,5630.0
T409272,C8896511,M,THOUBAL,3464.84,18/8/16,202257,249.0
T587956,C2930040,F,COLLAGE BANGALORE,251064.87,23/8/16,173459,3000.0
T497181,C4339885,M,AHMEDABAD,51479.73,20/8/16,180611,2358.0
T758098,C7718649,M,PUNE,11.61,1/9/16,191238,1536.0
T667560,C5928181,F,SIDDAPUR,5620.63,31/8/16,101044,50.0
T350821,C7026311,F,NAVIMUMBAI,16473.56,14/8/16,121525,4626.75
T25024,C6114491,M,BANGALORE,33791.64,27/9/16,151622,843.75
T543455,C3826777,M,BARODA,47887.44,23/8/16,101408,880.0
T424661,C1922837,M,RAIPUR,111172.48,17/8/16,125240,2035.0
T1043450,C7239360,F,MUMBAI,83029.18,18/9/16,133254,2499.0
T840708,C7240319,M,DELHI,10707.18,9/9/16,131954,126.0
T926350,C3337744,M,KURNOOL,657.76,11/9/16,131406,180.0
T382879,C4537482,M,BANGALORE,72524.27,13/8/16,190106,172.0
T393543,C1834155,M,MUMBAI,1091429.96,13/8/16,230501,999.99
T817581,C6625962,M,HISAR,3826.3,4/9/16,183758,799.0
T555580,C3825529,M,BANGALORE,599.88,24/8/16,141227,170.0
T965741,C8173137,F,MUMBAI,34128.38,10/9/16,115647,1000.0
T953252,C7241423,M,DEHRADUN,1.48,10/9/16,191102,400.0
T36646,C3827775,M,STATION BANGALORE,9519.65,30/9/16,151901,325.0
T311290,C5032690,M,NAVI MUMBAI,5128.58,10/8/16,180048,50.0
T992826,C6224561,M,DELHI,26135.61,15/9/16,225011,255.0
T836693,C4815064,M,MUMBAI,12567.69,4/9/16,110859,448.0
T227388,C7718125,M,VAPI,10.6,7/8/16,101208,30.0
T528193,C3815755,M,SIGNAL MUMBAI,4012.62,24/8/16,150123,170.0
T814889,C3628191,F,MUMBAI,258285.67,4/9/16,195125,7303.0
T239342,C4665127,M,GURGAON,270737.64,7/8/16,174131,10100.0
T653479,C4137328,F,HYDERABAD,38274.16,31/8/16,115427,1000.0
T673104,C1134332,M,PUNE,2623.86,28/8/16,194402,200.0
T27740,C6410737,M,NEW DELHI,77275.81,25/9/16,235518,1266.0
T547773,C8383049,F,ANANTAPUR,21061.52,24/8/16,181727,30.0
T170056,C8621618,M,BUDGAM,181799.22,4/8/16,190045,1105.0
T904391,C2634583,M,HYDERABAD,94.01,12/9/16,143345,125.0
T288476,C2265983,M,DEVANAHALLI BANGALORE,14712.69,11/8/16,172302,1249.0
T379797,C3628180,F,DELHI,12853.61,13/8/16,155749,720.0
T616371,C2842692,M,HAPUR,11142.87,26/8/16,194123,100.0
T1021587,C2435145,M,BANGALORE,2636.98,13/9/16,212214,89.0
T670308,C7794469,F,THANE,6561.15,28/8/16,125530,378.0
T17443,C8337751,M,FARIDABAD,24530.58,26/9/16,173423,179.0
T568964,C1810157,M,GURGAON,8183.78,22/8/16,131517,100.0
T163944,C1939164,M,MUMBAI,2018.06,4/8/16,182919,1027.7
T1015187,C7424584,M,AHMEDABAD,271845.38,14/9/16,213817,2966.0
T1003535,C6539851,M,BANGALORE,913306.52,14/9/16,170741,200.0
T550548,C7432043,F,PUNE,109360.35,23/8/16,191827,6100.0
T658998,C1521182,M,MUMBAI,122468.37,28/8/16,173610,810.0
T634197,C4520976,M,BILASPUR,14453.41,29/8/16,201406,50.0
T975406,C7010863,M,MUMBAI,4546.31,15/9/16,133719,250.0
T423008,C8438123,M,MOHALI,533549.4,17/8/16,133400,21.0
T351922,C3840636,M,BANGALORE,91483.57,14/8/16,122250,800.0
T580666,C3825392,M,BANGALORE,171699.45,27/8/16,113437,3300.0
T158729,C7532939,M,HYDERABAD,15.39,4/8/16,62818,50.0
T261706,C7715225,M,HARDWAR,87.06,12/8/16,143248,995.0
T643098,C3015841,F,LUCKNOW,7149.55,25/8/16,185810,642.6
T208456,C6912272,M,PANVEL,3.74,3/9/16,140324,1000.0
T1025206,C5733344,M,BEGUSARAI,15474.54,13/9/16,160223,60.0
T579590,C7224687,F,DELHI,2692.8,27/8/16,130154,531.86
T853321,C6924583,M,HYDERABAD,37284.68,9/9/16,195126,640.0
T438115,C7231946,M,BUS STOP BANGALORE,8388.91,17/8/16,204755,280.0
T808835,C1918824,M,CHANDIGARH,553178.35,5/9/16,202027,4380.0
T656804,C1640045,M,DELHI,375437.84,28/8/16,195613,3650.0
T331060,C7135532,M,MUMBAI,2977870.86,15/8/16,202059,743.0
T338880,C4427784,M,NAVI MUMBAI,45508.46,15/8/16,211601,2016.0
T552260,C2320184,F,MUMBAI,15804.78,23/8/16,182315,20.0
T823065,C4822572,M,MUMBAI,20508.18,4/9/16,140756,395.0
T299062,C3622459,M,LOWER PAREL MUMBAI,16313.1,10/8/16,115910,50.0
T517416,C2534235,F,SALEM,17658.16,19/8/16,164619,2168.0
T661473,C1715843,F,GURDASPUR,8.27,31/8/16,184804,1493.0
T131209,C8630582,M,INDORE,73368.03,6/8/16,211007,1461.0
T297881,C2840146,M,MUMBAI,10264.07,11/8/16,225820,590.0
T300055,C5534971,M,GURGAON,52889.26,10/8/16,115438,334.0
T355903,C6156467,M,FARIDABAD,50428.11,14/8/16,143528,280.0
T301973,C2842212,M,BANGALORE,33.09,10/8/16,104430,19.0
T670311,C6919252,F,DELHI,10011.89,28/8/16,122347,349.0
T186526,C8840087,M,NORTH 24 PARGANAS,12055.11,9/8/16,172420,8323.27
T118572,C8811770,M,MEDAK,8407.87,6/8/16,160137,11690.0
T495498,C6035952,M,CHENNAI,9689.45,19/8/16,81227,300.0
T280746,C2281211,F,NEW DELHI,3706.36,11/8/16,103118,87.0
T180114,C6176937,M,KARN KARNAL,17569.63,9/8/16,103942,87.0
T112678,C6096382,F,DHARAMSHALA,3827.72,6/8/16,141938,599.0
T923341,C6612720,F,SECUNDERABAD,96.02,11/9/16,92624,253.0
T105595,C8518639,M,SECUNDERABAD,7064.64,1/8/16,201223,210.0
T897026,C7398156,M,MUMBAI,421285.24,7/9/16,115602,2750.0
T722686,C6530813,M,KOLKATA,169.84,3/9/16,220140,133.0
T764520,C6133422,M,GWALIOR,51793.35,1/9/16,132721,1300.0
T224112,C2032625,M,NOIDA,3701.23,8/8/16,213710,62.0
T772778,C3922520,M,MYSORE,110890.42,1/9/16,71438,6552.53
T59023,C5436531,M,JALANDHAR,24964.75,3/8/16,200329,211.0
T414109,C1040967,F,GWALIOR,4653465.55,18/8/16,193638,2108.0
T937529,C8526082,M,FARIDABAD,10843.67,11/9/16,200407,1866.0
T992787,C3026967,M,FARIDABAD,63207.57,15/9/16,204951,740.0
T772190,C6767130,F,THANE,57012.42,6/9/16,201801,450.0
T708138,C3417123,M,NEVILLE HOUSE MUMBAI,8036.54,3/9/16,63543,900.0
T199958,C5152557,M,JAIPUR,9101.84,8/8/16,34539,292.0
T621190,C6279748,M,DELHI,1049.35,25/8/16,165214,349.0
T544181,C4139643,M,PUNE,81783.21,23/8/16,213233,2353.0
T925524,C8042814,M,SHEOPUR,5512.7,11/9/16,92036,40.0
T398077,C6738512,M,BANGALORE,8056.19,18/8/16,92418,20000.0
T292539,C3535145,M,VISAKHAPATNAM,12614.65,11/8/16,191117,3600.0
T664314,C6383581,M,PUDUCHERRY,4664.23,28/8/16,214141,1179.0
T357695,C1318718,F,GREATER NOIDA,21660.86,14/8/16,160451,4278.0
T372831,C8611829,M,INDORE,16809.68,14/8/16,230358,3624.08
T77117,C7423265,M,TANDUR RANGA REDDY,4495.22,2/8/16,194116,1110.0
T544421,C3631974,M,DELHI,10855.51,23/8/16,215219,300.0
T50049,C4917857,M,BAREILLY,54808.94,3/8/16,155746,300.0
T631387,C2025845,M,BANGALORE,21291.71,29/8/16,175530,2000.0
T276523,C4023044,F,NEW DELHI,42392.69,11/8/16,91258,113.94
T285641,C1220564,M,JAIPUR,16998.23,11/8/16,124437,2401.0
T902335,C1627264,M,BELGAUM,4757.64,12/9/16,155837,500.0
T224280,C7878318,M,PAONTA SAHIB,490.12,8/8/16,214929,913.0
T1025416,C3925278,M,KOLKATA,11274.57,13/9/16,54845,60.0
T996044,C6939053,M,GURDASPUR,300.68,14/9/16,104433,99.0
T810462,C5932541,M,NOIDA,1049.72,4/9/16,235307,1.0
T766457,C7042617,M,DELHI,316.35,1/9/16,120358,620.0
T689883,C2619476,F,SIRMAUR,17652.0,30/8/16,191253,1695.0
T457331,C8429223,F,SIVAGANGAI DIST,15410.13,21/8/16,55820,200.0
T1045069,C5422916,M,COIMBATORE,6978.52,18/9/16,53452,25.0
T279741,C3425216,M,EAST GODAVARI,137.61,11/8/16,112105,10.0
T227765,C3037131,M,VIJAYAWADA,37833.97,8/8/16,222834,559.0
T714308,C8367986,M,DELHI,7881.86,3/9/16,175701,375.0
T113293,C5523036,M,KOLKATA,17869.56,6/8/16,63525,269.0
T494804,C5214913,M,NEW DELHI,2507.19,20/8/16,135907,70.0
T171595,C3219764,M,ADILABAD,20735.76,4/8/16,181040,423.0
T836270,C8618229,M,BANGALORE,9705.23,9/9/16,182526,1574.24
T377893,C5296221,M,GURGAON,2532910.92,13/8/16,172040,2523.86
T617878,C3632732,M,BANGALORE,66947.19,27/8/16,184817,500.0
T395469,C8228157,M,VELLORE,3230.92,18/8/16,102804,100.0
T840532,C7230989,M,NASHIK,2476.65,9/9/16,135612,1500.0
T224634,C7538944,M,CHANDIGARH (UT),16806.45,7/8/16,113118,183.68
T377392,C5523547,M,DELHI,163031.44,13/8/16,134055,531.0
T108792,C6129447,M,KHAGARIA,153.0,6/8/16,83520,300.0
T905830,C4312666,M,COIMBATORE,1372650.22,12/9/16,134152,8188.0
T568957,C2999424,M,BASTI,10694.42,27/8/16,143353,20.0
T973536,C8112145,F,GURGAON,3660.2,10/9/16,102128,544.0
T315141,C8034438,M,DEHRADUN,281402.82,10/8/16,193528,1911.0
T861208,C4633626,M,NOIDA SEC 77,126281.78,8/9/16,122254,147.0
T794738,C8336150,F,GURGAON,13007.05,5/9/16,145716,250.0
T91393,C5086681,M,HYDERABAD,400907.24,22/9/16,132210,3300.0
T723704,C3940579,M,MUMBAI,163355.05,3/9/16,224024,300.0
T772925,C1313079,F,GURGAON,6729.91,6/9/16,211539,460.65
T849255,C3139128,M,HUBLI,29217.58,9/9/16,195551,656.0
T848950,C7419488,M,FARIDABAD,228.16,9/9/16,95501,186.03
T218933,C4510915,F,MUMBAI,179510.15,7/8/16,15209,2847.74
T208325,C5127686,M,TRICHY,21204.59,8/8/16,125537,1555.0
T674658,C1418136,F,KANYAKUMARI,46721.03,31/8/16,184652,210.0
T1048024,C4824028,M,PANCHKULA,92935.78,18/9/16,71355,2000.0
T1004564,C3181456,M,CHIPLUN,5265.4,14/9/16,145644,100.0
T690080,C1235689,M,NASHIK,36.27,30/8/16,164639,156.0
T445091,C4977761,M,REWARI,794.7,16/8/16,145332,686.54
T577935,C3623324,M,KUKATPALLY HYDEABAD,1392.14,27/8/16,164346,540.0
T213278,C5234546,M,VISAKHAPATNAM,1232.16,8/8/16,143240,3356.0
T760190,C3281080,M,BARODA VADODARA,13256.25,1/9/16,151832,500.0
T907676,C7120415,M,DELHI,216477.17,12/9/16,130220,380.0
T305339,C6815761,F,PANCHKULA,22802.23,10/8/16,135339,251.0
T534756,C1020549,M,MUMBAI,14982.53,22/8/16,522,870.0
T777818,C3719436,M,LUCKNOW,16884.65,6/9/16,161103,600.0
T316748,C6224061,F,DELHI,38016.73,15/8/16,70621,200.0
T162886,C2838187,M,MOHALI,1736.63,4/8/16,182805,304.0
T484463,C2892652,M,SIDDHARTH NGR GOREGAON WEST MUMBAI,18325.34,20/8/16,150128,300.0
T13166,C8088319,M,VELLORE,65325.59,26/9/16,215905,280.0
T219993,C4058887,M,VISAKHAPATNAM URBAN,46958.18,8/8/16,200432,73.24
T106279,C5325337,M,DIST RAIGAD,12407.34,6/8/16,115813,345.0
T976979,C8828387,M,DELHI,121.92,15/9/16,20028,750.0
T684972,C9064876,M,BAHADURGARH (HARYANA),57.43,30/8/16,235332,100.0
T814025,C1625646,M,GHAZIABAD,1674.79,4/9/16,212710,333.0
T804418,C2685158,M,CHENNAI,18348.57,5/9/16,181221,14050.0
T885595,C5461483,F,PURBI SINGHBHUM,5581.87,7/9/16,202656,200.0
T792945,C8621845,M,GHAZIABAD,165296.5,5/9/16,125129,1580.0
T118387,C2477442,M,LUCKNOW,8769.95,6/8/16,152511,606.9
T418437,C5818891,F,JAIPUR,10740.43,18/8/16,214337,50.0
T84817,C8311669,M,PUNE,29444.21,1/8/16,31009,50.0
T7831,C3516352,F,MUMBAI,245082.0,25/9/16,214219,175.0
T772272,C7031021,M,POYIL,22523.27,6/9/16,222127,500.0
T990868,C3210146,M,GURGAON,52974.66,15/9/16,204954,500.0
T682338,C7137760,M,NOIDA,705797.95,29/8/16,220427,249.0
T497138,C7619227,M,LUDHIANA,14400.75,20/8/16,172347,200.0
T907493,C5223262,F,MUMBAI,1991.26,12/9/16,81121,1353.0
T732554,C7014657,M,KOLKATA,27034.01,2/9/16,142927,285.0
T1027983,C3135390,M,MUMBAI,2504.33,13/9/16,171331,100.0
T865675,C3637327,F,BANGALORE,9564.41,8/9/16,124836,1000.0
T987589,C8526479,M,MANDIR NAGPUR NAGPUR,8824.95,15/9/16,232527,145.0
T724516,C2521363,M,BANGALORE,12946.8,3/9/16,222316,256.0
T281789,C4434723,M,BHOPAL,34080.58,11/8/16,140647,634.0
T146379,C8625525,M,KOLKATA,203825.4,5/8/16,160254,1117.0
T641267,C3327780,M,GURGAON,68.4,29/8/16,55631,69.0
T347958,C6813216,F,THANE,958.63,14/8/16,5732,356.0
T129562,C2418142,M,MEDAK,2358.72,5/8/16,83755,110.0
T379370,C1315528,M,MUMBAI,2140.27,13/8/16,132046,1458.0
T958916,C7340113,F,GURGAON,13392.76,10/9/16,174428,300.0
T119716,C3927448,M,MIDC MUMBAI,39.48,6/8/16,143341,1007.0
T627242,C7918489,M,ALMORA,2934.16,29/8/16,223136,200.0
T163733,C4786184,M,AURANGABAD,15693.28,4/8/16,130259,70.0
T592848,C2642982,M,BANGALORE,499944.51,25/8/16,165159,1126.0
T855287,C3933636,M,MUMBAI,184408.41,9/9/16,191951,4119.0
T431811,C6816329,M,PUNE,41037.69,17/8/16,195834,515.0
T525040,C3223220,F,ULHASNAGAR,52999.1,19/8/16,232648,1580.0
T67009,C1010243,M,TEHRI GARHWAL,149425.48,2/8/16,115427,253.0
T14212,C3614073,F,BANGALORE,65267.6,26/9/16,195537,374.0
T740717,C7034513,F,VISAKHAPATNAM,6136.97,2/9/16,184923,2609.0
T553023,C3752987,M,DELHI,572.01,23/8/16,184357,500.0
T234835,C6419266,M,BIJNOR,280.5,7/8/16,134427,100.0
T209933,C2316863,M,BENGALURU,1227.3,3/9/16,140312,3630.0
T853053,C1827781,M,PUNE,6172.21,9/9/16,193501,300.0
T491529,C5540965,F,THANE WEST,60301.21,20/8/16,144838,797.0
T259892,C2636817,F,NEW DELHI,264598.43,12/8/16,141011,53862.52
T951614,C5111174,F,MAPUSA,17950.98,10/9/16,232217,2592.0
T830096,C5937919,M,DELHI,23.98,4/9/16,53140,50.0
T459008,C7115349,M,PANCHKULA,16060.11,21/8/16,112852,50.0
T389365,C5821454,F,SHILLONG,4192.69,13/8/16,201652,1609.0
T221718,C1938274,M,NEW DELHI,505409.69,8/8/16,194928,350.0
T356413,C8328947,M,CHITTO0R,34450.71,14/8/16,160214,300.0
T1005271,C2325417,M,GHAZIABAD,6137.67,14/9/16,184420,3099.0
T652606,C8331376,M,AHMEDABAD,50022.42,31/8/16,140821,778.05
T772558,C5921565,M,KANYAKUMARI,1784.98,1/9/16,81435,1635.0
T659332,C4911523,M,NEW DELHI,6758.35,31/8/16,93240,200.0
T910339,C8537439,M,GHAZIABAD,9215.39,12/9/16,102415,50.0
T297061,C4221946,M,GHAZIABAD,12329.8,10/8/16,81540,1000.0
T316666,C5123318,M,AMBALA CITY,1380.35,10/8/16,154500,1.99
T289271,C5028635,M,BANGALORE,502.63,11/8/16,184653,578.0
T880033,C4028379,M,NOIDA,61873.57,8/9/16,212949,620.0
T453726,C7326915,M,PANIPAT,7773.08,16/8/16,184556,500.0
T783890,C5319742,M,MUMBAI,238310.13,6/9/16,135947,514.0
T42679,C1235145,M,MALAD WEST MUMBAI,33050.39,3/8/16,103117,198.0
T775335,C6030072,M,BANGALORE,16154.3,6/9/16,192337,276.0
T399062,C5466887,M,SILIGURI,17602.11,18/8/16,10836,98.0
T667604,C4024928,M,BANGALORE,16464.83,28/8/16,134551,0.0
T75320,C1835873,M,RAJ-RAJESHWARI KARYALAY NASHIK,2803.18,2/8/16,174258,1000.0
T471289,C2839856,M,JAIPUR,108865.96,21/8/16,140317,520.0
T163524,C8415350,M,FARIDABAD,9698.88,4/8/16,124817,1783.85
T815261,C5933757,M,CHENNAI,114503.8,4/9/16,201717,1329.5
T1006375,C7218876,M,AMRITSAR,2824.5,14/9/16,190146,330.0
T195537,C6311036,F,JAIPUR,21544.7,9/8/16,195123,1097.0
T596044,C5919275,M,ALWAR,48461.46,26/8/16,172809,68.0
T138735,C7924614,F,PUNE,442.1,5/8/16,120139,1680.0
T131309,C8028312,F,BIDAR,14477.85,5/8/16,1438,999.0
T384456,C7286579,M,NEW DELHI,4569.34,13/8/16,190909,320.0
T420052,C1630626,M,NAVI MUMBAI,4335.14,17/8/16,110307,1250.0
T693274,C3288227,M,MUMBAI,400251.07,31/8/16,194547,200.0
T401763,C2314286,M,PANCHKULA,16896.8,18/8/16,144039,1000.0
T929873,C4331091,M,JHAJJAR,3187.08,11/9/16,71857,100.0
T555310,C7629450,F,LUDHIANA,173725.31,24/8/16,164939,757.35
T574973,C6512655,M,NASHIK,819.02,22/8/16,204721,340.0
T967154,C4126482,M,GURGAON,36848.62,10/9/16,115005,750.0
T204789,C7888349,M,BASTI,1551.02,8/8/16,43125,33.0
T640318,C7535564,M,MUMBAI,517843.26,25/8/16,215320,1990.0
T475352,C1136717,M,PALWAL,31345.11,20/8/16,102610,70.0
T874237,C5123853,M,DELHI,3931.71,8/9/16,190031,101.15
T284851,C7124447,F,MUMBAI,109581.02,11/8/16,173223,1586.0
T352579,C5915037,M,CHENNAI,702.86,14/8/16,143353,430.16
T732098,C3846062,F,BANGALORE,32986.61,2/9/16,132920,999.0
T358775,C6821890,M,GURGAON,47912.99,14/8/16,235921,200.0
T520574,C4314148,M,MUMBAI,689.26,19/8/16,201304,570.0
T813214,C1137676,M,TRIVANDRUM,8266.45,4/9/16,184355,200.0
T193632,C1826121,F,NEW DELHI,54.45,9/8/16,184857,360.0
T1012099,C7259067,M,INDORE,3751.3,13/9/16,193012,3621.3
T252022,C8334175,M,MUMBAI,57932.37,7/8/16,213614,440.26
T1005160,C4838873,M,BANGALORE,41706.98,14/9/16,141632,500.0
T777658,C5038855,M,BANGALORE,10426.68,6/9/16,160558,352.0
T820977,C8325430,M,RAICHUR,35765.85,4/9/16,195531,200.0
T230879,C4614831,M,MUMBAI,5582.58,7/8/16,121819,500.0
T393154,C5124838,M,LUCKNOW,25729.74,13/8/16,203817,1800.12
T655451,C7739755,M,BANGALORE,23336.7,28/8/16,174945,99.0
T324165,C4238826,M,DELHI,9367.34,15/8/16,134512,75.0
T997603,C5429635,M,KURUSHETRA,27059.57,14/9/16,130500,300.0
T789837,C4620685,M,NEW DELHI,223565.7,5/9/16,10358,12.98
T978647,C5011915,M,SAHARANPUR,74790.51,15/9/16,180440,165.0
T860233,C3941568,M,CHENNAI,487.83,8/9/16,10545,614.0
T822016,C5014781,M,GURGAON,1495399.29,4/9/16,175923,250.0
T467012,C1529882,M,JABALPUR,6988.63,21/8/16,135137,298.0
T989227,C1513087,M,TONK,184561.18,15/9/16,131700,69.0
T827245,C5012676,M,DURG - DISTRICT,35.53,4/9/16,133306,1682.0
T329418,C4716572,F,VISAKHAPATNAM,13322.6,15/8/16,164315,270.0
T762682,C7761881,F,GURGAON,4797.0,1/9/16,121045,700.0
T368828,C8264281,M,DEHRADUN,57385.53,13/8/16,80700,47.0
T579255,C4511842,M,DELHI,14004.9,22/8/16,211902,840.0
T554116,C2942187,M,VADODARA,54491.29,24/8/16,155501,1100.0
T484869,C1124380,F,KOTA,20399.44,20/8/16,94930,200.0
T995807,C2969428,M,DELHI,15741.82,15/9/16,204800,120.0
T535657,C2425984,M,MUMBAI,5613.28,23/8/16,201322,109.0
T1032345,C2530272,F,NEW DELHI,13.3,18/9/16,172220,1236.0
T251816,C6219654,M,K V RANGA REDDY,140225.32,12/8/16,100029,200.0
T479463,C1172418,F,ULHASNAGAR,48972.57,21/8/16,201846,900.0
T842449,C8731879,F,FIROZABAD,176.55,9/9/16,143205,500.0
T452014,C5128931,M,CHITTO0R,34450.71,16/8/16,142959,500.0
T87849,C2612532,F,DELHI,497.91,1/8/16,114755,296.0
T972386,C4434011,M,TAMPINES,20695.63,10/9/16,3549,750.0
T238990,C7532955,M,DHANBAD,2479.02,7/8/16,203835,20.0
T587116,C2911467,M,LUCKNOW,25256.28,23/8/16,144027,809.2
T967614,C7637211,M,DELHI,63.59,10/9/16,141542,1650.0
T88805,C6912045,M,GURGAON,72290.31,1/8/16,113241,500.0
T689999,C8218119,F,NEW DELHI,313434.35,31/8/16,213547,566.0
T348615,C8713230,M,DARBHANGA,28395.52,14/8/16,140052,100.0
T9096,C2728470,M,JAMSHEDPUR,14234.31,25/9/16,204646,702.0
T236233,C7580667,M,BANGALORE,76385.67,7/8/16,150206,480.0
T702505,C8131968,M,AGRA,40398.31,30/8/16,171219,4816.0
T834996,C6515228,M,MUMBAI,28165.57,4/9/16,135042,43896.0
T847679,C4242019,M,MUMBAI,16290.43,9/9/16,91246,490.0
T539897,C6728051,M,NOIDA,38506.22,22/8/16,11549,3500.0
T651760,C1824326,M,BHIWANDI,12160.29,31/8/16,115137,60.0
T354208,C3817235,F,BANGALORE,70293.36,14/8/16,200408,200.0
T640225,C4860588,M,PATNA,11341.02,29/8/16,64603,129.0
T311413,C7017429,M,VAPI,1854.81,10/8/16,200540,500.0
T428407,C6025560,M,NEW DELHI,220215.72,17/8/16,171020,224.0
T82078,C4429771,M,NEW DELHI,2445.41,2/8/16,204916,200.0
T980053,C2413035,F,KANPUR,22913.04,15/9/16,95526,722.0
T421439,C1253477,F,JAMMU,92390.75,17/8/16,132358,1210.0
T757859,C5430135,M,AGRA,8532.51,1/9/16,175042,270.0
T224848,C8020416,F,BANKURA,1296.68,7/8/16,930,20.0
T337323,C4520042,M,GURGAON,28639.54,15/8/16,192128,3000.0
T523633,C7823374,M,MUMBAI,39563.8,24/8/16,125448,6999.0
T796132,C6328254,M,NEW DELHI,10899.12,5/9/16,132408,787.0
T256008,C2710134,M,GURGAON,1601.09,12/8/16,124115,56.0
T1014293,C4719657,M,GHAZIABAD,3602.18,13/9/16,215042,442.0
T876078,C2540366,M,MEERUT,19.01,8/9/16,223547,200.0
T349239,C8036545,M,BENGALURU,94674.25,15/8/16,235919,100.0
T938,C8010062,M,ERNAKULAM,5.65,21/10/16,204053,200.0
T791022,C6620113,F,NEW DELHI,19540.51,5/9/16,81037,507.0
T601781,C6633983,M,NAMAKKAL DT,49.67,25/8/16,104313,50.0
T654810,C6517084,M,LIFESTYLE HYDERABAD,111313.59,28/8/16,205113,1449.0
T539657,C1675785,M,BANGALORE,59841.16,24/8/16,182021,3077.0
T842971,C1537277,M,NEW DELHI,1098.1,9/9/16,164223,150.0
T361739,C6324180,M,DELHI,39927.24,14/8/16,225338,299.0
T512366,C1685662,F,CHANDIGARH,19425.02,19/8/16,162435,1380.4
T495750,C8634490,F,KOLKATA,155.92,20/8/16,213215,926.0
T19565,C7821115,M,GURGAON,8896.81,26/9/16,151701,2500.0
T188304,C3542084,M,DHANBAD,36.39,9/8/16,144705,70.0
T167078,C5514878,M,GHAZIABAD,19163.54,4/8/16,140932,1037.0
T425280,C2673081,M,GURGAON,103965.15,17/8/16,153308,1835.0
T170270,C1113460,M,DELHI,54.24,4/8/16,185520,1512.75
T869436,C6985175,M,NEW DELHI,6664.79,8/9/16,184742,27.0
T599810,C6631678,M,AGRA,626149.98,26/8/16,221242,665.0
T159234,C8224274,M,PITHORAGARH,866237.02,5/8/16,213214,135.0
T881271,C2519679,M,THANE,14251.94,7/9/16,213633,3.0
T394397,C1132512,M,BANGALURU,1314610.81,13/8/16,215753,8124.0
T620382,C6841847,M,BANGALORE,7557.47,27/8/16,190340,6000.0
T633207,C6140174,M,NORTH 24 PARGANAS,5.34,29/8/16,122540,1449.01
T606507,C8416661,M,SONIPAT,3204.21,26/8/16,190609,886.0
T531858,C2833876,M,GURGAON,4733.13,23/8/16,165609,237.0
T109586,C3017161,M,MUMBAI,17040.55,6/8/16,73922,1000.0
T982269,C7123050,F,NEW DELHI,41317.77,15/9/16,102813,1010.0
T96082,C8217447,M,DELHI,16431.16,1/8/16,153336,240.0
T245384,C1712848,M,W E H MUMBAI,8644.59,7/8/16,194842,460.12
T475162,C7415844,M,KOLKATA,8434.04,21/8/16,195836,500.0
T92378,C5410485,M,BANGALORE,104792.25,22/9/16,113113,3150.0
T15104,C3336687,M,NOIDA,35787.94,26/9/16,190207,500.0
T400678,C6916989,M,FARIDABAD,13648.43,18/8/16,131721,450.0
T1006921,C2848727,F,RAJKOT,6050.3,14/9/16,200914,221.01
T608615,C8722517,F,PUNE,821.28,26/8/16,195055,37.0
T918037,C5075785,M,RAJKOT,9950.07,12/9/16,195727,98.0
T554035,C6842645,M,NEW DELHI,2967.42,23/8/16,192552,256.0
T746031,C7610435,M,NEW DELHI,18404.68,2/9/16,204625,67.0
T540194,C1832079,M,BANGLORE,11461.07,23/8/16,194825,544.5
T1031915,C5936326,M,JAIPUR,2390.01,13/9/16,112737,688.0
T486902,C8947576,M,NEW DELHI,6918.5,20/8/16,85909,115.0
T196246,C8519160,M,BANGALORE,1710.83,9/8/16,201053,1100.0
T713710,C3520943,M,CHENNAI,1839.64,3/9/16,185539,7500.0
T454609,C6238273,F,NAGPUR,41498.95,16/8/16,210959,30.0
T125416,C2296187,M,LUCKNOW,2579.09,6/8/16,234120,4167.0
T603367,C5530050,M,HOSPITAL MUMBAI,1276362.67,26/8/16,204419,220.0
T206979,C5864213,F,DELHI,1214.82,8/8/16,125815,180.0
T916857,C5720115,M,NEW DELHI,1318.69,12/9/16,193742,159.0
T484500,C2340549,F,FEROZEPUR,26151.84,20/8/16,151604,26.0
T51181,C3338328,F,NOIDA,50654.73,3/8/16,175633,1000.0
T735634,C6020155,M,MUMBAI,12833.26,2/9/16,172857,868.42
T692434,C6164275,M,ALWAR,4952.96,31/8/16,210352,50.0
T250455,C6210622,M,FARIDABAD,55102.84,7/8/16,212100,260.0
T397266,C2014367,M,PANCHKULA,56239.01,18/8/16,104748,500.82
T951075,C3424416,M,JODHPUR,27277.74,10/9/16,212905,1156.4
T270169,C5018160,M,ANDHERI KURLA ROAD MUMBAI,3454.59,12/8/16,54713,700.62
T807597,C6436612,M,BANGALORE,104.51,4/9/16,215738,10.0
T352623,C7915029,M,VALSAD,8.22,14/8/16,110450,255.0
T987703,C1523681,M,BURDWAN,11.7,15/9/16,195322,1259.0
T195399,C5148542,M,SATARA,11265.5,9/8/16,224531,10.0
T964999,C1841683,M,MUMBAI,99760.86,10/9/16,133244,210.0
T662842,C4313615,F,GURGAON,66189.81,31/8/16,51755,299.0
T521741,C7136454,F,DELHI,119318.3,19/8/16,192034,700.0
T278634,C6635839,M,BANGALORE,11.38,12/8/16,220117,175.0
T911785,C2238314,M,BANGALORE,10948.65,12/9/16,91513,200.0
T419287,C4032860,M,BANGALORE,3235.75,17/8/16,115422,1000.0
T970015,C8419656,M,FARIDABAD,61018.24,10/9/16,93221,35.0
T646548,C1114090,M,GUNTUR,61.65,25/8/16,200030,25.0
T526331,C3410521,F,NEW DELHI,12027.01,24/8/16,130107,550.0
T1040633,C2725848,M,SONEPAT,89199.24,18/9/16,124636,21.0
T302290,C2617892,M,BHIWADI,112058.63,10/8/16,103933,661.0
T453288,C7423733,F,MUMBAI,98026.53,16/8/16,183157,5291.0
T949637,C7935746,M,CHENNAI,2992.2,10/9/16,204223,95.0
T467773,C4022243,M,PUNE,8176.35,21/8/16,182827,205.0
T404565,C9091446,M,PANCHKULA,97217.75,18/8/16,65748,100.0
T96244,C3368642,M,HOSUR,206.16,1/8/16,152020,4660.0
T880872,C6117819,M,FARIDABAD,7860.83,8/9/16,203612,250.0
T975683,C1731023,M,MUMBAI,47073.59,15/9/16,172147,1680.0
T561731,C5925256,M,ZIRAKPUR,12570.2,22/8/16,172646,800.0
T312619,C2454147,F,SILIGURI,3667.4,10/8/16,180617,998.01
T708773,C6537732,M,HYDERABAD,12793.16,3/9/16,85533,353.0
T1009105,C5216492,M,DASUYA,12834.86,14/9/16,185508,2300.0
T606301,C3530941,M,PUNE,23628.97,26/8/16,194838,200.0
T441113,C8328989,M,BARDDHAMAN,173.61,16/8/16,83721,50.0
T192805,C1938775,M,NOIDA,11240.96,9/8/16,180815,396.0
T32417,C6254728,F,GURGAON,76791.45,25/9/16,205429,1000.0
T998263,C4219867,M,BANGALORE,4885.4,14/9/16,80032,300.0
T855007,C7112325,M,NORTH 24 PARGANAS,13027.49,9/9/16,184347,1278.0
T804955,C3830149,M,MITAI BANDAR HYDERABAD,20930.58,5/9/16,184312,1347.0
T585090,C6835327,M,BANGALORE,12076.82,27/8/16,174005,198.0
T901711,C2221245,M,MUMBAI,46847.63,7/9/16,21030,1000.0
T432539,C3839274,M,DELHI,37133.81,17/8/16,200131,1337.6
T882903,C5742649,F,MATHURA,146710.41,8/9/16,213313,240.0
T221535,C2737350,M,SOPARA  MUMBAI,302.85,8/8/16,205442,254.0
T338342,C7530656,M,RUDRAPUR,6337.27,15/8/16,235621,270.0
T589938,C7121952,F,DELHI,10213.8,25/8/16,142556,5000.0
T681137,C5139413,M,SOCIETY MUMBAI,215680.29,30/8/16,70800,200.0
T264973,C8664891,M,WORLD TRADE CENTRE BANGALORE,23143.95,12/8/16,201928,3257.92
T309549,C2220641,M,AHMEDABAD,8987.98,10/8/16,150750,50.0
T497697,C5627248,M,REWARI,16704.72,19/8/16,94530,270.0
T82796,C8385727,M,HYDERABAD,154389.82,2/8/16,213344,1573.12
T741022,C8535692,F,GHAZIABAD,14131.96,2/9/16,195627,299.0
T668740,C8227545,M,PERNEM,66112.33,28/8/16,144024,4578.0
T701852,C3939268,M,MANALI,27302.95,30/8/16,170824,11500.0
T69878,C2995044,M,SURAT,632.54,2/8/16,130417,189.0
T185935,C1912147,M,MUMBAI,6763.42,9/8/16,143542,200.0
T859831,C2558889,M,FARIDABAD,104089.05,9/9/16,230705,361.78
T322491,C4872542,F,MUMBAI,80.49,10/8/16,221411,164.0
T25932,C3215623,F,GURGAON,522138.63,27/9/16,174048,287.0
T400656,C3473367,M,TIRUNELVELI,4657.91,18/8/16,61918,10.0
T460850,C4926484,M,ERNAKULAM,75112.74,21/8/16,151047,4951.0
T313292,C1331549,F,COIMBATORE,1993608.52,10/8/16,185349,1300.0
T476012,C1610245,M,BANGALORE,10912.36,20/8/16,1818,120.65
T98601,C2320392,M,NEW DELHI,40114.7,1/8/16,170807,1000.0
T982857,C4835733,F,AHMEDABAD,25576.63,15/9/16,93532,150.0
T331359,C3682031,M,NEW DELHI,72581.64,15/8/16,202610,1049.0
T146247,C2213191,M,RAIGAD,6.49,5/8/16,202613,30.0
T879604,C8714347,M,CHENNAI,851744.64,8/9/16,220451,430.0
T900979,C1232089,F,GURGAON,23934.26,12/9/16,175316,2195.0
T52161,C3640476,F,KANCHIPURAM,0.64,3/8/16,171159,5850.0
T667997,C1535835,M,NEW DELHI,74831.9,28/8/16,205124,305.0
T482393,C5013455,M,DELHI,79635.35,20/8/16,115302,31.0
T1022227,C1117552,M,TIRUPATI,17690.63,13/9/16,191413,100.0
T668363,C5155564,M,MOHALI,17014.81,28/8/16,153256,776.0
T994104,C2235737,M,BANGALORE,28359.55,15/9/16,212117,1590.0
T58380,C5434822,M,KOLAGHAT,6613.81,3/8/16,160523,499.0
T548978,C6739069,F,MUMBAI,1281.41,24/8/16,234309,14899.0
T972901,C2833845,M,DELHI,6052.22,10/9/16,114144,540.0
T549588,C1231040,M,BACKSIDE HUBLI,8816.27,23/8/16,175118,50.0
T152580,C8742339,F,RAICHUR,8624.06,5/8/16,212510,472.0
T662046,C5722844,M,PUNE,1010.24,31/8/16,111125,10.0
T284747,C6925859,M,THANE,13793.41,11/8/16,132628,874.0
T99056,C4328873,M,BANGALORE,15591.15,1/8/16,202048,74.0
T311607,C7648034,M,NARSANDA,10102.55,10/8/16,194431,150.0
T979807,C5720374,M,BANGALORE,421.94,15/9/16,150254,686.0
T218704,C5354752,F,HYDERABAD,8.54,7/8/16,185631,9.0
T941174,C1316487,M,GURGAON,2783.79,11/9/16,205650,130.0
T899100,C3010453,F,ERNAKULAM,12581.18,12/9/16,173751,349.0
T873365,C7140744,M,GHAZIABAD,5333.95,8/9/16,182245,1100.0
T439042,C4749933,M,MYSORE CITY,27367.7,16/8/16,102542,250.0
T207986,C6015415,M,VISAKHAPATNAM,138.04,8/8/16,170416,4990.0
T518602,C1429056,M,DEORIA,19769.76,19/8/16,200028,350.0
T543080,C8441545,M,HYDERABAD,151.76,24/8/16,183451,200.0
T109397,C2637844,M,PUNE,73000.49,6/8/16,65231,1500.0
T121332,C7880935,M,GURGAON,1968.83,6/8/16,184418,650.0
T943089,C2242469,M,NAINITAL,12251.68,11/9/16,180605,57.0
T386418,C8520531,M,MUMBAI,43635.94,13/8/16,183915,6600.0
T874766,C2629053,M,GURGAON,264523.15,8/9/16,180343,225.47
T263471,C7623431,M,NAGAUR,22.84,12/8/16,191710,30.0
T969884,C3520879,M,NEW DELHI,14781.05,10/9/16,151212,3250.0
T367835,C7038959,M,NEW DELHI,10180.03,14/8/16,204912,300.0
T849704,C2819678,F,GURGAON,300432.3,9/9/16,201142,1400.0
T32996,C1425239,M,PALAKKAD,15298.81,25/9/16,193705,1580.0
T467243,C6316541,M,BANGALORE,1710.72,21/8/16,134731,200.0
T955248,C7672773,F,MUMBAI,47242.43,10/9/16,191340,680.0
T428440,C4212020,M,NEW DELHI,37596.39,17/8/16,150612,128.75
T978402,C8632353,M,BAGALKOT DIST,14584.15,15/9/16,142555,100.0
T597085,C2937744,M,GORAYA,9033.41,26/8/16,220210,50.0
T581865,C6021460,M,RANGA REDDY,9062.6,22/8/16,204717,465.0
T685370,C5022192,M,AHMEDNAGAR,16982.62,30/8/16,164252,500.0
T616562,C7924985,M,MUMBAI,107.65,26/8/16,203950,354.56
T1013590,C7124651,M,SURAT,54090.11,14/9/16,215929,298.62
T108808,C8232929,M,HYDERABAD,15.39,6/8/16,140442,50.0
T779900,C2721820,M,RANCHI,73972.46,6/9/16,143048,102.06
T179832,C5219675,M,CHENNAI,556.57,4/8/16,211401,50.0
T1047040,C3111723,M,MUMBAI,5518.13,18/9/16,190151,4450.0
T1044764,C4020245,M,VISAKHAPATNAM,3643.68,18/9/16,110420,9281.0
T641572,C3521487,M,BARAN,16975.21,25/8/16,195212,50.0
T487828,C1840559,M,SECUNDERABAD,7885.3,20/8/16,121156,212.0
T920682,C3324840,F,KOLKATA,29117.42,11/9/16,90450,927.0
T194784,C7962057,F,BANGALORE,329795.82,9/8/16,202131,624.0
T580799,C3927171,F,KANPUR,17653.52,22/8/16,211558,431.0
T955140,C3211350,M,HYDERABAD,53.53,10/9/16,215646,315.0
T596361,C6729580,F,MUMBAI,12847.88,26/8/16,173322,1.0
T122352,C7970851,M,NEW DELHI,218240.11,6/8/16,184754,255.0
T754686,C5624891,M,BULANDSHAHAR,3753.63,1/9/16,193629,359.0
T270898,C5935672,M,KOLHAPUR,11977.13,12/8/16,190928,524.0
T404368,C3219131,M,BENGALURU,11410.43,18/8/16,103117,292.0
T240050,C5011756,M,CHENNAI,9240.79,7/8/16,171539,857.0
T882570,C3328676,F,HYDERABAD,109.75,7/9/16,202313,240.0
T245291,C2811926,F,PATIALA,181948.73,7/8/16,163153,2160.0
T370140,C2817043,F,GURGAON,10341.13,14/8/16,222024,2516.0
T585191,C2538318,M,BANGALORE,25931.13,22/8/16,201905,210.09
T230345,C7180186,M,SURYAPET,28758.9,7/8/16,152514,1151.0
T99630,C3724070,M,NEW DELHI,100458.83,1/8/16,210836,662.0
T448951,C6636761,M,GURGAON,15787.12,16/8/16,182058,608.0
T519270,C8931081,M,NEW DELHI,4369.86,24/8/16,134057,157.0
T394438,C8217789,M,KURNOOL,5113.78,13/8/16,204849,3053.9
T606298,C3937413,M,DELHI,796.29,26/8/16,195126,55.0
T758547,C4627056,F,DELHI,91265.45,1/9/16,183122,995.0
T561873,C9035533,M,DOHA,990.69,22/8/16,100425,51.44
T634365,C5034581,M,RAIGARH,136549.13,29/8/16,203953,220.0
T789395,C4316781,M,TEZPUR,3485.9,5/9/16,52255,3227.0
T290822,C8118737,F,SILIGURI,10668.71,11/8/16,175202,709.0
T770940,C4635352,M,NOIDA,11157.21,6/9/16,210035,426.0
T97822,C1027759,M,PAREL MUMBAI,41733.85,1/8/16,161217,50.0
T596643,C5410861,F,PUNE,11201.76,27/8/16,211537,66.0
T280066,C5726378,M,KOLHAPUR,6469.87,11/8/16,102018,47.0
T1045249,C1324570,M,NOIDA,12305.91,18/9/16,130227,30.0
T581632,C8024626,F,KOLKATA,4800.85,22/8/16,212458,1450.0
T617742,C2335855,M,NALANDA,21330.11,27/8/16,164724,400.0
T51341,C6353827,F,NOIDA,16308.6,3/8/16,173319,2151.0
T1019402,C4340683,M,ZIRAKPUR,260.43,13/9/16,192440,818.0
T89453,C6276628,M,RAIBAREILY,630.04,1/8/16,115121,820.0
T252072,C7617350,M,MUMBAI,19450.36,7/8/16,204734,640.0
T721310,C7219513,F,NAGPUR,73373.09,3/9/16,210140,4498.0
T990606,C8713175,M,NAVI MUMBAI,12414.43,15/9/16,205522,50.0
T103412,C1420462,M,KHARAGPUR,46480.92,1/8/16,202708,147.8
T879655,C1337382,M,THANE,11074.25,7/9/16,222604,1235.0
T434073,C7822839,M,MUNGELI,4881.57,17/8/16,213151,1998.0
T179470,C6715112,M,GADWAL,23491.09,4/8/16,220746,160.0
T168312,C1822289,M,GAUTAM BUDDHA NAGAR,4261.16,4/8/16,94542,113.0
T222458,C9040515,M,NEW DELHI,9658.63,8/8/16,202804,100.0
T988621,C2633537,M,DELHI,968.66,15/9/16,22421,100.0
T387560,C6325571,M,MUMBAI,34915.2,13/8/16,204705,2163.52
T657482,C8527438,F,NARWANA,146749.91,31/8/16,125525,101.15
T4874,C3934451,M,MUMBAI,793201.19,25/8/16,191238,1681.0
T285286,C3522420,F,AURANGABAD,26213.13,11/8/16,161940,2700.0
T292293,C8540211,F,IMPHAL WEST,11506.71,11/8/16,183434,310.25
T535423,C7024118,F,MUMBAI,6274.74,23/8/16,223305,1679.0
T322305,C8514786,F,NOIDA,3780.65,15/8/16,141947,50.0
T267428,C4536043,M,GURGAON,15617.68,3/9/16,124743,103.0
T161637,C6141947,F,GURGAON,54856.13,4/8/16,81255,1000.0
T697135,C2715872,F,MUMBAI,7524.9,30/8/16,135123,100.0
T627119,C1419252,M,HISSAR,223828.89,29/8/16,154523,949.0
T453112,C8222216,M,MUMBAI,6.97,16/8/16,231337,520.0
T303832,C1224272,M,GURGAON,19846.19,10/8/16,114551,99.0
T191178,C1039781,F,BANGALORE,247824.35,9/8/16,164606,144.0
T266599,C3180442,M,NEW DELHI,32812.16,3/9/16,112246,757.0
T66129,C9024165,F,MUMBAI,6274.74,2/8/16,51754,469.0
T998150,C3814834,M,JHAJJAR,31256.26,14/9/16,122323,1796.0
T341916,C9014185,F,GHAZIABAD,1986.05,15/8/16,215733,254.0
T73395,C7149676,M,DEHRADUN,16267.76,2/8/16,161815,48.0
T376936,C7020629,M,NEW DELHI,102570.54,13/8/16,103839,147.0
T666516,C7933180,M,BANGALORE,17288.07,31/8/16,65737,1880.0
T653232,C7739188,F,HYDERABAD,8451.6,31/8/16,162204,381.0
T364731,C4537956,F,AMRITSAR,15027.57,14/8/16,191209,703.0
T316263,C3338139,M,BANGALORE,96.57,10/8/16,205710,100.0
T515535,C2242088,F,KOLKATA,38990.49,19/8/16,165359,2500.0
T264641,C3139914,M,INDORE,215.44,12/8/16,161427,200.0
T769239,C6717617,M,HOSUR,13910.44,1/9/16,90348,50.0
T202076,C8013451,F,HISSAR,8105.82,9/8/16,221232,95.0
T532647,C6735516,F,VISAKHAPATNAM,11468.84,23/8/16,194416,90.0
T212817,C3313292,F,BANGALORE,703302.14,8/8/16,183059,4000.0
T894848,C6739662,M,VISAKHAPATNAM,81.54,7/9/16,123609,533.0
T60581,C3040886,F,AMBUR,2003.78,3/8/16,202743,156.0
T293325,C3682964,M,SHARJAH,20934.66,11/8/16,210238,4954.0
T897553,C2379951,M,JAIPUR,418.85,7/9/16,112539,650.0
T974607,C3423278,M,NEW DELHI,4173.33,10/9/16,100641,140.0
T279857,C4130376,M,ALIGARH,46927.14,11/8/16,124109,654.0
T348558,C5135842,M,AHMEDABAD,7578.98,14/8/16,124032,950.0
T692603,C8138386,M,BHUJ,15829.23,31/8/16,203114,50.0
T896200,C2519555,M,BAHADURGARH,0.0,7/9/16,131754,275.0
T178816,C2312212,F,MUMBAI,18063.42,4/8/16,211511,933.0
T91505,C4136745,F,BANGALORE,15120.05,22/9/16,163242,306.0
T833781,C4526024,M,SURAT,10771.07,4/9/16,123056,500.0
T782010,C4535733,M,KOLKATA,50994.2,6/9/16,140812,10.0
T931926,C8689971,F,JALANDHAR,524949.96,11/9/16,173244,2000.0
T724008,C6524468,F,MUMBAI,224.24,3/9/16,215540,20.0
T926956,C6638726,M,PINJORE,10421.32,11/9/16,80936,1800.0
T216602,C4839056,M,SIVASAGAR,5.15,8/8/16,202722,1258.0
T401834,C6759015,M,THANE,9472.9,18/8/16,100632,600.0
T61420,C7211285,M,MODI NAGAR,67725.1,3/8/16,224013,82.0
T24011,C6520758,M,VISAKHAPATNAM,204987.22,26/9/16,182031,2794.0
T361933,C4725941,F,GURGAON,106962.23,14/8/16,165806,649.2
T273031,C3723548,M,JIND,10329.2,11/8/16,3842,60.0
T230344,C4824162,M,APARTMENTS CHENNAI,3424.74,7/8/16,153113,300.0
T766189,C5135679,M,MEERUT,1464.33,1/9/16,121617,76.0
T794380,C3484014,M,NEW DELHI,21557.69,5/9/16,132559,150.0
T691797,C1525918,F,NEW DELHI,33155.55,30/8/16,154054,22.69
T750725,C2938024,M,KALYAN,5249.0,1/9/16,202134,2000.0
T203944,C4319443,M,THANE,24108.25,8/8/16,103706,500.0
T110382,C7735416,M,NAVI MUMBAI,90191.92,6/8/16,134122,23000.0
T860900,C1577182,F,CHENNAI,160378.91,8/9/16,102602,200.0
T323615,C2120330,F,MUMBAI,24820.46,15/8/16,152341,1080.0
T492032,C1132139,M,GURGAON,1132781.45,20/8/16,135929,150.0
T709864,C4870827,M,ADILABAD,1811.61,3/9/16,85900,35.0
T266037,C4621518,M,NAVI MUMBAI,5.8,3/9/16,105951,2184.0
T958353,C7312319,M,FARIDABAD NIT,116059.39,10/9/16,172136,237.0
T160109,C6536290,M,KOLKATA,7456.01,4/8/16,104352,8302.0
T727979,C5134768,M,NORTH 24 PARGANAS,28623.81,2/9/16,121105,92.65
T814179,C5829346,M,EXPRESS HIGHWAY MUMBAI,53233.53,4/9/16,201831,586.0
T358624,C1098264,F,NEW DELHI,11113.94,14/8/16,201031,1897.0
T656496,C1123159,M,DELHI,29835.09,28/8/16,225903,1281.0
T52822,C8730881,M,NEW DELHI,5442.66,3/8/16,171608,57.0
T651805,C3713837,M,BELGAUM,82193.17,28/8/16,205327,134.0
T741368,C8010576,M,NOIDA,17112.32,2/9/16,191349,1005.0
T1036167,C6511514,F,JAMMU,9026.94,18/9/16,155730,965.0
T675102,C4420689,F,LUCKNOW,32985.29,31/8/16,182934,26.0
T664131,C3734812,F,CHENNAI,18830.33,31/8/16,73615,200.0
T522655,C8337636,M,THANE,37886.28,19/8/16,235213,30.0
T152375,C7518811,M,NAGPUR,1619.38,5/8/16,204426,1000.0
T59933,C4826765,M,GAYA,28441.48,3/8/16,204126,398.0
T1029006,C2930949,F,GURGAON,27669.36,13/9/16,124632,798.05
T814244,C8123326,M,SALBONI MIDNAPORE W,4721.07,4/9/16,194008,190.0
T876656,C7479791,M,BHOPAL,16854.93,8/9/16,220329,500.0
T1045199,C1070456,M,VADODARA,8242.9,18/9/16,121908,1008.0
T252750,C4138846,F,COIMBATORE,27861.88,12/8/16,133506,24645.0
T298123,C8212230,M,NASIK,42220.38,11/8/16,223510,1040.0
T33245,C5133282,F,NEW DELHI,161561.55,25/9/16,194820,360.0
T479956,C9040130,M,CHANDIGARH,9993.27,20/8/16,102419,300.0
T601838,C1380121,F,CHANDIGARH,62023.69,25/8/16,111213,225.0
T751966,C7860332,M,JABALPUR,4517.81,1/9/16,200120,2153.0
T640812,C4314034,M,MUMBAI,16242.9,25/8/16,200656,309.0
T583868,C2342173,M,PUNE,95108.91,27/8/16,155324,1500.0
T884884,C2625764,M,BANGALORE,19488.53,7/9/16,184226,1060.0
T341864,C8410561,F,JAIPUR,13992.97,15/8/16,224120,100.0
T687412,C5014434,M,HYDERABAD,69.82,30/8/16,70122,80.0
T534426,C1611522,M,KOLKATA,2488.61,24/8/16,200453,198.0
T69745,C1642185,M,JORHAT,1282.06,2/8/16,135555,200.0
T1048015,C7782424,M,PATNA,113361.02,18/9/16,155147,23.43
T465253,C7433430,M,NEW DELHI,794743.98,21/8/16,191913,636.0
T345798,C1919586,F,MUMBAI,4389.12,14/8/16,95005,204.0
T126788,C6327352,M,CHENNAI,7478.52,6/8/16,192940,590.5
T737365,C2314269,M,BANGALORE,13019.94,2/9/16,175845,1799.0
T204881,C2328872,M,YAMUNANAGAR,1892.09,8/8/16,150825,220.0
T923272,C1037354,M,FARIDABAD,3340.7,11/9/16,93634,85.0
T476535,C5718643,M,DOMBIVALI EAST,61462.37,20/8/16,110211,1500.0
T571178,C6074518,M,GREATER NOIDA,1871.85,22/8/16,125457,50.0
T272780,C8319579,M,NEW DELHI,1932.65,11/8/16,95727,243.0
T65506,C7115744,F,MUMBAI,91224.7,2/8/16,150206,524.0
T678568,C4739981,M,MUMBAI,9653.51,28/8/16,193212,70.0
T717731,C5921671,M,KANCHEEPURAM,2724.81,3/9/16,184037,200.0
T823537,C1320134,M,UDAIPUR,22955.56,4/9/16,203342,3128.93
T163361,C8226180,M,FARIDABAD,9386.67,4/8/16,125009,200.0
T942743,C2589380,M,BANGALORE,501.1,11/9/16,182317,500.0
T102504,C3429147,M,NEW DELHI,2653.48,1/8/16,182143,14999.0
T89451,C1462428,M,DELHI,21430.21,1/8/16,105535,250.0
T287235,C1032143,M,LUDHIANA,6410.46,11/8/16,161202,458.85
T23658,C2042317,M,KAPURTHALA,1785.67,26/9/16,185023,28000.0
T801773,C7958290,M,FARIDKOT,1645.87,5/9/16,200257,300.0
T126643,C4782021,M,SHARJAH MAIN CITY,1019133.95,6/8/16,215056,1799.0
T664375,C8725383,M,MOHALI,6379.33,31/8/16,124434,2905.0
T949710,C5442225,M,AHMEDABAD,11644.75,11/9/16,214016,370.0
T132474,C8340156,M,BAREILLY,2282.65,5/8/16,113527,20.0
T802037,C3419836,F,BANGALORE,7800.87,5/9/16,192716,209.0
T21905,C7617867,F,HARIDWAR,18424.81,23/9/16,200108,300.0
T528924,C2135015,M,NEVILLE HOUSE MUMBAI,41750.03,24/8/16,122835,700.0
T833490,C1414179,M,SHAMSHABAD,35002.47,4/9/16,161409,207.0
T778796,C6936946,M,BANGALORE,16449.28,6/9/16,183404,4949.0
T660439,C2136324,M,NOIDA,19763.87,31/8/16,14032,140.0
T545417,C2134645,M,NEW DELHI,7036.31,23/8/16,223850,300.0
T406589,C2532620,F,BANGALORE,0.41,18/8/16,181224,60.0
T917454,C5019084,F,BENGALURU,7413.85,12/9/16,204935,130.0
T510553,C8842821,M,SURAT,32080.63,19/8/16,205823,500.0
T569688,C6027486,M,NEW DELHI,5925.28,22/8/16,174034,125.0
T314212,C1140992,M,ROHTAK,26320.4,15/8/16,74359,26927.1
T719452,C3625944,F,NEW DELHI,26473.76,3/9/16,204029,658.0
T1017116,C1342570,M,NOIDA,36872.95,13/9/16,85049,1.0
T59402,C6839414,M,K V RANGAREDDY,2509.82,3/8/16,212113,500.0
T316062,C6019179,M,GURGAON,20048.85,10/8/16,222949,300.0
T187484,C1621869,M,TRICHY URBAN,46779.11,9/8/16,141504,276.0
T29956,C4018784,F,NEW DELHI,18207.95,26/9/16,231407,1550.0
T135656,C3336619,M,NERUL NR POWER HOUSE NAVI MUMBAI,90.53,5/8/16,123334,6.26
T618744,C1835656,F,BANGALORE,56141.78,28/8/16,34719,35.0
T895132,C3524369,M,HADAPSAR PUNE,7844.49,7/9/16,140401,995.0
T17898,C2122750,M,KOLKATA,12779.76,26/9/16,141131,572.0
T1016415,C5741039,M,DELHI,33078.76,13/9/16,180858,3468.0
T779838,C4813043,M,THANE,38395.83,6/9/16,162133,6000.0
T318744,C8567882,M,NEW DELHI,311558.45,10/8/16,212005,14123.0
T701114,C6618474,M,NEWDELHI,7473.93,30/8/16,150705,1000.0
T267311,C7156665,M,BATHINDA,11050.16,3/9/16,115147,500.0
T924451,C5437059,M,LOWER PAREL MUMBAI,51521.08,12/9/16,224810,5155.0
T651705,C4027835,M,VARANASI,507.35,28/8/16,230159,1232.0
T686966,C7442565,M,MUMBAI,67811.06,30/8/16,175617,358.0
T503813,C4368235,M,MUMBAI,119965.29,19/8/16,152834,2537.0
T758830,C8911925,M,KOLKATA,95303.91,1/9/16,173527,25.0
T797694,C5638237,F,CHENNAI,9227.9,5/9/16,140607,500.0
T658450,C2565716,M,SAHARANPUR,11938.39,28/8/16,150347,280.0
T556179,C2412770,M,BANGALORE,813393.19,24/8/16,142933,816.0
T830012,C6613717,F,BANGALORE,173447.62,4/9/16,182323,50.0
T4245,C8227246,M,MUMBAI,635873.84,22/9/16,95922,463.48
T438858,C1137479,M,MORADABAD,2576.61,16/8/16,95322,50.0
T452593,C6416841,F,MUMBAI,31900.64,21/8/16,100700,320.0
T57560,C3422075,M,GURGAON,10808.79,3/8/16,153937,294.58
T818958,C5139616,M,MUMBAI,7796.91,4/9/16,190157,806.0
T320214,C6220014,F,PURNEA,323.18,15/8/16,20145,110.0
T37211,C6032766,M,SURAT,2843.19,30/9/16,195419,3500.0
T462555,C8628613,M,RAIGARH C G RAIGARH,5.18,16/8/16,231123,50.0
T472216,C7922960,M,GREATER NOIDA,144.19,21/8/16,222842,680.0
T326243,C8123531,F,KANPUR,6779.98,15/8/16,132725,417.0
T576699,C7128635,M,KOLKATA,5732.33,22/8/16,175119,301.0
T750440,C1679158,M,MUMBAI,1028.57,1/9/16,193024,828.0
T428431,C8115915,M,GURGAON,12035.46,17/8/16,170253,685.0
T909876,C6336381,M,KOLHAPUR,6835.15,12/9/16,95231,198.0
T1024185,C7435467,F,ROAD GURGAON,109.15,13/9/16,141309,147.0
T770331,C6225146,M,HYDERABAD,4484.42,6/9/16,193033,425.76
T562921,C8827787,M,NEW DELHI,35.82,22/8/16,232051,1710.0
T561057,C4814079,M,DEHRADUN,863.23,27/8/16,101142,101.15
T916258,C2733373,M,GURGAON,2452.97,12/9/16,190915,40000.0
T654805,C2635930,M,BAMBOLIM,4294.6,31/8/16,125809,457.9
T575824,C5211024,F,DAVANAGERE,13787.86,22/8/16,200336,892.0
T47763,C7811851,M,RANCHI,153273.76,3/8/16,153518,1406.0
T705074,C2917424,M,SANGRUR,16472.18,30/8/16,90339,100.0
T574260,C4130759,M,UTTAM NAGAR,6210.35,22/8/16,213608,352.0
T1015374,C5429643,M,DELHI,1200.62,13/9/16,203921,1540.0
T464031,C6913618,M,PATNA,4079.7,16/8/16,233633,20.0
T93701,C8232559,M,HYDERABAD,7873.57,1/8/16,133744,400.0
T326928,C6326144,F,KOLKATA,6297.81,15/8/16,110443,120.0
T406820,C4894988,F,UDAIPUR,42182.38,18/8/16,181608,200.0
T50226,C1214828,M,NOIDA,124013.05,3/8/16,153308,550.0
T809549,C2227515,M,MUMBAI,3232.83,5/9/16,194626,1098.0
T1003744,C3334573,F,GURDASPUR,2737.02,14/9/16,144445,325.0
T1028057,C6817591,F,DELHI,54397.97,13/9/16,110514,558.6
T244332,C3024341,M,MANGALORE,50289.91,7/8/16,212341,978.0
T715099,C5328913,M,VADODARA,6742.4,3/9/16,201006,420.0
T236591,C5747491,M,NEW DELHI,2024.69,7/8/16,130122,400.0
T1017714,C2865772,M,KOZHIKODE,4522.02,13/9/16,200204,1170.0
T909175,C1026020,M,AHMEDABAD,4861.59,12/9/16,110442,100.0
T458587,C3817128,M,THANE,12311.45,21/8/16,5925,280.0
T385809,C2533192,M,GURGAON,91666.02,13/8/16,174419,3175.0
T937420,C6739548,F,KOLKATA,11993.28,11/9/16,185506,1300.0
T412223,C2469017,M,NEW DELHI,54483.68,18/8/16,195528,3527.0
T1008260,C3637475,M,MUMBAI,4186.51,13/9/16,230926,230.0
T272421,C7681689,M,MUMBAI,10577.05,11/8/16,90626,151.0
T844456,C4438876,M,DELHI,1957706.9,9/9/16,153719,3748.0
T212832,C4741263,M,DELHI,62698.05,8/8/16,190024,53.0
T516312,C7142821,M,NEW DELHI,668.2,24/8/16,525,650.0
T893683,C1412864,M,BAREILLY,10452.17,7/9/16,115745,467.0
T127222,C7976738,M,GURGAON,7802.53,6/8/16,213452,540.0
T1048314,C5280067,M,CHENNAI,7362.44,18/9/16,182413,1259.0
T219755,C5414367,M,BANGALORE,29386.34,7/8/16,61836,700.0
T24924,C1219326,M,GURGAON,8120.98,26/9/16,174815,326.0
T565703,C1633959,M,DELHI,35683.01,22/8/16,134955,147.0
T241692,C5035724,M,DELHI,38684.76,7/8/16,190850,259.0
T115984,C6739521,M,NEW DELHI,2854.16,6/8/16,145658,6120.0
T583077,C1926026,M,DELHI,36898.82,22/8/16,224148,1756.0
T1020343,C3864558,F,MUMBAI,58204.68,13/9/16,172643,242.0
T1043423,C6120524,M,SRIPERUMBUDUR TK,36.82,18/9/16,121837,17.0
T680294,C6419357,M,CALANGUTE,20619.2,30/8/16,12845,249.0
T669211,C4914491,M,CHENNAI,27021.05,28/8/16,125056,650.0
T988159,C3937435,F,THANE,376.31,15/9/16,54500,400.0
T464543,C5521576,M,GURGAON,54445.88,21/8/16,120344,607.0
T671004,C2827431,M,NOIDA,752.56,28/8/16,155152,675.0
T999433,C3732885,F,MUMBAI,15352.7,14/9/16,135922,500.0
T312477,C2525154,M,MUMBAI,90067.05,10/8/16,171735,2103.41
T725880,C6840715,M,JAIPUR,7366.38,2/9/16,2903,100.0
T335921,C2755756,M,MUMBAI,122633.08,15/8/16,183711,700.0
T252348,C6229026,F,GURGAON,86397.81,7/8/16,151521,1094.0
T959710,C8428958,F,DELHI,11291.31,10/9/16,141632,639.0
T837301,C6442386,F,MUMBAI,141746.2,4/9/16,1109,325.0
T907441,C2112412,M,NAGPUR,46530.46,12/9/16,134133,1709.1
T659619,C7010937,F,MUMBAI,89190.89,28/8/16,233339,5251.77
T36568,C3341229,M,BHUBANESHWAR,2637.17,27/9/16,95050,3017.0
T371407,C4222217,M,PUNE,8176.35,13/8/16,120927,216.0
T878263,C5320542,M,BHILAI,12764.55,8/9/16,211455,130.0
T975420,C4130550,F,KHAMMAM,28000.37,10/9/16,101442,30.0
T1017832,C5123450,M,BAUG CIRLCE SURAT,263679.29,14/9/16,210601,1619.0
T644441,C3154852,M,MUMBAI,6036.1,29/8/16,130524,110.0
T450303,C5429758,M,ROHTAS,4967.31,16/8/16,202944,1664.41
T125908,C6137733,F,FARIDABAD,1198.98,6/8/16,193037,2000.0
T745400,C5422386,M,BHUBANESHWAR,106.59,1/9/16,215335,200.0
T933760,C8541970,M,BANGALORE,4148.36,11/9/16,135812,1675.0
T259667,C3047343,M,CHENNAI,0.78,12/8/16,160209,261.0
T840520,C8573245,M,TIRUVALLUR,19915.5,9/9/16,141002,230.0
T712105,C2268560,F,NEW DELHI,14281.11,3/9/16,185322,2198.0
T238365,C5320672,M,NEW DELHI,223565.7,7/8/16,170022,290.0
T1001338,C6120057,M,ALWAR,78.76,14/9/16,161449,50.0
T912805,C8318692,F,NORTH 24 PARGANAS AXIS MALL KOLKATA,233484.64,12/9/16,182956,580.0
T576566,C6568872,M,MUMBAI,59752.01,22/8/16,200856,111037.12
T466420,C8829020,M,DELHI,361.13,21/8/16,170653,2627.91
T239331,C7028925,M,NOIDA,9484.01,7/8/16,165844,3496.02
T420825,C1913252,F,NEW DELHI,115490.5,17/8/16,154357,190.0
T421289,C6829567,M,NEW DELHI,4752.93,17/8/16,110524,2147.5
T383984,C8413412,M,BANGALORE,39.95,13/8/16,154601,348.06
T16121,C2229454,F,DOMBIVALI THANE,3711.06,26/9/16,193834,364.0
T323768,C2710676,M,NEW DELHI,39272.57,10/8/16,141557,35.0
T178630,C2097825,M,NOIDA,21944.33,4/8/16,220147,100.0
T240966,C8237942,F,NOIDA,34807.41,7/8/16,164908,2500.0
T81981,C8482454,M,VISAKHAPATNAM,6655.96,1/8/16,3101,50.0
T735522,C7429618,F,AGRA,1182.42,2/9/16,124852,760.0
T240466,C3910978,M,AHMEDABAD,25331.36,7/8/16,142649,1732.0
T942469,C6172971,M,KASHIPUR,10633.13,11/9/16,185658,399.0
T491003,C2040687,F,ALIGARH,479.13,20/8/16,202742,598.0
T170369,C2821262,M,HYDERABAD,,4/8/16,180105,518.0
T427324,C3529037,M,NEW DELHI,12950.82,17/8/16,150811,375.85
T911040,C7919677,M,SRIPERUMBUDUR,12608.39,12/9/16,51015,10.0
T365742,C6721689,F,NEW DELHI,41623.37,14/8/16,192419,2660.0
T95217,C8311939,F,HOWRAH,226568.73,1/8/16,140322,3702.0
T544709,C6939858,M,THIRUVALLUR,4260.19,24/8/16,182423,50.0
T903620,C8517750,M,HALOL,17354.82,12/9/16,173218,1000.0
T414079,C2653343,M,GURGAON,17397.4,18/8/16,194150,100.0
T530400,C3361968,M,NEW DELHI,11260.42,24/8/16,200355,30.0
T263260,C8773385,M,MOHALI,1444528.93,12/8/16,143542,374.0
T1015997,C1829418,M,KHANNA,144671.72,13/9/16,193003,1794.0
T750314,C6822615,M,BURDWAN,17166.1,1/9/16,222022,770.0
T424616,C7619021,F,THANE,20396.35,17/8/16,140414,1110.0
T679003,C1929392,F,MUMBAI,565188.86,28/8/16,140032,30.0
T411163,C1231879,M,FARIDABAD,35.06,18/8/16,213121,180.0
T1041354,C6639224,M,PUNE,87.1,18/9/16,140048,991.0
T413253,C4438938,F,BANGALORE,337.1,17/8/16,125125,1100.0
T1001927,C1228935,M,GHAZIABAD,13573.62,14/9/16,153646,300.0
T561583,C8168426,M,PUNE,3851.93,27/8/16,183645,50.0
T733103,C8137467,F,NAVI MUMBAI,10273.02,2/9/16,165424,280.0
T211485,C1021667,M,BHOJPUR,1753.49,8/8/16,153215,300.0
T989727,C2269763,M,ROURKELA,1406.86,15/9/16,225946,236.52
T963162,C7026172,M,SHAMLI,42723.73,10/9/16,141435,80.0
T341686,C2298438,F,NASHIK,13642.82,15/8/16,214751,159.31
T559954,C6531731,M,UDUPI,4255.95,27/8/16,83234,1700.0
T336142,C5515253,F,AMBALA,8852.85,15/8/16,190950,449.51
T725771,C2028715,M,BANGALORE,4752.51,3/9/16,220653,200.0
T740340,C6331524,M,SCHOOL K V RANGAREDDY,11314.16,2/9/16,203205,1595.0
T322019,C2724279,M,GURGAON,121060.05,15/8/16,144800,35.0
T626413,C1725672,M,DELHI,172048.94,25/8/16,182620,250.0
T2341,C2142040,F,AGRA,93.86,21/10/16,160253,1200.2
T1022820,C3441944,M,GURGAON,17387.06,13/9/16,183607,25.0
T954246,C6811240,M,COIMBATORE,66252.64,10/9/16,205211,239.0
T424393,C3214736,M,MUMBAI,300425.12,17/8/16,140145,70.0
T853891,C3223567,M,PINJORE,20729.39,9/9/16,195812,200.0
T745211,C2136425,F,CHENNAI,63834.73,2/9/16,195730,3135.0
T8726,C2279455,M,BANGALORE,16382.1,22/9/16,131348,104.94
T431710,C4116016,M,GURGAON,192.33,17/8/16,190852,297.0
T917899,C8841880,M,HYDERABAD,79588.44,12/9/16,200507,436.76
T93922,C5435917,M,GURGAON,5295.78,1/8/16,145603,200.0
T545158,C4431460,M,BANGALORE,40183.71,23/8/16,91908,300.0
T651480,C8016145,,MUMBAI,44590.44,31/8/16,133111,1516.0
T764449,C6220481,F,BANKURA,1296.68,1/9/16,113334,30.0
T563792,C7235526,M,DELHI,38488.52,27/8/16,165158,175.0
T921758,C2927874,M,GURGAON,66.42,12/9/16,203437,1090.0
T65577,C5190979,F,PRABHANI,55894.08,2/8/16,125210,100.0
T543083,C2929782,M,PATNA,13728.11,24/8/16,184711,300.0
T433026,C3234633,M,GURGAON,17673.8,17/8/16,122824,60.0
T271939,C1923664,M,MUMBAI,22881.04,12/8/16,195811,690.0
T348583,C3725524,M,MUMBAI,14175.3,14/8/16,134917,50.0
T692879,C8112572,M,INDORE,21261.22,30/8/16,54952,110.0
T550815,C7712516,M,DELHI,15889.41,23/8/16,130842,576.07
T960648,C7313637,M,CHENNAI,13841.45,10/9/16,155646,517.84
T518352,C2432588,F,RANCHI,173751.74,19/8/16,193343,320.0
T593299,C4717517,M,NOIDA,201976.41,26/8/16,170919,1500.0
T192494,C3826653,M,MUMBAI,14578.5,9/8/16,204319,485.0
T83205,C1112791,M,MUMBAI,43286.37,1/8/16,4922,650.0
T996626,C8617177,M,CHENNAI,1974.76,15/9/16,212034,564.0
T646671,C2242630,M,DRIVING SCHOOL BANGALORE,331340.99,25/8/16,114635,400.0
T287469,C4415284,M,GURGAON,74.57,11/8/16,170739,102.21
T379025,C8739162,M,MOHALI,16275.06,13/8/16,161350,800.0
T392019,C9022284,M,PUNE,17143.78,13/8/16,203906,590.0
T520161,C1940628,M,CHAMPARAN,4266.27,24/8/16,134608,75.0
T332081,C8023011,M,CHENNAI,56202.21,15/8/16,152754,120.0
T434368,C6726168,M,DEVANAHALLI BANGALORE,5559.77,17/8/16,203720,50.0
T680447,C2632731,F,MUMBAI,2517.96,30/8/16,203600,1.4
T621086,C3425626,M,BANGALORE,18696.22,27/8/16,185649,383.0
T216368,C7225052,F,NEW DELHI,64159.51,8/8/16,160858,50.0
T43154,C7085223,M,NURMAHAL,46945.24,3/8/16,73408,50.0
T611056,C1020792,F,DEHRADUN,44386.36,25/8/16,74205,39.0
T568466,C7775116,M,BHIWANDI,5657.06,27/8/16,133644,250.0
T357144,C2738947,M,NOIDA,261055.82,14/8/16,130036,269.0
T516503,C1917168,M,ABU DHABI,610098.05,24/8/16,95141,500.0
T880846,C3710818,M,PUNE,67913.62,8/9/16,225158,1380.0
T8054,C7122369,M,HOWRAH,593773.11,25/9/16,234549,19316.0
T517865,C6230831,M,ALWAR,6.51,19/8/16,222515,20.0
T782072,C7741763,M,JEHANABAD,6546.67,6/9/16,165326,466.0
T662733,C3340992,F,NEW DELHI,19584.33,31/8/16,91044,2159.0
T356407,C1917948,F,BANGALORE,120998.36,14/8/16,190138,1634.88
T221952,C7731187,M,FAZILKA,8260.49,8/8/16,201543,700.0
T909198,C7113021,M,BANGALORE,31252.72,12/9/16,143327,250.0
T926297,C8134156,M,NEWDELHI,3562.37,11/9/16,130547,25000.0
T597857,C1217531,M,MUMBAI,70943.7,26/8/16,142944,112.0
T12293,C4913413,M,HYDERABAD,323646.39,26/9/16,214710,459.0
T364029,C8235342,M,ANDHERI E MUMBAI,7281.43,14/8/16,222631,264.0
T953860,C3058185,M,NEW DELHI,7943.83,10/9/16,183211,1125.0
T186135,C2225915,M,MAHABUBNAGAR,7138.22,9/8/16,143149,1.0
T185119,C1740963,F,GHAZIABAD,20469.13,9/8/16,124738,29.0
T429226,C4414149,F,NEW DELHI,27373.21,17/8/16,161942,3800.0
T24158,C1842557,F,MUMBAI,156338.22,27/9/16,164017,580.0
T223621,C1680953,M,BANGALORE,30.1,8/8/16,200154,55.0
T764329,C9032933,M,HUBLI,548.4,1/9/16,113938,255.0
T819884,C4940071,F,NEW DELHI,36945.66,4/9/16,175908,888.0
T807554,C4527473,F,KHARAR,1182.05,4/9/16,211258,53.0
T647511,C6739453,F,NEW DELHI,18825.68,25/8/16,203601,240.0
T270382,C8485044,F,BALLIA,1775.7,12/8/16,191107,40.0
T337962,C2923891,M,DELHI,15519.64,15/8/16,173958,341.0
T521203,C1310179,F,BAHADURGARH,370.9,24/8/16,114613,50.0
T319723,C5113574,F,DELHI,73956.21,10/8/16,210003,212.0
T766450,C8022714,M,COIMBATORE,47598.06,1/9/16,112914,13436.0
T871870,C9067638,M,NOIDA,3273.6,8/9/16,160802,500.0
T666421,C2885432,M,KOLKATA,29178.73,28/8/16,220823,1000.0
T1048466,C3110734,M,GURGAON,18005.91,18/9/16,94430,400.0
T908280,C3435186,M,TAL DIST PALGHAR BOISAR,54.82,12/9/16,150716,1297.75
T293185,C4218425,F,CHENNAI,10856.85,11/8/16,191155,302.0
T918390,C7834211,M,LUCKNOW,5766.02,12/9/16,222306,606.48
T747294,C3635266,M,BANGALORE,66933.25,1/9/16,214506,320.0
T1007925,C1428378,M,JODHPUR,1039.47,14/9/16,165933,150.0
T13174,C3124859,M,BHOPAL,14870.99,26/9/16,230248,2552.0
T723338,C4233244,F,NEW DELHI,161561.55,2/9/16,64636,287.0
T278274,C3430080,M,ANDHERI (EAST) MUMBAI,109.16,11/8/16,90232,320.0
T235405,C4919288,M,ANKLESHWAR,155355.63,7/8/16,145142,110.0
T970982,C5435477,M,DELHI,81528.54,15/9/16,154050,950.0
T848279,C4856890,M,GURGAON,12840.91,9/9/16,102937,300.0
T425314,C6914076,M,MUMBAI,16242.9,17/8/16,193218,4299.27
T75345,C6833447,M,JAIPUR,909.66,2/8/16,183716,375.0
T1037206,C7237156,M,ROURKELA,32588.88,18/9/16,132912,835.51
T181442,C4470188,M,JODHPUR,0.47,9/8/16,104827,200.0
T755932,C4810149,M,DURGAPUR,68843.55,1/9/16,192648,259.0
T573204,C6625743,M,RANGA REDDY,11808.37,27/8/16,93624,500.0
T574031,C4413980,M,KOLKATA,192.55,27/8/16,125908,20.0
T530487,C1020436,F,BANKURA,1296.68,23/8/16,201101,20.0
T781925,C2333378,F,MUMBAI,43585.95,6/9/16,154557,468.0
T78768,C2411331,M,AZAMGARH,145.26,2/8/16,202414,270.0
T907986,C5560052,M,KOLKATA,3136.12,12/9/16,121202,650.0
T97448,C1332633,M,NGR 3RD PHASE BANGALORE,5038.43,1/8/16,161057,299.0
T649864,C5634483,M,AHMEDABAD,11681.71,25/8/16,214605,470.0
T180065,C4124878,M,GHAZIABAD,2807420.85,9/8/16,133917,4087.0
T264629,C3524884,M,KOLKATA NEAR COLLEGE MORE KOLKATA,65352.36,12/8/16,165219,3462.0
T85554,C5918566,F,NEW DELHI,25112.86,1/8/16,92225,25.0
T760384,C7333067,M,JALANDHAR,195959.66,1/9/16,153645,1118.0
T473499,C5725870,M,DELHI,75387.55,21/8/16,143449,6000.0
T870576,C8418290,M,AMBAWADI,263.11,8/9/16,160017,705.0
T8024,C8318616,M,MUMBAI,11460.92,25/9/16,231514,622.0
T333399,C3130371,F,JAMSHEDPUR,82832.31,15/8/16,162738,791.0
T759363,C3747077,M,CHENNAI,10138.7,1/9/16,164700,147.0
T161529,C8927933,M,MUMBAI,736659.12,5/8/16,230820,835.0
T39351,C7110159,F,(MOHALI) KHARAR,439.71,27/9/16,124919,50.0
T257908,C5425775,F,BAHADURGARH,159702.03,12/8/16,120652,12309.0
T676644,C6097486,F,GURGAON,423375.47,28/8/16,111449,500.0
T665394,C5141626,M,SAHARANPUR,112779.12,28/8/16,202717,1380.0
T779210,C7040512,F,HYDERABAD,19802.54,6/9/16,160129,3740.0
T727283,C2114035,M,ESTATE WORLI NAKA MUMBAI MUMBAI,4144.87,2/9/16,125756,300.0
T806373,C6729687,M,HYDERABAD,104209.36,5/9/16,221646,2670.0
T507062,C8620751,M,GHAZIABAD,38440.32,19/8/16,30836,3825.6
T415131,C5027515,M,KARIMNAGAR,50097.12,17/8/16,91608,19.0
T761014,C3630874,F,GURGAON,133291.39,1/9/16,150450,1559.0
T737843,C6619421,M,KASHIPUR,18594.09,2/9/16,183408,399.0
T1045261,C7933651,F,HYDERABAD,4686.44,18/9/16,114033,3490.51
T714737,C5139059,F,KALYAN WEST,11689.72,3/9/16,200538,800.0
T23690,C5034340,M,AGARTALA,4961.9,26/9/16,162451,2168.24
T424685,C6630680,M,NAVI MUMBAI,4335.14,17/8/16,144817,1039.0
T194804,C7232539,F,MUMBAI,41486.07,9/8/16,202517,3760.0
T835987,C1827489,M,DELHI,5287.14,4/9/16,125742,998.0
T15163,C6441636,M,JAIPUR,231733.42,26/9/16,152224,5.42
T620332,C3316454,M,CHEMBUR (EAST) MUMBAI,140021.75,26/8/16,150106,322.4
T935964,C8724060,M,AMBALA,22536.3,11/9/16,174723,300.0
T376486,C3818745,M,KOLHAPUR,17461.72,13/8/16,102623,100.0
T811670,C2942169,M,GURGAON,4987.32,4/9/16,194343,510.0
T760520,C1246930,F,NOIDA,27342.51,1/9/16,155540,784.0
T286493,C1340113,M,DOHA,28.11,11/8/16,130011,36052.55
T501378,C2936279,M,GURGAON,5745.39,20/8/16,200937,327.0
T398773,C8294055,F,THANE,10403.54,18/8/16,113316,47.0
T66561,C6623083,M,KRISHNA DISTRICT,9.88,2/8/16,115754,43.0
T113327,C7342175,F,KANNUR,9429.1,6/8/16,111559,267.0
T155609,C2231115,F,WEST MUMBAI,583.67,3/9/16,150555,636.47
T472681,C5017869,M,CHANDIGARH,26564.86,21/8/16,194412,300.0
T329653,C2520468,M,SANGRUR,76328.02,15/8/16,163441,15.0
T952370,C1720833,F,PANAJI,7941.88,10/9/16,194326,550.0
T1039753,C6732024,M,NOIDA,20176.38,18/9/16,145259,3971.0
T513684,C7811782,M,UJJAIN,11545.37,19/8/16,194945,350.0
T74833,C3922021,F,NAVI MUMBAI,103789.25,2/8/16,183432,4000.0
T382134,C4090522,M,MUMBAI,117357.02,13/8/16,185259,2322.0
T463770,C4130871,M,GULBARGA,3931.63,21/8/16,171707,100.0
T559474,C4210859,F,MANGALORE,23423.38,27/8/16,183803,970.0
T31760,C4265151,M,GURGAON,50044.07,26/9/16,224826,2098.0
T425559,C4413614,M,GHAZIABAD,5278.6,17/8/16,104130,250.0
T661061,C7421488,M,DELHI,923467.19,31/8/16,111802,1377.72
T747830,C1613312,M,CHANDIGARH,198959.82,2/9/16,234523,611.0
T800836,C8428477,F,BANGALORE,16729.23,5/9/16,170014,100.0
T867583,C7721687,M,KHEDA,16396.17,8/9/16,130514,70.0
T740970,C3120686,M,GURGAON,58371.6,2/9/16,202020,250.0
T922614,C2136573,M,BANGALORE,5528.0,11/9/16,3221,87.0
T994313,C2236255,F,AHMEDABAD,20205.36,14/9/16,122308,200.0
T29923,C1731737,M,MARG LOWER PAREL MUMBAI,41099.42,27/9/16,155651,3700.0
T614020,C7931621,F,BANGALORE,919.48,27/8/16,172832,50.0
T995768,C4415740,M,NEW DELHI,78658.04,14/9/16,124416,500.0
T787626,C3527448,M,LUDHIANA,78345.87,6/9/16,94004,606.9
T197636,C3755091,M,HYDERABAD,3788.16,8/8/16,72952,79.0
T506022,C5467013,F,DELHI,2721.04,20/8/16,232245,30.0
T42304,C3811516,M,NAIHATI,19703.05,3/8/16,3408,102.0
T865219,C5012720,M,DELHI,375688.56,8/9/16,151606,700.0
T159206,C2332047,M,BANGLORE,11461.07,4/8/16,112237,500.0
T47668,C5979649,F,DELHI,143.16,3/8/16,142021,447.0
T390391,C2364551,M,BYPASS HADAPSAR PUNE,15189.79,13/8/16,231551,2570.0
T565136,C7029937,F,KOLKATA,7772.37,27/8/16,173037,4150.0
T484194,C1811439,M,FARIDABAD,239510.59,20/8/16,83709,800.0
T142977,C2439935,F,GURGAON,6297.81,5/8/16,144556,1283.13
T1004371,C6214118,M,JALANDHAR,36838.59,14/9/16,173410,600.0
T783898,C1833958,M,FARIDKOT,136917.32,6/9/16,134713,450.0
T101227,C3433264,M,BHIWADI,44083.12,1/8/16,185730,293.28
T25172,C3213138,F,MALAD WEST MUMBAI,1683.97,26/9/16,150242,239.0
T128269,C5135291,M,NAGPUR,9733.87,6/8/16,233328,2170.0
T859101,C7658688,M,RANGA REDDY,12062.1,9/9/16,214155,239.0
T156409,C4342330,F,PUNE,13100.96,3/9/16,153354,1800.0
T944910,C6451377,M,JAIPUR,13926.17,11/9/16,112830,50.0
T330587,C6012226,F,BANGALORE,118.26,15/8/16,131732,152.0
T913429,C5630544,M,BHIWANDI,30609.56,12/9/16,175127,800.0
T577128,C5634260,M,MUMBAI,30065.02,22/8/16,221959,5.28
T1013438,C1956351,F,FARIDABAD,13988.23,13/9/16,195440,614.0
T778772,C2438292,M,NORTH 24 PARGANAS,333.33,6/9/16,182934,2034.0
T792553,C2524572,F,NEW DELHI,2189122.48,5/9/16,125139,1200.0
T119813,C2246164,F,NAGPUR,34881.39,6/8/16,160233,9094.0
T491841,C1169433,F,MUMBAI,5616.34,20/8/16,214349,118.9
T286287,C3932850,M,GAUTAM BUDDHA NAGAR,6014.19,11/8/16,150110,620.0
T953912,C8518915,M,MATHURA,17440.38,10/9/16,205032,123.0
T359484,C1631433,M,PANCHKULA,50155.83,14/8/16,171910,1006.95
T127729,C8721034,M,KOLKATA,39265.91,6/8/16,203929,204.0
T123409,C5515474,M,BANGALORE,40664.82,6/8/16,195611,246.0
T842358,C3022666,M,MUMBAI,65241.09,4/9/16,11401,700.0
T68827,C4631524,M,ALWARDAS GROUND VISAKHAPATNAM,30171.86,2/8/16,140229,2946.0
T125051,C2949886,M,NEW DELHI,2045.47,6/8/16,181458,11.51
T279218,C1516818,M,GURGAON,47847.05,11/8/16,121505,299.0
T820077,C3480377,M,BANGALORE,108516.51,4/9/16,191027,257.0
T134769,C4540383,M,NEW DELHI,31584.64,5/8/16,121757,611.0
T711651,C6924745,F,HYDERABAD,1583.2,3/9/16,181357,1116.0
T414655,C8822186,M,GURGAON,8880.7,18/8/16,194555,1120.0
T876625,C4565174,F,NOIDA,20150.67,8/9/16,225942,388.0
T559552,C7614853,M,BANK MARINE LINES MUMBAI,36725.06,22/8/16,231725,304.0
T429087,C1022727,M,KOLKATA,314770.67,17/8/16,171821,300.0
T600546,C3531863,M,CHENNAI,9556.38,26/8/16,193608,700.0
T988806,C4341050,F,BANGALORE,16179.37,15/9/16,235028,36.0
T79484,C4138161,F,NEW DELHI,305142.03,2/8/16,205737,999.0
T361143,C5333640,M,PUNE,77849.49,14/8/16,170530,14400.0
T756280,C8531468,F,BANGALORE,0.04,1/9/16,190025,50.0
T444463,C6412137,F,CHANDIGARH,45667.34,16/8/16,151916,1545.0
T312521,C5574429,F,NEW DELHI,16466.31,10/8/16,164918,162.1
T98061,C3626321,M,NEW DELHI,1014577.84,1/8/16,113122,8.01
T635313,C3764834,M,KOLKATA,107472.66,29/8/16,190119,105.0
T900406,C2837018,M,NASHIK,415381.02,7/9/16,2436,99.0
T619525,C2717076,M,BANGALORE,9953.64,28/8/16,72434,358.0
T150966,C4737611,M,DERA BASSI,0.04,5/8/16,233436,120.0
T38198,C3140214,M,MARG MUMBAI,2210.48,27/9/16,181318,27.0
T460984,C2527561,M,MUMBAI,3232.83,16/8/16,214815,500.0
T897374,C6324325,M,SURAT,695.92,7/9/16,124305,10.0
T375509,C6245461,M,FARIDABAD,16314.49,13/8/16,140721,40000.0
T861293,C8415448,M,HOSHIARPUR,250.45,8/9/16,90056,99.0
T102625,C4823442,M,DELHI,17070.31,1/8/16,225939,126.0
T756669,C5535738,M,THANE,133372.54,1/9/16,173745,2774.59
T149687,C2791945,M,JAIPUR,3050.1,5/8/16,131551,10.0
T501160,C1036692,M,FIROZABAD,11158.52,20/8/16,192512,300.0
T533790,C2329170,M,GURGAON,2464630.42,24/8/16,210716,3695.0
T226316,C1235627,F,ERNAKULAM,1980.74,7/8/16,100736,901.0
T542869,C5025770,F,WAYANAD,0.99,24/8/16,190316,459.0
T733496,C8416758,F,NEW DELHI,159778.32,2/9/16,181801,12000.0
T155570,C4733785,M,SEONI MALWA,8916.97,3/9/16,153409,98.0
T244799,C6459166,M,NIPANI AMRAVATI,1.35,7/8/16,181313,10.0
T810042,C7430970,M,CHENNAI,24566.22,4/9/16,212115,1494.0
T950694,C6511112,M,MUMBAI,191311.54,11/9/16,221824,1476.0
T730222,C7115834,M,LUCKNOW,1363.81,2/9/16,151707,40.0
T1024212,C1029336,F,MUMBAI,565188.86,13/9/16,185157,6389.0
T935830,C6621535,M,MUMBAI,159618.98,11/9/16,153746,800.0
T932136,C6713392,M,BANGALORE,21041.27,11/9/16,173030,620.0
T807316,C2119968,M,SIRMOUR,15.77,4/9/16,231102,101.15
T97350,C6210311,M,DELHI,5999.71,1/8/16,202450,239.0
T557568,C7026829,M,MORADABAD,23400.14,22/8/16,150550,300.0
T539868,C5122678,F,GURGAON,16907.14,24/8/16,182417,2350.0
T48533,C5522054,M,KUMBHARIYA ROAD MAGUB SURAT,82145.01,3/8/16,151312,386.96
T229273,C6339416,M,MUMBAI,209140.13,7/8/16,121944,2800.0
T222140,C1037443,M,MUMBAI,6793.84,8/8/16,211832,200.0
T867090,C1817467,M,NEW DELHI,128900.43,8/9/16,160430,2790.0
T253916,C7711472,M,DELHI,3159.37,12/8/16,94301,2371.94
T72548,C4212981,F,MUMBAI,84098.47,2/8/16,180231,2875.0
T774940,C1934034,M,SURAT,13674.59,6/9/16,191103,1417.5
T1001466,C3435086,M,DELHI,33385.42,14/9/16,130825,861.0
T30784,C4441621,F,WARANGAL,1631.44,25/9/16,203600,1071.0
T544131,C8218649,M,IMPHAL,1049.5,23/8/16,204810,170.0
T483667,C6123112,M,BANGALORE,163092.25,20/8/16,93649,229.0
T171304,C2056991,M,GURGAON,25020.43,4/8/16,183419,1840.0
T674749,C2226621,M,MUMBAI,27693.73,28/8/16,132401,67.54
T756500,C5311091,M,GORAYA,95409.53,1/9/16,174140,200.0
T932167,C3720339,F,SAS NAGAR,5626.37,11/9/16,164348,367.0
T689169,C1814075,M,THRISSUR,8881.25,30/8/16,180847,35.4
T380940,C1397318,M,BADDI,9160.2,13/8/16,142813,100.0
T216558,C7241319,F,BANK NAVIMUMBAI,2639.28,8/8/16,160726,500.0
T726204,C1837022,M,SONIPAT,5269.55,2/9/16,83654,147.0
T629291,C9025869,M,BANGALORE,21291.71,25/8/16,153637,399.0
T957084,C4393218,M,INDORE,67.56,10/9/16,182913,2190.0
T828355,C3735747,M,GURGAON,1479.78,4/9/16,62646,60.0
T548154,C1115882,M,NEW DELHI,40.92,23/8/16,13312,109.0
T646022,C4312977,M,BANGALORE,19565.21,25/8/16,143349,511.0
T858118,C2020236,M,MUMBAI,44631.97,9/9/16,234335,582.0
T288044,C7941372,M,DELHI,10196.18,11/8/16,165035,903.0
T370921,C2619947,M,VISAKHAPATNAM,233.37,14/8/16,211856,1000.0
T1024891,C7329059,M,DEORIA,19769.76,13/9/16,140538,500.0
T353752,C1515571,M,GURGAON,14590.62,14/8/16,182111,698.0
T624841,C5278744,M,BANGALORE,4085.31,25/8/16,171614,300.42
T979217,C8015227,F,BANGALORE,1679.47,15/9/16,94006,265.0
T438674,C5617135,F,JAMNAGAR,28209.82,17/8/16,224217,33.0
T261571,C4126150,F,CHANDIGARH,10228.86,12/8/16,182636,777.89
T700144,C6839112,M,PATNA,22779.89,30/8/16,151336,59.0
T567533,C3357679,M,KOLHAPUR,6119.2,22/8/16,170601,178.0
T244890,C5916655,M,CUDDALORE,6338.82,7/8/16,215538,171.0
T789340,C6327433,M,NAVI MUMBAI,5959.83,5/9/16,93812,100.0
T1029140,C3032251,F,GURGAON,5474.68,13/9/16,131709,1132.0
T605279,C3225936,F,MUMBAI,38323.98,26/8/16,150017,828.6
T803524,C3499427,M,NAVI MUMBAI,33950.41,5/9/16,203221,310.0
T439117,C4311270,F,GURGAON,34274.92,17/8/16,210606,50.0
T435452,C1084316,F,MUMBAI,5742.34,17/8/16,203556,510.0
T943691,C3559957,F,PARGANAS,30743.2,11/9/16,182427,500.0
T655215,C6526967,M,NOIDA,123345.89,31/8/16,192153,25000.0
T703914,C2940550,F,GURGAON,17176.27,31/8/16,182621,3221.0
T156459,C3036744,M,NEW DELHI,10384.57,3/9/16,152331,699.0
T846903,C7429941,F,INDORE,709660.68,9/9/16,121507,199.0
T114930,C6416919,F,RANGA REDDY,2778.4,6/8/16,130821,8000.0
T682652,C2336684,M,BUSINESS PARK BANGALORE,633080.47,28/8/16,130309,540.0
T14230,C6329389,M,DEHRADUN,72052.8,26/9/16,191938,1000.0
T324247,C5867616,F,LUCKNOW,312.72,15/8/16,160312,1089.0
T686750,C6021372,M,KIDS NURSERY MUMBAI,27876.35,30/8/16,175407,175.0
T961415,C1327236,F,CHENNAI,72547.4,10/9/16,152908,5000.0
T34257,C4134720,M,AMRAVATI,240.05,25/9/16,193447,235.31
T692864,C4234143,M,VANIYAMBADI,228172.54,31/8/16,222341,410.0
T388408,C8324217,M,BANGALORE,57952.18,13/8/16,172656,403.0
T224070,C8512853,M,NOIDA,99318.67,8/8/16,223410,6866.0
T144634,C6641261,M,ERNAKULAM,974.54,5/8/16,161158,50.0
T867925,C8527824,M,BANGALORE,20.63,8/9/16,144134,334.0
T286651,C6567720,M,GURGAON,423346.98,11/8/16,155542,2290.0
T225178,C2234545,F,GREATER NOIDA,57574.45,7/8/16,143242,236.18
T123751,C8622988,M,MUMBAI,151226.26,6/8/16,200557,997.0
T883453,C6824657,M,PUNE,16912.42,8/9/16,225134,340.0
T696697,C4055031,M,PATNA,294.41,31/8/16,205802,33.0
T619300,C1181045,M,MADURAI,11466.8,25/8/16,170707,230.0
T476744,C7439869,M,GURGAON,50264.17,21/8/16,185443,800.0
T1010497,C8514534,F,GURGAON,53143.26,14/9/16,205810,690.0
T257254,C8526492,F,KANPUR,6007.76,12/8/16,170648,1160.0
T325334,C1834277,M,MUMBAI,10426.03,15/8/16,135734,4141.0
T556846,C3936034,M,LUCKNOW,1613.14,22/8/16,173524,307.0
T931716,C3625417,M,BANTVAL,,11/9/16,150727,20082.0
T54900,C5525850,M,NOIDA,26492.74,3/8/16,132101,1150.0
T16727,C7439486,M,KASHIPUR,30899.89,26/9/16,173434,50.0
T243327,C3410234,M,LUDHIANA,1722.1,7/8/16,212615,1800.0
T696436,C7114782,M,THANE,6279.45,31/8/16,203723,20.0
T669701,C1434280,F,DEHRARUN,37228.7,31/8/16,45814,200.0
T1034523,C5328151,M,GHAZIABAD,18921.27,18/9/16,173849,1298.01
T271206,C4841128,M,TRIVANDRUM,3335.81,12/8/16,220027,110.0
T911793,C4742838,F,DELHI,3727.88,12/9/16,175724,1075.0
T592297,C4888817,F,BANGALORE,3598.52,27/8/16,224057,30.0
T182769,C8658842,M,VISAKHAPATNAM URBAN,46958.18,9/8/16,115943,72.8
T603099,C8617923,M,MUMBAI,637657.39,26/8/16,200204,200.0
T711235,C8391378,M,ROHTAK,31441.72,3/9/16,528,150.0
T378577,C8224430,M,MOHALI,1454.42,13/8/16,165703,300.0
T996026,C6537889,M,BAGHPAT,36.72,14/9/16,110815,21.0
T507555,C6012126,F,MUMBAI,151770.4,19/8/16,184655,710.0
T154685,C8396942,M,THANE,32656.17,5/8/16,211953,277.0
T360318,C7233965,M,BANGALORE,9106.25,14/8/16,204001,784.0
T773472,C7533326,M,NEW DELHI,283898.09,6/9/16,233239,450.0
T339705,C8122853,M,BHUBANESWAR,1487.05,15/8/16,190145,805.5
T345787,C6411192,M,THANE,6628.13,14/8/16,91141,296.0
T341456,C4436118,M,GURGAON,69578.41,15/8/16,194935,328.0
T54690,C9035850,M,SIWAN,9716.43,3/8/16,194925,25.0
T489976,C3031567,M,GUNTUR,10972.24,20/8/16,134327,50.0
T37234,C7916272,F,MUMBAI,12360.6,26/9/16,211015,26.0
T1036450,C4419191,F,NEW DELHI,790.91,18/9/16,153534,1135.0
T723272,C5310037,M,GURGAON,2469.15,2/9/16,3559,120.0
T404915,C5923362,M,CHENNAI,62991.9,18/8/16,211547,1979.0
T988956,C2297551,M,NEW DELHI,280.54,15/9/16,203145,593.0
T92634,C1828327,M,THANE,14230.77,22/9/16,133619,48.0
T1015714,C1612044,F,MUMBAI,137582.75,13/9/16,194402,1115.0
T218898,C4268518,M,NOIDA,47341.39,7/8/16,64756,2005.0
T632158,C8916816,M,KURLA WEST- MUMBAI,905026.49,29/8/16,161817,3026.82
T644284,C3523956,M,RANCHI,22973.97,29/8/16,1921,155.0
T610490,C4733060,M,GHAZIABAD,8882.58,26/8/16,121924,6000.0
T75913,C5348268,F,DELHI,5456.52,2/8/16,182225,1490.01
T395844,C8915414,M,BANGALORE,40664.82,13/8/16,215801,760.0
T667052,C5113544,F,MUMBAI,740696.9,31/8/16,94927,1.0
T81808,C4599438,F,NEW DELHI,469740.06,2/8/16,233345,489.0
T842636,C8655649,F,BANGALORE,522768.92,9/9/16,160308,1045.0
T852459,C1218620,M,NOIDA,8963.43,9/9/16,220305,173.52
T769287,C4130461,M,PANIPAT,26088.18,6/9/16,222935,661.0
T251155,C1212481,M,CHENNAI,66171.65,7/8/16,205222,400.0
T491101,C6112617,M,THANE,43780.52,20/8/16,200501,753.0
T549031,C4655363,M,HOWRAH,175286.08,23/8/16,123008,320.0
T361986,C9037214,M,KALIMPONG,13407.13,14/8/16,164202,2409.0
T981076,C4118344,M,PATIALA,10219.4,15/9/16,124036,400.0
T516808,C2534787,M,DELHI,5788.03,19/8/16,232653,4466.0
T495373,C3939487,M,REWARI,102665.33,20/8/16,175534,372.0
T233419,C8427982,F,GURGAON,45941.21,7/8/16,183707,203.0
T398484,C7830567,M,LUCKNOW,7.99,18/8/16,65811,16.0
T474402,C6438567,F,DELHI,67173.11,21/8/16,224018,1036.0
T168094,C1834059,M,THANE,5596.38,4/8/16,135620,1410.0
T881234,C5233771,M,ANANDPUR SAHIB,112621.31,7/9/16,220742,1082.0
T619744,C8355276,M,DEHRADUN,35617.98,25/8/16,173629,290.0
T434432,C4714423,M,GURGAON,10219.37,17/8/16,191041,330.0
T375235,C6128080,F,MEERUT,6397.29,13/8/16,105037,1000.0
T644652,C2216667,M,NEW DELHI,289841.1,25/8/16,232815,29.0
T284476,C1469018,M,NEW DELHI,54483.68,11/8/16,144544,270.0
T803982,C8547635,M,BANGALORE,225454.02,5/9/16,202559,90.0
T673858,C2036278,M,NEW DELHI,14919.97,28/8/16,194656,422.0
T865492,C7432834,M,BANGALORE,3235.75,8/9/16,124741,500.0
T864071,C4881321,F,GURGAON,38580.94,8/9/16,131859,145.0
T152569,C7697666,F,DELHI,116788.68,5/8/16,204728,378.0
T819925,C3311242,M,BANUR,5425.43,4/9/16,184517,110.45
T607892,C3613423,F,GURGAON,104315.61,26/8/16,131549,159.0
T7721,C2020640,M,MUMBAI,12608.13,22/9/16,132330,789.0
T968763,C5218522,M,DELHI,159205.69,10/9/16,104433,317.42
T74026,C7960961,M,BAREILLY,9876.56,2/8/16,181550,9512.19
T912328,C9018617,M,MADURAI,26858.32,12/9/16,121714,5000.0
T639395,C8342469,M,KOZHIKODE,110.7,29/8/16,122053,2000.0
T530672,C7928013,M,VARANASI,14.95,24/8/16,195649,980.0
T51259,C8534057,F,AMRITSAR,24106.67,3/8/16,171306,430.0
T845318,C6840020,M,NORTH 24 PARGANAS,12055.11,9/9/16,111921,200.0
T403460,C3656182,M,DELHI,13446.57,18/8/16,141323,200.0
T367035,C2429115,M,TIRUMALAGIRI BOWENPALLY HYDERABAD,14807.03,14/8/16,203939,400.0
T796527,C8727649,M,AHMEDABAD,186557.95,5/9/16,124351,1003.0
T858950,C1023133,M,ROHTAK,9171.86,8/9/16,65509,200.0
T520676,C7857658,M,GURGAON,163600.57,24/8/16,84916,250.0
T209664,C3932276,M,KOLKATA,326788.53,3/9/16,135542,3801.0
T171069,C8918915,M,NOIDA,91403.3,4/8/16,181150,150.0
T38047,C8293387,M,BANGALORE,3740.77,26/9/16,3215,30.0
T334949,C5563649,M,MUMBAI,116109.69,15/8/16,154156,420.0
T617314,C4973543,M,MUMBAI,21084.71,27/8/16,182658,405.39
T145151,C2227613,F,GURGAON,5365.19,5/8/16,203502,1400.0
T756224,C2516777,M,GURGAON,9667.6,1/9/16,174501,810.0
T94814,C3039774,M,HOSHIARPUR,1585.11,1/8/16,141900,63.0
T597154,C7442344,M,NOIDA,4701.36,27/8/16,222434,605.0
T808550,C8216855,M,MUMBAI,17185.11,5/9/16,193530,53.0
T46533,C3674180,F,AJMER,2994.09,3/8/16,111304,397.0
T720079,C8129021,M,NEW DELHI,107022.36,3/9/16,202624,2895.0
T267141,C5226351,F,GURGAON,15736.24,3/9/16,113147,320.0
T223504,C2252952,F,HYDERABAD,54343.82,8/8/16,220821,1319.0
T768783,C7011129,M,SURAT,36817.03,6/9/16,213309,148.0
T442255,C2740323,M,NEW DELHI,21220.11,16/8/16,124607,60.0
T428041,C2940364,M,UTTARA KANNADA,22220.06,17/8/16,210848,848.0
T809281,C4215632,M,RAJKOT,73777.43,5/9/16,235100,36.0
T801606,C6470364,F,GHAZIABAD,10774.73,5/9/16,203444,626.13
T602153,C8976745,M,RPC LAYOUT HAMPINAGAR BANGALORE,460.49,26/8/16,230736,850.0
T791335,C7016029,F,MUMBAI,45300.55,5/9/16,1150,5113.0
T890196,C3833633,M,BARDEZ,68946.19,7/9/16,184342,10000.0
T195848,C8022746,M,NAVI MUMBAI,85937.25,9/8/16,203152,1139.0
T727557,C4822266,M,NAVI MUMBAI,315.3,2/9/16,103846,350.0
T1035156,C3734783,M,HANUMANGARH,113.58,13/9/16,34126,100.0
T581183,C3631175,M,PUNE,84.11,27/8/16,131934,978.0
T538373,C3529763,M,NEW DELHI,80786.17,22/8/16,105634,1000.0
T807515,C8215821,M,NAVI MUMBAI,47195.42,4/9/16,214246,260.5
T847665,C6211930,M,GUNTUR,23829.2,9/9/16,84816,228.0
T356302,C4131325,M,MUMBAI,9691.99,14/8/16,135331,671.0
T59175,C6610513,M,NEW DELHI,373110.85,3/8/16,213629,1370.6
T258418,C6236749,M,ALWAR,33224.06,12/8/16,154541,5.0
T579082,C1640465,F,RAJPURA,66994.25,27/8/16,125655,50.0
T451399,C7731776,M,MIRA ROAD E THANE,19442.47,16/8/16,180307,710.0
T948587,C5311762,M,SALEM,76700.95,11/9/16,211548,1053.0
T822775,C4329433,M,FARIDABAD,55072.39,4/9/16,154036,1550.0
T518953,C6590087,M,BOISAR THANE,8.47,24/8/16,85110,50.0
T402146,C1942832,F,KUTTOOR PANCHAYATH,50356.56,18/8/16,161224,15000.0
T741089,C8242166,M,GAUTAM BUDH NAGAR,17226.04,2/9/16,205505,8794.99
T466175,C2430292,M,NAGPUR,24000.71,21/8/16,130410,1512.94
T273619,C1433915,F,HYDERABAD,6358.96,12/8/16,141309,50.0
T856881,C4081519,M,GHAZIABAD,107840.18,8/9/16,44917,4803.0
T411813,C4133734,M,NOIDA,14024.57,17/8/16,85059,200.0
T625147,C6630464,M,DELHI,28808.51,28/8/16,102926,270.0
T434143,C2125273,M,NEW DELHI,330116.82,17/8/16,200339,2870.0
T738694,C8828229,M,GURGAON,333.28,2/9/16,174543,958.0
T523401,C4687148,F,SOUTH ELECTRONICS CITY BANGALORE,95436.51,24/8/16,91201,632.0
T43186,C5342063,F,BANGALORE,10374.01,3/8/16,90332,156.0
T163035,C6022211,M,GREATER NOIDA,61537.91,4/8/16,131842,536.0
T833734,C4126431,F,THANE,164667.79,4/9/16,150810,80.0
T105727,C7915033,M,PUNE,4635.94,1/8/16,214756,177.0
T680669,C3733835,M,THANE WEST,20845.31,28/8/16,23939,50.0
T939371,C2615534,F,MIDNAPORE,9152.68,11/9/16,165117,3033.0
T433599,C7524816,M,NEW DELHI,144610.48,17/8/16,235323,12179.0
T783651,C5214058,M,DEHRADUN,863.23,6/9/16,121406,25.0
T403178,C5579277,F,HYDERABAD,139.61,18/8/16,151601,120.0
T645481,C6468354,F,GOPALGANJ,66348.06,25/8/16,151021,173.0
T578010,C4940572,M,GURGAON,1587419.41,22/8/16,214902,1031.0
T598105,C4979420,F,HYDERABAD,11053.32,27/8/16,220504,1401.0
T466759,C3741538,M,LUCKNOW,23543.08,21/8/16,150326,270.0
T325220,C8712941,M,PORT BLAIR,78091.06,15/8/16,83419,289.0
T58016,C1624429,M,SIRSA,20944.5,3/8/16,225025,41.0
T494757,C5328026,M,RANGA REDDY,10623.77,20/8/16,140806,239.0
T92278,C8918136,M,KANNUR,18.85,22/9/16,42419,50.0
T764621,C7618486,M,KANGRA,276812.49,1/9/16,121859,2872.0
T952588,C3712631,M,HIGHWAY THANE,49907.5,10/9/16,211917,430.0
T941676,C1130960,M,BANGALORE,4494.67,11/9/16,221620,250.0
T266280,C2515680,M,BANGALORE,40277.13,3/9/16,114649,1729.0
T385677,C2240252,M,BANGALORE,43692.52,13/8/16,203346,1335.0
T686106,C6286482,M,PUNE,14808.78,30/8/16,225726,614.2
T491846,C2520244,F,BANGALORE,111100.99,20/8/16,201022,2000.0
T90475,C5531539,M,TRANSPORT BHIWANDI,231734.3,22/9/16,141702,200.0
T39343,C3241061,M,KALYAN WEST,1153802.04,22/9/16,143033,941.0
T98051,C8122389,F,LUDHIANA,5270.9,1/8/16,170433,100.0
T738400,C7713356,M,CHENNAI,73162.01,2/9/16,153046,180.0
T957563,C8821649,F,SANGOLDA,418.9,10/9/16,165131,35.12
T255425,C8014786,M,BANGALORE,232008.83,7/8/16,235747,350.0
T33878,C2922986,M,RAJKOT,25909.2,25/9/16,222934,1000.0
T59178,C8318887,M,CHANDIGARH,553178.35,3/8/16,212605,210.0
T783257,C5379690,M,BANGALORE,6461.04,6/9/16,112949,100.0
T90779,C6423990,M,AMRITSAR,75103.86,27/9/16,190027,17035.0
T891390,C5642353,M,SECTOR-9 MIRA ROAD E THANE,16084.71,7/9/16,173510,8199.0
T853852,C8710091,M,AHMEDABAD,7051.72,9/9/16,222210,369.0
T681727,C1219726,M,NEW DELHI,536581.65,28/8/16,71444,100.0
T1009280,C4826773,F,GURGAON,3902.45,13/9/16,221317,200.0
T469528,C1317658,M,NEVILLE HOUSE MUMBAI,9505.6,21/8/16,170635,200.0
T960036,C8816469,M,NOIDA,4095.56,10/9/16,165142,24.0
T554888,C8370476,F,PUNE,35064.98,23/8/16,105322,200.0
T429619,C5322473,F,DELHI,18296.72,17/8/16,185323,200.0
T345894,C2887811,M,HYDERABAD,1967451.22,15/8/16,224110,115.0
T498235,C3614370,M,NEW DELHI,56024.36,19/8/16,70920,196.0
T977000,C7529561,M,JALANDHAR,9530.77,15/9/16,120544,165.0
T17798,C7435139,M,MUMBAI,2769.48,26/9/16,213121,1428.0
T412742,C3125566,F,NEW DELHI,48880.9,18/8/16,193249,2666.0
T161329,C1923819,F,GHAZIABAD,20667.42,5/8/16,163801,500.0
T725676,C6739791,F,BANGALORE,6039.35,2/9/16,91215,196.0
T850814,C7640636,F,GURGAON,104426.77,9/9/16,194721,529.0
T107505,C5041985,M,THANE,18.99,6/8/16,917,30.0
T599544,C6216331,M,DELHI,9236.65,26/8/16,74610,2268.0
T404494,C2710556,M,CHENNAI,814192.32,18/8/16,162034,599.0
T536639,C5424245,M,GOPALGANJ,25833.41,24/8/16,211538,106.0
T563143,C2325919,M,TAMLUK,1880.22,22/8/16,160231,110.0
T523916,C4023990,F,WEST GODAVARI,56212.09,24/8/16,124751,351.0
T735550,C4020532,M,GURGAON,1.15,2/9/16,125338,65.0
T628024,C3914088,M,TASGAON,5122.99,29/8/16,160823,10.0
T382008,C1220668,M,BARGARH,8752.13,13/8/16,150545,232.0
T377784,C8316628,M,PUNE,51463.7,13/8/16,160839,820.0
T388355,C2927852,M,NAGPUR,1420.51,13/8/16,200754,599.0
T253540,C3632181,M,BANGALORE,396.64,12/8/16,123402,93.0
T699369,C8211968,M,HYDERABAD,2990.43,30/8/16,101318,163.0
T435453,C4240679,F,DELHI,114723.16,17/8/16,204003,465.0
T27944,C4931190,M,NEW DELHI,21060.27,25/9/16,233811,1324.0
T1033673,C4116358,F,SINGAPORE,0.0,18/9/16,172954,5927.64
T796814,C4526581,M,PUNE,38241.99,5/9/16,131834,500.0
T443303,C6638454,M,KANCHEEPURAM,30291.2,16/8/16,144158,1748.0
T25646,C1123725,F,KOLKATA,49226.38,26/9/16,174709,3206.0
T320929,C5518978,M,LAKHISARAI,4636.16,15/8/16,124050,4613.0
T787964,C4413584,M,KALYAN WEST,29051.43,6/9/16,85517,872.0
T379942,C6438187,M,MOHALI,1736.63,13/8/16,124624,1660.0
T989556,C6314852,M,GHAZIABAD,18902.63,15/9/16,83825,399.0
T272221,C9042329,F,RANGA REDDY,15275.03,11/8/16,34533,100.0
T10849,C7156213,F,MUMBAI,6136.29,25/9/16,213203,1227.0
T728164,C4714120,M,RANGA REDDY,954.55,2/9/16,113632,45.0
T1017629,C9078328,M,NEW DELHI,3329.1,13/9/16,195925,120.0
T224927,C3218985,M,NOIDA,273315.92,7/8/16,140347,200.0
T267835,C6023352,M,TEZPUR,426191.49,3/9/16,112625,6650.0
T396409,C3216262,M,HYDERABAD,59785.32,13/8/16,211608,351.0
T837516,C3133214,M,CHANDIGARH,169435.3,9/9/16,175028,500.0
T573964,C2713455,M,KANPUR,13954.14,22/8/16,201649,606.9
T258665,C5374960,M,DELHI,12016.38,12/8/16,123101,275.0
T409148,C1511335,M,NEW DELHI,98.55,18/8/16,202049,460.0
T10957,C2436312,M,HYDERABAD,33017.05,27/9/16,172922,562.79
T811381,C6483984,M,NEW DELHI,39.86,4/9/16,195051,129.0
T104944,C4027412,M,MUMBAI,1.6,6/8/16,124120,250.0
T138043,C1733776,M,KOLKATA,410.18,5/8/16,142530,1000.0
T428749,C7863991,M,JHUNJHUNU,23521.81,17/8/16,185947,24374.0
T486069,C2269863,M,THANE,14619.46,20/8/16,141045,800.0
T395307,C8024932,M,GURGAON,26888.94,13/8/16,214223,800.0
T367666,C7592390,M,THANE,110362.26,14/8/16,185511,3101.0
T268769,C7737959,M,SAS NAGAR,31329.68,12/8/16,181223,400.0
T144988,C6295417,M,MANI MAJRA,3199.69,5/8/16,194543,332.0
T615088,C9011124,M,CHENNAI,98772.33,26/8/16,223006,224.5
T629352,C6639192,M,THANE,54994.55,29/8/16,150022,820.0
T395193,C2123784,M,NEW DELHI,266707.4,18/8/16,100712,25.0
T920078,C1732063,M,MUMBAI,54343.4,11/9/16,93644,96.0
T52167,C5021211,M,KOLKATA,114529.37,3/8/16,172425,200.0
T191595,C1423941,F,NEWDELHI,117455.04,9/8/16,185234,30.0
T255345,C4718814,F,SONIPAT,5.49,12/8/16,83932,524.19
T385376,C8125136,M,NOIDA,14391.51,13/8/16,180757,150.0
T241353,C6016218,M,MUMBAI,51336.53,7/8/16,211852,750.0
T648528,C3332838,M,DELHI,9646.3,25/8/16,142922,186.0
T514263,C1039940,M,INDORE,215.44,24/8/16,63653,500.0
T655855,C4130929,M,NASHIK,2476.65,31/8/16,133957,630.0
T634841,C5562565,M,NOIDA,1286.94,29/8/16,194237,192.8
T391290,C1723323,M,HAORA,10404.44,13/8/16,174247,1000.0
T87106,C5542138,F,MUMBAI,29054.51,1/8/16,92104,30.0
T840090,C2425462,M,KURALI,131207.9,9/9/16,133452,400.0
T82842,C4142135,M,WARANGAL,2747.54,1/8/16,5736,20.0
T479273,C7520662,M,BAPAT ROAD PUNE,2114.17,21/8/16,220817,202.29
T265664,C3931078,M,NEW DELHI,8196.01,3/9/16,112523,40.0
T542215,C3273964,M,RAJAHMUNDRY,13.84,24/8/16,233222,829.76
T59647,C9012021,M,PUNE,526.31,3/8/16,203308,500.0
T833898,C5632217,F,COCHIN,613.7,9/9/16,173232,3200.0
T662789,C2820126,M,CHENNAI,33798.16,28/8/16,222141,3096.0
T296188,C5239585,M,LUCKNOW,45135.53,11/8/16,221323,67.0
T699178,C3911821,M,BANGALORE,8436.72,30/8/16,90718,394.0
T75205,C8590584,M,JACOB CIRCLE MUMBAI,2495729.37,2/8/16,182841,15078.6
T64155,C7435163,M,MORADABAD,2044.05,2/8/16,95557,210.0
T588521,C1614239,M,MUMBAI,38325.43,23/8/16,152513,204.0
T662311,C3632936,M,BANGALORE,825.38,31/8/16,1609,200.0
T430072,C4436437,F,NOIDA,26271.74,17/8/16,205400,546.0
T959670,C8017989,M,MARIAHU,26128.06,10/9/16,160119,300.0
T183915,C7734992,F,BANGALORE,96797.01,9/8/16,130244,354.34
T107838,C5735277,M,BANGALORE,66933.25,1/8/16,220436,7350.0
T689944,C8417911,M,AURANGABAD,35995.51,31/8/16,215159,260.0
T192167,C7786081,F,KARWAR,3146.87,9/8/16,202506,80.0
T138690,C2211847,M,SALEM DT,23061.17,5/8/16,102133,241.0
T645733,C5270244,M,MUMBAI,231.13,29/8/16,101122,30.0
T484330,C8623339,M,SALBONI MIDNAPORE W,4721.07,20/8/16,133719,3743.88
T825017,C5633669,M,SURAT,119911.11,4/9/16,183936,1000.0
T121089,C1511462,M,BANGALORE,42011.44,6/8/16,192032,200.0
T308552,C5422130,F,PUNE,3942.77,10/8/16,191403,10.0
T194161,C3831220,M,HAPUR,11796.43,9/8/16,213123,200.0
T263373,C3713621,M,SAHARANPUR,8551.78,12/8/16,162430,400.0
T471246,C2437236,M,MOHALI,6297.06,21/8/16,222733,175.0
T494432,C7941943,M,PUNE,10613.14,20/8/16,194157,691.0
T233499,C6224163,M,NOIDA,2344.35,7/8/16,123911,26.0
T482919,C6221767,M,RUPNAGAR,14059.24,21/8/16,205817,955.0
T465367,C5627719,M,CHANDIGARH,13684.14,21/8/16,184601,1074.0
T438673,C5019425,M,MUMBAI,1361.23,17/8/16,223815,2245.58
T775798,C1214048,M,BANGALORE,2789.29,6/9/16,195145,250.0
T317048,C5331968,M,SAKINAKA MUMBAI,12739.63,15/8/16,547,600.0
T370227,C1731554,M,BAMBOLIM,6566.88,14/8/16,205517,1035.0
T249024,C8235157,F,CHANDIGARH,2.46,12/8/16,104457,30.0
T263253,C2018336,M,DELHI,2061.16,12/8/16,155013,61.0
T1021611,C4566541,M,SHAMLI,4061.1,13/9/16,204114,20.0
T633381,C8942943,M,BANGALORE,51.6,29/8/16,41814,87.0
T680437,C7717671,M,NEVILLE HOUSE MUMBAI,9505.6,31/8/16,215436,486.7
T614062,C8734611,M,KOTDWARA GARHWAL,15357.23,26/8/16,213553,45.0
T244853,C1719955,F,PUNE,46951.63,7/8/16,185241,1083.0
T575770,C2810369,M,TRICHY,2021.21,22/8/16,120720,466.9
T597466,C5125666,M,SIVIDAO,27825.73,26/8/16,143346,277.0
T966787,C1826537,F,MUMBAI,148549.08,10/9/16,135000,700.0
T1023108,C7121966,F,NEW DELHI,36465.27,13/9/16,154901,153.03
T189354,C1311344,F,KOLKATA,243.37,9/8/16,191921,606.9
T808327,C4325890,M,CHENNAI,5204.87,5/9/16,193415,200.0
T722523,C4041241,F,INDORE,3758.11,3/9/16,202232,111.0
T1003733,C4614281,M,JIND,498751.86,14/9/16,150012,385.0
T765054,C8020553,M,AGARTALA,124045.3,1/9/16,102258,1160.0
T515888,C8420219,M,MUMBAI,751.84,19/8/16,164430,823.0
T85210,C3922945,F,GWALIOR,186820.71,1/8/16,111320,300.0
T972315,C4923333,F,GURGAON,7478.52,10/9/16,83118,100.0
T70605,C8431125,M,SION (E) MUMBAI,1938.61,2/8/16,165630,249.0
T852832,C6136133,F,BANGALORE,18147.42,9/9/16,205107,457.0
T404929,C7618430,F,NOIDA,4602.13,18/8/16,150753,500.0
T921324,C1263785,M,GHAZIPUR,495.6,11/9/16,70947,18.0
T240584,C2725889,M,GURGAON,7901.43,7/8/16,171004,200.0
T138844,C4419439,M,PANCHKULA,16919.22,5/8/16,92556,1000.0
T67403,C2414317,M,BENGALURU,10874.66,2/8/16,124459,300.0
T922633,C3068333,M,GURGAON,3437.82,11/9/16,40511,15.0
T443188,C4031260,F,NEW DELHI,35046.11,16/8/16,165836,1648.0
T223463,C5223834,M,AJMAN,9915.6,7/8/16,110702,999.0
T522109,C6018365,M,MUMBAI,2247989.37,19/8/16,224805,1525.0
T81425,C8238778,F,MAINPURI,14134.14,2/8/16,205256,299.0
T292533,C8215666,M,RANGA REDDY,26491.26,11/8/16,140300,99.53
T327479,C3025143,M,NEW DELHI,25292.85,15/8/16,130427,320.0
T287298,C7341478,M,JALGAON,7077.11,11/8/16,160019,25.0
T113566,C5936166,M,MUMBAI,264559.97,6/8/16,171820,500.0
T312782,C2123986,F,SERAIKELA KHARSAWAN,176.28,10/8/16,204005,50.0
T229955,C5519235,M,MUMBAI,394540.5,7/8/16,115100,100000.0
T49455,C8119243,M,BANGALORE,971.47,3/8/16,142152,350.0
T853523,C8527351,M,KANGRA,7709.06,9/9/16,225836,20.0
T123078,C2424487,M,BANGALORE,13885.65,6/8/16,202410,1139.0
T379973,C4534836,F,PUNE,134272.44,13/8/16,133646,2215.0
T352853,C3473072,M,BANGALORE,19357.86,14/8/16,125702,435.0
T1043115,C2727356,M,GURGAON,8547.8,18/9/16,131511,2042.9
T349539,C5631173,M,THANE WEST,2725.04,14/8/16,113352,500.0
T212772,C2131854,M,BHIWANI,11778.06,8/8/16,133911,80.0
T832081,C9083325,M,THIRUVALLUR,66746.22,4/9/16,102159,1216.5
T1028373,C6719021,M,DELHI,1369.27,13/9/16,133205,100.0
T474956,C8130234,F,LUCKNOW,9872.61,21/8/16,205022,100.0
T97995,C8626271,F,KRISHNA DISTRICT,253.67,1/8/16,180803,2401.0
T405255,C2916547,F,KOLKATA,11177.91,18/8/16,174109,4260.0
T117990,C8112530,F,GANDHIDHAM,232816.31,6/8/16,181815,26.0
T1013313,C5877879,F,GURGAON,49205.24,14/9/16,214053,2383.0
T499661,C1917666,M,GURGAON,40825.68,19/8/16,115138,1000.0
T411785,C1331970,M,DELHI,15235.11,17/8/16,93530,198.0
T324023,C6721362,F,HYDERABAD,348.54,15/8/16,102436,88.0
T803753,C5142254,F,HYDERABAD,846.27,5/9/16,211621,360.0
T712925,C4820586,F,NELLORE,2371.92,3/9/16,180145,70.0
T152826,C6021542,M,GANDHINAGAR,7366.17,4/8/16,94021,100.0
T486958,C1520139,F,MUMBAI,19034.58,20/8/16,165458,1764.0
T932473,C4717992,M,GURGAON,18854.12,11/9/16,162404,107.0
T1031516,C6439632,M,HYDERABAD,357862.7,13/9/16,101327,50000.0
T944501,C8941648,F,ELURU,4437.06,11/9/16,211602,349.38
T667308,C6133585,M,THANE,116946.96,28/8/16,131748,275.0
T384971,C3426745,F,GURGAON,48895.25,13/8/16,191042,335.0
T759526,C6371018,F,CHANDIGARH,44685.93,1/9/16,175146,1180.0
T1021123,C7840619,M,BENGALURU,2645.65,13/9/16,154148,290.0
T674924,C1589688,M,PONDA,61510.67,28/8/16,190816,250.0
T620873,C4535272,F,NOIDA,19830.13,26/8/16,130058,12805.0
T376798,C1414550,M,NOIDA,19200.26,13/8/16,135738,357.0
T404153,C8734037,M,THANE,3403.82,18/8/16,103919,480.0
T218230,C4736142,M,NOIDA,28739.22,8/8/16,194954,575.99
T114220,C8429955,F,R M NAGAR BANGALORE,222065.34,6/8/16,175217,600.0
T961523,C4227776,M,GURGAON,22085.14,10/9/16,182125,2755.0
T894000,C5391335,M,UDHAMPUR,43472.22,7/9/16,130540,50.0
T777498,C7839615,M,DELHI,694936.8,6/9/16,193001,15990.0
T1024190,C2416247,M,MUMBAI,32375.96,13/9/16,162427,222.0
T189663,C6923583,M,DELHI,134.61,9/8/16,170814,45.0
T797267,C4741570,F,CHANDIGARH,3412.73,5/9/16,51027,60.0
T1032043,C7021958,M,HASSAN,3387.28,13/9/16,110926,93.0
T314887,C6112579,M,MUMBAI,99.66,10/8/16,81712,5.34
T513867,C8913183,M,TOHANA,2445.08,19/8/16,202609,157.0
T648589,C1046846,M,MARG LOWER PAREL MUMBAI,19158.45,31/8/16,155037,130.0
T374720,C5122816,M,BANGALORE,4240.75,13/8/16,143246,850.0
T625607,C6140781,F,CHENNAI,4410.16,29/8/16,215319,686.0
T311024,C4819941,F,SONEPAT,766725.7,10/8/16,202205,524.0
T718998,C4611438,M,DEORIA,7177.42,3/9/16,223115,222.0
T746871,C8927984,M,AHMEDABAD,7873.85,1/9/16,212250,200.0
T434298,C7720186,M,BADDI,715.32,16/8/16,4954,809.2
T995191,C2918662,M,BANGALORE,7468.45,15/9/16,202413,200.0
T985290,C7591569,M,HYDERABAD,12602.03,15/9/16,110202,235.0
T817423,C8321460,M,DELHI,194.02,4/9/16,210432,99.0
T367964,C5266937,M,LUCKNOW,143509.04,13/8/16,95202,50.0
T573444,C3713587,F,MUMBAI,28080.64,22/8/16,181050,20.0
T316917,C6031884,M,SAS NAGAR,13549.06,10/8/16,222631,1000.0
T589457,C8533120,M,BANGALORE,121034.97,22/8/16,212216,870.0
T68230,C8437940,M,CHENNAI,11028.49,2/8/16,130849,228.0
T575820,C3035870,M,BORDA MARGAO SALCETE,35830.16,22/8/16,205523,354.27
T627766,C2716524,M,JASPUR,14546.07,29/8/16,154547,210.0
T108092,C2622414,M,NOIDA,4101.54,1/8/16,230702,85.0
T780551,C7810660,M,MEERUT,45856.24,6/9/16,174108,655.0
T447389,C2826569,F,RANGA REDDY,189865.18,16/8/16,134104,126.0
T53155,C3729551,F,GURGAON,6243.57,3/8/16,163957,50.0
T919551,C2727931,M,AHMEDABAD,7873.85,12/9/16,210831,24.0
T154218,C7327738,M,THIRUVALLUR TK AND DT,4307.65,5/8/16,211456,888.0
T277830,C2657534,M,(E) MUMBAI,56217.12,12/8/16,221504,220.0
T847651,C6232677,M,MALAKAPUR,9421.11,9/9/16,83912,100.0
T803780,C6322945,M,GURGAON,80298.05,5/9/16,204932,620.0
T765357,C5126688,M,GURGAON,509570.9,1/9/16,120727,3594.0
T442860,C1214063,M,AHMEDABAD,21448.01,16/8/16,131905,700.0
T203061,C8317956,M,CHENNAI,10703.22,8/8/16,72841,448.0
T452303,C9039852,F,MUMBAI,106065.45,16/8/16,180156,220.0
T145376,C1375634,M,MUMBAI,8121.21,5/8/16,145341,198.0
T333096,C7927322,M,GORAKHPUR,23662.28,15/8/16,163336,40.0
T732270,C2414642,M,RAJAHMUNDRY,5599.93,2/9/16,110142,2796.79
T929374,C6539616,M,CUTTACK,38640.24,11/9/16,120512,10.0
T112586,C5926016,M,DOMBIVALI,70996.39,6/8/16,110702,78.0
T470402,C1830832,M,COIMBATORE,89629.99,21/8/16,213833,1320.0
T323628,C8639017,M,MUMBAI,9702.77,15/8/16,101718,492.6
T637238,C2719978,M,BANGALORE,34324.75,25/8/16,223845,662.0
T273412,C7622984,M,MUMBAI,151226.26,12/8/16,205051,823.0
T514311,C4027245,M,PALGHAR,63149.03,19/8/16,184227,1447.0
T966245,C1821537,M,KANYAKUMARI,1784.98,10/9/16,160752,140.0
T722647,C6720376,M,BANGALORE,159501.5,3/9/16,212936,278.0
T173819,C6844138,M,PUNE,4489.19,4/8/16,195802,2491.05
T120286,C4925932,M,AMRITSAR,41394.89,6/8/16,90559,295.0
T645072,C6512320,F,KOLHAPUR,54465.18,25/8/16,154245,1827.0
T740992,C2024211,M,GHAZIABAD,43254.09,2/9/16,202635,3220.2
T834558,C9042590,M,GUWAHATI,4697.25,9/9/16,180557,30.0
T967141,C8336483,M,HYDERABAD,4146.86,10/9/16,120156,100.0
T135290,C5822820,M,SECUNDRABAD,3958.45,6/8/16,221816,4262.16
T1001446,C8442236,M,BANGALORE,856360.26,14/9/16,130128,20000.0
T8020,C7220168,M,GHAZIABAD,349672.35,25/9/16,195242,4405.96
T632851,C6833740,M,GANGUWAL,8992.59,29/8/16,113747,100.0
T283889,C3339391,F,CHANDIGARH,135203.28,11/8/16,144310,500.0
T539924,C6821818,M,GHAZIABAD,1971.26,22/8/16,81911,50.0
T967911,C5822249,M,JAIPUR,139024.41,10/9/16,5909,500.0
T425909,C8919577,M,DELHI,443338.21,17/8/16,152236,4745.0
T447233,C7910246,M,HOSPITAL MUMBAI,49975.42,16/8/16,135306,1853.0
T723066,C6937060,M,JODHPUR,12523.46,2/9/16,21418,600.0
T131372,C2735073,M,JAIPUR,66765.81,5/8/16,72405,50.0
T1013140,C8240171,F,KOTTAYAM,53.16,13/9/16,193156,1244.0
T382757,C1836524,F,BANGALORE,125574.48,13/8/16,160301,207.0
T889557,C6955613,M,MODI NAGAR,17219.29,7/9/16,180500,1.0
T726903,C5639636,M,DELHI,19632.22,2/9/16,102211,32.0
T894698,C5729386,M,NEW DELHI,10065.16,7/9/16,160323,375.0
T119748,C2631592,M,NAGAON DIST,189.87,6/8/16,150844,145.0
T70126,C8190487,F,KOLKATA,10319.61,2/8/16,143224,1846.6
T266082,C8926125,M,NEW DELHI,308725.83,3/9/16,123954,1010.0
T682422,C8778142,M,DURGAPUR,29361.87,28/8/16,113428,13740.0
T442927,C5415128,F,NAVI MUMBAI,474372.18,16/8/16,15008,12.86
T497204,C5011481,F,LANE MUMBAI,395231.26,19/8/16,34652,1300.0
T971204,C9038634,M,COIMBATORE,6533.63,10/9/16,111040,60.0
T475145,C8089879,M,THANE,20171.13,21/8/16,200301,180.0
T310352,C7238445,M,JHALAWAR,5549.73,10/8/16,201825,99.0
T744648,C4542322,M,MUMBAI,17575.36,1/9/16,232615,658.0
T456643,C6642575,M,SOLAN,22356.11,21/8/16,115935,310.0
T775451,C4522937,F,GHAZIABAD,31201.75,6/9/16,194031,795.0
T807627,C4215336,F,AGARTALA,3597.3,4/9/16,224836,102.0
T1021727,C7117741,F,VADODARA,19960.64,13/9/16,143540,1548.0
T107571,C4223024,F,MUMBAI,8868.97,1/8/16,223339,1594.0
T784489,C8510130,F,CHENNAI,103069.07,6/9/16,114654,899.0
T568277,C8437848,M,DELHI,45069.57,27/8/16,162732,1290.0
T413023,C3329824,M,MUMBAI,30.36,18/8/16,192116,181.47
T113521,C3316851,M,GURGAON,31847.94,6/8/16,114233,52.0
T96354,C5330888,M,BHUBANESHWAR,175770.52,1/8/16,193845,110.0
T848385,C2622934,M,MUMBAI,29828.92,9/9/16,113340,1500.0
T140366,C6729922,F,DELHI,20655.64,5/8/16,132833,100.0
T468190,C6623489,F,KOLKATA,8608.71,21/8/16,134540,6836.0
T702226,C2931111,M,NEW DELHI,9964.55,30/8/16,150106,14.0
T571263,C2423327,M,SALBONI MIDNAPORE W,4721.07,22/8/16,185644,1399.0
T331644,C2236564,M,MEERUT,51964.44,15/8/16,24256,1.0
T1041518,C7473057,M,BANGALORE,19357.86,18/9/16,124819,214.0
T608141,C2641855,F,EAST MUMBAI,6191.08,25/8/16,110722,375.0
T890462,C3333318,M,PATNA,33039.82,7/9/16,165048,89.0
T173781,C1626584,F,MANDYA,4712.45,4/8/16,183409,450.0
T144790,C3611051,M,NARWANA,76743.91,5/8/16,194521,606.9
T620037,C3515282,F,CHENNAI,158.11,25/8/16,181655,2281.0
T42480,C4826320,M,SILIGURI,545.51,3/8/16,102948,500.0
T854628,C2415152,M,DELHI,30260.62,9/9/16,222606,178.0
T620049,C4719916,M,GURGAON,19274.08,28/8/16,94626,200.0
T191945,C7831868,M,LUCKNOW,360846.32,9/8/16,204721,100.0
T540128,C2789856,M,BANGALORE,16769.53,24/8/16,171406,400.0
T710671,C4221424,M,HYDERABAD,22367.32,3/9/16,93426,460.0
T596655,C2425991,M,BANDRA EAST MUMBAI,457.04,27/8/16,231246,1150.0
T376049,C4235211,M,DURGAPUR,12356.36,13/8/16,105554,385.7
T199722,C6226687,M,INDORE,14785.09,9/8/16,152635,399.0
T801415,C5038938,F,LUCKNOW,171374.02,5/9/16,154828,144.0
T138856,C6540941,F,NOIDA,60.2,5/8/16,150900,2000.0
T921833,C5517559,M,KERALA,2968.82,12/9/16,224524,38.0
T142603,C5132059,F,SAVITRI APARTMENT KALYAN,41810.27,5/8/16,133457,24.0
T1032968,C2914176,M,BENGALURU,196013.57,13/9/16,63304,25.0
T135271,C5316227,F,KOLKATA,40831.63,6/8/16,221628,560.0
T3184,C5531714,M,GURGAON,27849.3,21/10/16,151117,1798.0
T361089,C1640251,M,NOIDA,105461.2,14/8/16,182600,755.0
T228619,C5712629,F,PUNE,10314.41,7/8/16,141349,391.2
T873293,C1142011,M,CHENNAI,3056.69,8/9/16,201315,150.0
T907158,C6817354,M,GURGAON,267626.25,12/9/16,84051,0.0
T11038,C5930241,F,NEW DELHI,99057.32,26/9/16,214539,1000.0
T421915,C5536723,M,AHMEDABAD,38883.9,17/8/16,145333,100.0
T110265,C3115375,F,KOLKATA,25888.47,1/8/16,224800,1367.0
T672648,C1468658,M,CHENNAI,7596.81,28/8/16,125319,500.0
T457103,C4239526,M,MUMBAI,19740.99,21/8/16,121423,275.0
T1023476,C8627524,M,GHAZIABAD,1064.76,13/9/16,160259,1206.0
T332742,C5216783,M,GURGAON,1190.18,15/8/16,173808,20.0
T643853,C1716383,M,KOLKATA,947.5,29/8/16,153623,356.0
T413965,C8929219,M,NEW DELHI,7944.85,18/8/16,211747,499.0
T979990,C8226074,M,VIHAR METRO STATION NEW DELHI,22184.71,15/9/16,114033,1170.0
T157452,C3619622,M,NEW DELHI,25525.44,3/9/16,65056,1350.0
T860287,C6627646,M,BAMBOLIM,499.28,8/9/16,81511,98.0
T1045934,C6135124,F,HYDERABAD,790.16,18/9/16,104753,94.42
T526332,C4432225,F,DELHI,2177.51,24/8/16,144549,600.0
T41730,C2525725,M,GURGAON,15166.35,3/8/16,65145,263.0
T886714,C1134425,M,CHIDAMBARAM,79558.69,7/9/16,202145,2055.0
T666235,C6830541,M,PUNE,126833.47,28/8/16,154921,97530.0
T21472,C8217587,M,GURGAON,1828694.68,23/9/16,133936,25.0
T214286,C4815116,M,ANDHERI EAST MUMBAI,1084321.78,8/8/16,185713,1066.0
T45537,C6220377,M,MANDI,77789.49,3/8/16,103824,1684.0
T922068,C6234185,M,KHANNA,2135.47,12/9/16,224714,9.0
T690284,C3234664,M,MUMBAI,3406.86,30/8/16,191527,84.0
T709682,C6425224,M,DELHI,2128042.35,3/9/16,75702,6.53
T453680,C6617854,M,DELHI,3833.45,16/8/16,211613,60.0
T228237,C9034521,M,BANGALORE,56488.99,8/8/16,222613,933.0
T682222,C1113877,M,BANGALORE,31401.41,30/8/16,230344,200.0
T966235,C8669035,M,NEW DELHI,5726.92,10/9/16,130221,1000.0
T1036371,C4337417,M,GURGAON,150069.16,18/9/16,140335,769.0
T686177,C7380844,M,MUMBAI,10593.58,30/8/16,152652,782.0
T116987,C1338185,M,MATHURA,25.9,6/8/16,184657,58.0
T653347,C3325521,F,CHHINDWARA,5755.12,31/8/16,151601,130.15
T856839,C3139177,M,NALGONDA,1728.42,8/9/16,94053,50.0
T607181,C7430033,M,TANGUTUR,9472.73,25/8/16,100607,15.34
T852936,C4839159,M,HYDERABAD,4045.78,9/9/16,224053,750.0
T647596,C8066368,M,HOSUR,2951.02,25/8/16,154504,50.0
T819450,C5015868,F,BANGALORE,172089.71,4/9/16,193930,800.0
T961068,C6427011,M,DELHI,60860.15,10/9/16,135109,7830.0
T888279,C1652683,F,PUNE,44727.51,7/9/16,182830,597.0
T998541,C2017036,M,LAGOS,13197.59,14/9/16,131439,18630.0
T492760,C8625689,F,KHARAR,7251.73,20/8/16,142312,68.0
T665646,C8968258,M,MUMBAI,62381.05,31/8/16,111241,1136.77
T211734,C3724022,M,ANANTAPUR,2652.87,8/8/16,191349,349.38
T830475,C5740860,M,JAMMU,28937.78,4/9/16,160542,245.0
T872886,C5269254,M,BANGALORE,4257.68,8/9/16,200719,346.0
T1000487,C2336014,M,NOIDA,427564.44,14/9/16,152410,300.0
T178023,C8817334,M,PUNE,41558.82,4/8/16,204052,3253.0
T400158,C6764378,M,THANE,2363.64,18/8/16,112317,10.0
T60112,C6123391,M,K V RANGAREDDY,201.09,3/8/16,125415,60.0
T868498,C5738034,M,NEW DELHI,9702.54,8/9/16,170857,1731.0
T1019185,C8933978,M,NOIDA,114.12,13/9/16,192808,110.0
T201279,C7028913,F,SILIGURI,7396.64,9/8/16,221842,250.0
T745618,C1617554,M,GURGAON,29317.35,1/9/16,234659,1857.0
T252722,C6933589,M,MEERUT,183320.95,12/8/16,133200,290.0
T263008,C4013583,M,WALANDI,120894.99,12/8/16,153804,896.0
T92511,C5912359,M,JIND,747.56,27/9/16,203409,40.0
T276786,C7722287,M,HYDERABAD,59107.31,11/8/16,62549,501.0
T358401,C1727411,M,GURDASPUR,8013.46,14/8/16,125757,97.0
T646659,C6023249,M,MUMBAI,20685.62,25/8/16,114714,312.65
T296529,C1226748,M,JHAJJAR,764.16,10/8/16,75253,410.0
T358023,C4542615,M,PANTNAGAR,22353.02,14/8/16,133354,656.0
T595437,C2225042,M,FARIDABAD,16472.2,26/8/16,193035,4855.0
T753164,C5013431,M,CHENNAI,51223.27,1/9/16,194252,440.0
T888393,C1367113,M,DELHI,5335.89,7/9/16,184355,50.0
T505677,C8821377,M,VILLUPURAM,3830.48,19/8/16,81827,50.0
T147624,C4722444,M,THANE,7027.26,5/8/16,185020,3205.0
T242053,C2765591,M,GULBARGA,4102.55,7/8/16,123612,30.0
T755834,C4321985,M,GURGAON,144285.42,1/9/16,192147,1000.0
T252706,C4117558,M,PIMPLE SAUDAGAR PUNE,5206.37,7/8/16,231758,1185.0
T683172,C8625592,M,SHOP HYDERABAD,12543.97,30/8/16,84659,433.0
T873612,C5149962,M,MUMBAI,36490.45,8/9/16,175614,735.0
T558498,C4282628,M,REWARI,18613.38,24/8/16,161939,220.0
T847362,C3272522,M,GHAZIABAD,263113.02,9/9/16,103732,100.0
T167685,C6513680,M,BHOPAL,16878.27,4/8/16,140058,2416.0
T312701,C3186583,M,HYDERABAD,61616.87,10/8/16,161922,1029.13
T570220,C7214167,M,KANPUR,49804.64,22/8/16,122438,200.0
T327344,C5270912,M,GUWAHATI,14979.28,15/8/16,124117,198.0
T500291,C1416089,F,DELHI,31.94,20/8/16,191842,50.0
T108475,C5037061,M,LUCKNOW,3612.86,1/8/16,160057,219.0
T841715,C6940755,M,BANGALORE,88958.06,4/9/16,4027,2897.0
T544507,C5728784,F,NOIDA,12066.84,24/8/16,223208,97.0
T347831,C3727537,M,PANCHKULA,15179.58,14/8/16,132917,100.0
T423325,C3220631,M,NELLORE,11307.38,17/8/16,132733,48.0
T978650,C2238148,M,JAIPUR,31149.74,15/9/16,180919,305.0
T138667,C5623492,M,NELLORE,15619.66,5/8/16,111759,455.0
T411606,C2527048,F,ALLAHABAD,275063.15,18/8/16,202655,99999.96
T273811,C2242671,M,KANAYANKAVAYAL,9264.41,12/8/16,210919,1243.0
T507781,C5522692,M,SHAMSHABAD,6153.18,19/8/16,160828,1863.01
T66833,C8725447,F,MUMBAI,20503.47,2/8/16,62039,2500.0
T761933,C1839980,M,CHENNAI,12820.92,1/9/16,140037,438.95
T109117,C6225233,M,DELHI,6495.07,6/8/16,142636,259.0
T765180,C2915837,M,KOLKATA,8434.04,1/9/16,122834,500.0
T843724,C4715955,M,BARNALA,68206.03,9/9/16,155753,100.0
T390915,C7547268,M,BANGALORE,20316.34,13/8/16,185622,326.0
T79700,C2330079,M,BHILWARA,1178.36,1/8/16,81017,500.0
T13517,C2736061,M,JAJPUR,1418.1,25/9/16,222423,3680.0
T838432,C7727962,M,HAZARIBAGH,8336.1,9/9/16,174501,30.0
T63968,C3038364,M,NOIDA,163.38,2/8/16,100738,20.0
T829304,C7219989,M,AMRITSAR,30788.53,4/9/16,171250,688.0
T606165,C3923753,M,GURGAON,90452.22,26/8/16,180652,100.0
T979437,C6615263,M,BANGALORE,12065.62,15/9/16,145145,940.0
T337667,C3012714,F,MUMBAI,162285.96,15/8/16,180117,1379.0
T564765,C6229062,M,MUMBAI,29210.89,27/8/16,81841,1000.0
T782074,C4922729,M,NEW DELHI,11432.11,6/9/16,162647,1610.0
T524329,C5627172,M,DELHI,44141.86,19/8/16,234721,6216.0
T219997,C5844713,M,NEW DELHI,4889.72,8/8/16,200435,531.01
T151298,C7337920,F,CHENNAI,3253.91,5/8/16,230715,44.0
T207685,C8030361,M,BANGALORE,406905.31,8/8/16,124553,210.0
T56845,C6518651,M,NEW DELHI,349055.72,3/8/16,203019,1160.0
T657469,C1011678,M,KOLKATA,13742.77,28/8/16,200126,270.0
T786051,C2810376,M,LUCKNOW,342449.35,6/9/16,74453,100.0
T508554,C8684914,M,NAVSARI,509.17,19/8/16,173752,100.0
T1022052,C5377291,M,GURGAON,8322.76,13/9/16,211549,2080.52
T782000,C4037735,M,BANGALORE,21608.71,6/9/16,141640,905.0
T197663,C4819936,M,MUMBAI,1226.45,8/8/16,94122,510.05
T90875,C3173356,M,MUMBAI,897.75,27/9/16,205114,59.0
T786973,C1730458,M,GURGAON,8567.42,6/9/16,91631,79.0
T1030768,C7427185,M,NAGPUR,1826.43,13/9/16,93627,200.0
T581226,C7826581,M,GURGAON,6994347.73,27/8/16,131657,1940.0
T119201,C6235018,M,JAIPUR,66765.81,6/8/16,183541,10.0
T89528,C1835690,M,CHENNAI,91348.64,1/8/16,141908,1776.0
T25868,C3822345,M,PARBHANI,15510.01,26/9/16,180351,60.0
T594441,C2915773,M,NEW DELHI,27326.49,27/8/16,205648,85.0
T754839,C2133535,M,NEW DELHI,33121.73,1/9/16,195626,500.0
T910685,C7820147,F,NELLORE,23339.8,12/9/16,102742,548.0
T247202,C6938442,M,NEW DELHI,235804.98,7/8/16,225430,651.0
T861394,C7055037,M,DELHI,16424.32,8/9/16,120112,195.0
T586560,C1376663,F,BANGALORE,56736.02,23/8/16,162735,306.99
T981053,C4011017,F,THOOTHUKUDI,9826.16,15/9/16,122627,269.0
T669725,C2918786,M,MUMBAI,6997.0,28/8/16,131426,267.39
T938904,C1520849,M,HYDERABAD,4419.19,11/9/16,200533,490.0
T291568,C1715043,M,AHMEDABAD,2997.45,11/8/16,190503,118.0
T109056,C4429024,F,KARIM NAGAR,59764.53,6/8/16,74513,300.0
T391394,C1257013,F,THANE,10295.27,13/8/16,193459,4500.0
T633603,C7499225,M,JAIPUR,9785.76,29/8/16,114608,50.0
T391229,C7235047,M,NOIDA,14464.25,13/8/16,193041,1000.0
T810504,C1925985,F,NEW DELHI,1632833.06,4/9/16,215121,736.71
T304617,C8138117,M,MUMBAI,950948.11,10/8/16,130810,550.0
T194212,C7535863,M,NOIDA,205826.3,9/8/16,182728,100.0
T29522,C8542134,M,GAUTAM BUDH NAGAR,17226.04,26/9/16,234646,611.0
T357157,C3311553,M,MUMBAI,209579.12,14/8/16,162626,25000.0
T571301,C5623220,M,GAUTAM BUDDHA NAGAR,0.29,22/8/16,125641,70.0
T700776,C1336584,M,PUNE,14595.98,30/8/16,153250,500.0
T462260,C4526979,M,NAGPUR,366.54,16/8/16,215228,560.0
T796728,C8597216,M,NEW DELHI,111948.62,5/9/16,131947,1900.0
T488303,C6217621,F,MYSORE PUNE,82219.67,20/8/16,140311,145.6
T668445,C2194157,F,BANGALORE,6832.8,28/8/16,190637,98.0
T818878,C6916884,M,KOCHI,38480.71,4/9/16,173612,152.0
T995931,C1635988,M,KALYAN,91.35,14/9/16,124258,280.0
T713674,C2092622,M,SIDDHARTH NGR GOREGAON WEST MUMBAI,18325.34,3/9/16,180731,597.0
T915667,C1913879,F,RANGA REDDY,2636.81,12/9/16,194745,158.0
T126276,C8815932,F,MUMBAI AIROLI THANE,24809.65,6/8/16,190351,760.0
T692829,C5037115,M,FARIDABAD,71127.34,31/8/16,205043,776.0
T135024,C8320515,M,NAGPUR RURAL,54527.38,6/8/16,214126,2154.0
T609969,C5388867,M,SECUNDERABAD,17717.52,26/8/16,110507,632.0
T300277,C8137261,M,BANGALORE,21852.69,10/8/16,13253,6234.0
T572285,C6818375,F,SAS NAGAR MOHALI,25668.63,22/8/16,140759,177.0
T99864,C1325175,M,HYDERABAD,4484.42,1/8/16,201234,355.0
T34202,C6111158,M,THIRUVALLUR,8189.16,26/9/16,130110,295.0
T411605,C2638371,M,ZIRAKPUR,60949.06,18/8/16,202558,1005.0
T755642,C6717254,M,UMARGAM,2748.62,1/9/16,193923,50.0
T432054,C8920163,M,CHENNAI,6058.12,17/8/16,171042,653.0
T383102,C6769331,M,GURGAON,141148.25,13/8/16,145716,1000.0
T753169,C5896036,M,COIMBATORE,39679.72,1/9/16,201003,500.0
T885224,C9044541,M,BANGALORE,6272.46,7/9/16,210653,50.0
T474641,C4018722,M,MUMBAI,13914.76,21/8/16,232526,44.0
T51443,C3336342,M,GREATER NOIDA,320812.81,3/8/16,165644,2675.0
T666001,C8613853,F,HYDERABAD,9081.13,31/8/16,20049,250.0
T99506,C8013591,F,MUMBAI,93259.26,1/8/16,183322,540.0
T818354,C5834130,F,AGRA,23758.15,4/9/16,170506,46.0
T963810,C2816381,M,DELHI,5936.5,10/9/16,133648,40.0
T139836,C2013130,M,NAVI MUMBAI,28294.27,5/8/16,143853,100.0
T596702,C3221876,M,KOLKATA,110983.9,27/8/16,202543,1500.0
T946638,C2082511,M,HYDERABAD,63388.3,11/9/16,221800,460.0
T365726,C5410866,M,BHIWADI,11317.29,14/8/16,184624,109.6
T908934,C6314384,M,GURGAON,337160.13,12/9/16,111403,4393.0
T1005310,C6635466,F,NEAR JEHANGIR HOSPITAL PUNE,58379.05,14/9/16,155044,450.0
T978651,C7023823,M,BANGALORE,52.35,15/9/16,181437,400.0
T646701,C5831165,M,NOIDA,50743.7,29/8/16,93706,1200.0
T945709,C6823285,F,NEW DELHI,20826.74,10/9/16,212328,500.0
T499655,C5841837,F,PUNE,11280.0,19/8/16,113930,460.0
T238411,C6311281,F,SURAT,30705.36,7/8/16,195812,123.0
T674241,C7438843,M,NEW DELHI,13198.41,28/8/16,184039,200.0
T570590,C3577221,M,PALI,702.71,22/8/16,195836,5951.0
T721940,C4220811,M,VISAKHAPATNAM,69751.21,3/9/16,211143,599.0
T389717,C6038770,M,KHARAR,47.04,13/8/16,204121,251.0
T1014678,C8933071,M,BANGALORE,15258.87,14/9/16,223529,105.0
T840907,C1815742,F,MUMBAI,78.79,9/9/16,164152,599.0
T658556,C3419619,M,NOIDA,659.55,31/8/16,190929,500.0
T57283,C8221181,F,MUMBAI,223345.42,3/8/16,222458,62.62
T859158,C7435016,M,VELLORE,2395.84,9/9/16,205256,118.3
T924078,C1425745,F,DELHI,67543.5,11/9/16,132503,2758.0
T191729,C2514172,M,DANGWALGAON JAKHOLI RUDRAPRAYAG,8.28,9/8/16,205016,20.0
T43755,C7019684,M,DELHI,7958.53,3/8/16,50355,1800.0
T203241,C1648439,M,MUMBAI,5580.83,8/8/16,101547,225.0
T780050,C5326826,F,SHIMLA,35932.85,6/9/16,121300,8.18
T32079,C7918157,M,BHOPAL,1766.77,25/9/16,194420,200.0
T117215,C3524288,M,BANGALORE,57952.18,6/8/16,152727,300.0
T258950,C4738580,F,NEW DELHI,716.01,12/8/16,150255,1570.0
T110913,C3118579,M,PERAMBALUR DT,2414.77,6/8/16,101355,610.0
T151829,C8636822,F,VIRAR,3881.45,4/8/16,100021,50.0
T695527,C2315023,M,CHANDAULI,30064.65,31/8/16,194745,250.0
T883362,C3831066,M,MUMBAI,444973.49,7/9/16,205931,10859.46
T353356,C8774872,F,NOIDA,46673.81,14/8/16,143648,3098.0
T522490,C3873616,M,9A MALLESHWARAM BANGALORE,325.51,24/8/16,95244,50.0
T839730,C3390430,M,DELHI,69289.91,9/9/16,162239,500.0
T612609,C2129614,M,RANGA REDDY,155.57,26/8/16,235851,320.0
T137424,C7120724,F,NOIDA,978004.23,5/8/16,164540,1494.0
T657665,C8139155,M,MUMBAI,64389.91,31/8/16,130331,680.0
T709583,C1826845,M,MUMBAI,43128.99,3/9/16,164442,1260.0
T391044,C5914756,M,GURGAON,1495399.29,13/8/16,213525,385.0
T1017397,C5933136,M,RANGA REDDY,81.88,13/9/16,191529,806.0
T265086,C3332861,M,BANGALORE,65.22,12/8/16,171659,233.0
T7151,C3137026,M,MUMBAI,8114.49,27/9/16,174827,70.0
T549797,C6346227,M,CHANDIGARH,23676.31,22/8/16,113211,4900.0
T953328,C1830981,M,CHENNAI,4205.95,10/9/16,183943,360.0
T608173,C3942051,M,JAIPUR,54019.34,25/8/16,121856,1505.0
T823002,C2819090,F,NOIDA,16510.33,4/9/16,175633,250.0
T808886,C1820855,M,BANGALORE,14377.54,5/9/16,195142,1451.0
T241615,C2935372,M,NAVI MUMBAI,107.42,7/8/16,115726,60.0
T562905,C5233225,F,BANGALORE,13115.22,27/8/16,183114,1068.0
T159173,C5715352,M,NEW DELHI,107.95,4/8/16,113445,1259.0
T79602,C8030537,M,BANGALORE,20.52,2/8/16,195831,195.0
T533510,C6515586,F,HYDERABAD,14001.22,23/8/16,164913,64.0
T829134,C5740576,F,GURGAON,11498.88,4/9/16,143554,1000.0
T1043650,C7124558,M,THANE,5995.13,18/9/16,85538,100.0
T982418,C5312340,M,BELGAUM,49019.71,15/9/16,103459,78.0
T639162,C3939011,F,CHENNAI,7898.61,25/8/16,184716,180.0
T535242,C8023563,M,GREATER NOIDA,643.43,22/8/16,65639,500.0
T712665,C7326171,M,BANGALORE,15568.41,3/9/16,184106,50.0
T878493,C3333570,M,MIRA ROAD E THANE,30015.64,7/9/16,225939,1305.0
T29140,C2235348,M,CARANZALEM,7939.1,25/9/16,201415,356.58
T737510,C8225144,M,AGRA,69165.31,2/9/16,194344,200.0
T324156,C5636553,M,BANGALORE,2891.5,15/8/16,151341,279.0
T947042,C3823016,M,BANGALORE,1241.12,10/9/16,215023,120.0
T590454,C1510282,M,ALLAHABAD,36809.77,26/8/16,150717,120.0
T180598,C5223220,F,AMBALA,23701.32,9/8/16,125345,250.0
T950634,C8831270,M,HYDERABAD,12452.18,10/9/16,230745,1000.0
T38762,C1826767,M,NEW DELHI,70766.01,27/9/16,72529,1029.3
T572806,C2231130,M,CHENNAI,20678.07,27/8/16,120533,50.0
T640837,C8441458,M,GURGAON,277455.4,25/8/16,214159,600.0
T246536,C7020885,M,BANGALORE,11299.77,7/8/16,230733,2159.0
T18357,C6927716,F,DELHI,11647.94,26/9/16,184152,293.0
T382804,C6742868,M,ROHTAK,13412.41,13/8/16,150628,100.0
T915398,C4230631,M,SANGLI,423.84,12/9/16,191917,710.0
T774482,C8324963,M,GURGAON,22757.79,6/9/16,200423,600.0
T402939,C6434713,F,NOIDA,36448.65,18/8/16,183806,230.0
T242099,C7417128,M,GURGAON,359965.2,7/8/16,173431,1598.0
T796039,C6733152,M,COIMBATORE,9923.3,5/9/16,145927,200.0
T994537,C1135289,M,MUMBAI,5522.24,15/9/16,202027,623.0
T557470,C8916927,F,DELHI,12841.0,24/8/16,145107,1200.0
T58175,C2336179,M,KOLKATA,310.61,3/8/16,222547,500.0
T11122,C5720841,F,BANGALORE,26895.07,27/9/16,181249,1000.0
T450118,C7524827,M,BANGALORE,10417.75,16/8/16,201555,450.0
T111624,C4318036,M,GURGAON,44882.97,6/8/16,143004,300.0
T969490,C4933342,M,GURGAON,2593.88,10/9/16,151134,4590.0
T911528,C5697792,F,ALLAHABAD,6542.65,12/9/16,23220,20.0
T13374,C6235218,F,AHMEDABAD,9205.96,27/9/16,161336,286.0
T951796,C4128484,M,DESAI ROAD ANDHERI WEST MUMBAI,16274.34,10/9/16,235536,100.0
T549647,C5417214,F,DEHRADUN,159314.68,23/8/16,124433,4565.0
T698494,C8827067,F,KHARAR,41639.62,31/8/16,195323,101.15
T644671,C4425314,M,KOLKATA,16563.09,25/8/16,194944,400.0
T563964,C6017183,M,GUNTUR,1394408.98,27/8/16,154645,20000.0
T295030,C4936754,F,HYDERABAD,7382.67,11/8/16,195532,60.0
T898040,C2525834,M,MUMBAI,30544.73,7/9/16,130653,320.0
T161856,C7113033,M,DELHI,5831.92,4/8/16,34301,10.0
T245107,C1631578,M,KANGRA,3344.84,7/8/16,140222,1680.0
T117430,C5753851,F,MUMBAI,96.02,6/8/16,191649,6309.0
T929971,C8816391,M,FARIDABAD,45868.55,11/9/16,143118,2230.0
T586836,C1034992,F,NORTH 24 PARGANAS,11555.75,27/8/16,235456,1213.0
T212311,C7072313,M,SONIPAT,10411.8,8/8/16,190524,416.0
T92983,C6137553,M,NEW DELHI,122150.11,27/9/16,180811,1280.0
T539303,C6618147,M,PANCHKULA,5723.06,23/8/16,85410,175.0
T28281,C4830869,M,ALWAR,6.51,25/9/16,212622,10.0
T946049,C5434263,F,SAHARANPUR,13329.52,10/9/16,210617,500.0
T915601,C9034357,F,SILIGURI,47026.66,12/9/16,191919,2347.0
T164144,C7828473,M,KOLKATA,105287.36,4/8/16,144431,399.0
T813373,C6152180,M,GURGAON,11395.79,4/9/16,224409,400.0
T844911,C5917549,M,NEW DELHI,134263.42,9/9/16,83922,1000.0
T549210,C3321524,M,CHENNAI,91.7,24/8/16,181202,848.0
T68198,C7195730,M,NOIDA,29789.02,2/8/16,174353,1254.0
T332451,C2328451,M,LUDHIANA,563135.41,15/8/16,151151,1000.0
T641442,C4012588,F,LUCKNOW,8178.68,29/8/16,100219,299.0
T784951,C4516544,M,BANGALORE,37261.61,6/9/16,100502,100.0
T557615,C1529681,M,VAPI,88533.23,24/8/16,162659,34.0
T436334,C4232313,M,HOOGHLY,10579.56,17/8/16,202209,1715.0
T1040907,C8324369,F,SILCHAR,2910.52,18/9/16,144228,276.52
T356457,C1638536,M,ITARSI,8706.17,14/8/16,153424,50.0
T1002557,C2453351,M,AHMEDABAD,50662.22,14/9/16,123855,220.0
T17254,C8938884,F,MUMBAI,268418.29,26/9/16,210725,5350.0
T697787,C7716888,M,PUNE,159728.51,31/8/16,192540,1464.27
T5029,C6920865,M,NOIDA,2572.59,26/8/16,160630,3180.0
T436757,C4816279,M,NEW DELHI,27278.72,16/8/16,183356,255.0
T114557,C7883660,M,KRISHNAGIRI,6705.74,6/8/16,133838,1000.0
T988169,C4211326,M,AGRA,21266.27,15/9/16,75001,19.0
T227775,C4320256,M,NOIDA,4.29,8/8/16,221422,170.0
T679420,C2312350,M,HYDERABAD,25000.01,29/8/16,235624,1346.0
T433211,C5327570,M,SOUTH 24 PARGANAS,840.01,16/8/16,83249,1620.0
T894510,C7028621,M,GURGAON,7684.27,7/9/16,154349,76.0
T586056,C5572721,M,SOLAPUR,54620.97,27/8/16,215138,3868.0
T28906,C6523432,M,MUMBAI,13079.03,25/9/16,204359,1425.0
T1023278,C1412479,M,NEW DELHI,5436.43,13/9/16,163505,734.0
T562612,C1110165,F,NAVI MUMBAI,2840.42,27/8/16,93514,57.0
T274125,C7319344,F,BANGALORE,45558.05,12/8/16,200452,657.0
T630297,C7642629,M,DHURI DT SANGRUR,107756.24,29/8/16,194325,435.0
T982214,C7830433,M,GURGAON,1758576.5,15/9/16,95200,396.26
T146694,C3138371,M,K V RANGAREDDY,55208.83,5/8/16,203618,350.0
T980770,C4511739,F,MUMBAI,1218.34,15/9/16,94918,1271.0
T595162,C3035527,M,JAIPUR,6.62,27/8/16,192725,200.0
T611688,C8065064,F,BANGALORE,49049.79,26/8/16,114347,3980.0
T490012,C3735681,M,THANE,2.46,20/8/16,120529,50.0
T548848,C4723568,M,BANGALORE,21223.06,23/8/16,120920,156.0
T638738,C5936515,M,MUMBAI,14077.04,29/8/16,175213,50.0
T202084,C4114144,F,DURG,401.44,8/8/16,22615,154.0
T848621,C8534584,F,VADODARA,84664.2,9/9/16,120703,1000.0
T228536,C2627543,M,GURGAON,1236.94,8/8/16,232755,120.0
T999232,C6537260,F,DELHI,11804.77,14/9/16,110939,11400.0
T985224,C6018344,F,HYDERABAD,13773.66,15/9/16,202044,1892.3
T461181,C7334012,M,DELHI,1369.08,21/8/16,160340,130.0
T324280,C7928724,M,HYDERABAD,34585.03,15/8/16,115953,150.0
T95537,C6333458,M,CHENNAI,65944.32,1/8/16,160448,2690.0
T929291,C3424243,M,THANE (W),9358.64,11/9/16,163338,1000.0
T286768,C6712518,F,DURGAPUR,95193.7,11/8/16,191438,626.0
T923983,C5728535,M,THANE,56337.74,11/9/16,55659,2017.0
T558573,C7116431,M,THIRUVANANTHAPURAM,140.96,27/8/16,184415,200.0
T192763,C3623965,M,NOIDA,1937026.56,9/8/16,182141,350.0
T125056,C2071577,M,NEW DELHI,560.97,6/8/16,205004,354.0
T209937,C7922479,M,THANE,7027.26,3/9/16,141536,238.7
T434428,C1967775,M,GURGAON,423346.98,17/8/16,194132,279.0
T634136,C7342173,M,CHANDIGARH,10163.33,29/8/16,205131,770.0
T615677,C5440873,M,DERABASSI,22302.25,26/8/16,113411,250.0
T900910,C8818616,M,HOOGHLY,28.32,7/9/16,3143,60.0
T952024,C1028456,F,MARKET NEW DELHI,4199.57,10/9/16,225552,49.0
T681648,C6418744,M,HYDERABAD,20.55,31/8/16,211116,380.0
T127494,C1721887,M,BHUBANESHWAR,4885.29,6/8/16,213621,384.0
T258835,C6623127,M,GHAZIABAD,66852.55,12/8/16,155747,200.0
T813483,C3262161,M,DELHI,123998.32,4/9/16,200947,8700.0
T561940,C1419458,M,PATIALA,5937.99,27/8/16,103723,50.0
T880801,C2336053,M,NASHIK,37761.11,7/9/16,202809,2629.0
T566112,C8527321,M,NEW DELHI,24362.58,22/8/16,104048,42.0
T447173,C7750130,M,MUMBAI,9103.15,16/8/16,164417,22.0
T907663,C7911228,F,NOIDA,9972.65,12/9/16,145615,293.5
T624518,C2040625,M,LUCKNOW,0.0,25/8/16,153203,117.0
T1017661,C8210512,M,VALPARAI,1216.36,13/9/16,191012,500.0
T807232,C8740520,M,SATARA,11699.96,4/9/16,215912,115.0
T725440,C3221012,F,MUMBAI,37398.76,2/9/16,101022,187.0
T337818,C7929666,M,THANE,3865.81,15/8/16,193243,1110.0
T465937,C2837085,M,CHANDIGARH,10050.02,21/8/16,152742,41.0
T33933,C6788886,M,PAREL MUMBAI,23695.8,25/9/16,205002,4950.0
T840047,C7232856,M,CHANDIGARH,184.97,9/9/16,154105,1300.0
T364513,C4171311,M,BANGALORE,49956.91,14/8/16,212743,650.0
T488047,C5127638,M,NEW DELHI,5431.26,20/8/16,165339,300.0
T951977,C4331847,M,NOIDA,11620.81,10/9/16,220554,542.0
T825395,C2314977,M,PATNA,74119.62,4/9/16,183855,78.0
T166146,C7713143,F,HYDERABAD,27373.77,4/8/16,134312,176.0
T87947,C6926558,M,BANGALORE,62595.75,1/8/16,122241,50.0
T885895,C9039281,M,THORAIPAKKAM CHENNAI,1026.31,7/9/16,224146,7.4
T243886,C2187360,F,NEW DELHI,58728.1,7/8/16,184709,900.0
T197815,C2813582,M,PIMPLE SAUDAGAR PUNE,45.85,8/8/16,4438,65.0
T671060,C5039513,M,KHAIRNE THANE NAVI MUMBAI,46039.97,28/8/16,190656,213.36
T269462,C2116489,M,NEW DELHI,11963.04,12/8/16,190519,100.0
T62427,C2475689,M,MUMBAI,8121.21,2/8/16,93544,50.0
T142733,C6812618,M,MOHANPUR,30807.46,5/8/16,131125,2124.15
T685212,C3827329,F,PUNE,4693.22,30/8/16,215247,2361.0
T585861,C1722028,M,HYDERABAD,480577.41,22/8/16,204824,447.0
T587999,C5415315,M,VISAKHAPATNAM,17135.66,22/8/16,200329,1000.0
T964151,C5439383,M,MUMBAI,5969.23,10/9/16,122743,248.0
T17064,C8233661,M,GHAZIABAD,9000.24,26/9/16,205040,57.0
T847169,C3241380,M,AHMEDABAD,28773.3,9/9/16,84408,249.0
T207825,C5729743,M,NOIDA,7904.75,8/8/16,122321,40.0
T867184,C7934677,M,FARIDABAD,6717.71,8/9/16,125945,1498.0
T41017,C4223340,M,MUMBAI,39563.8,27/9/16,205856,1012.0
T121809,C3214022,M,THANE,31183.8,6/8/16,173328,671.0
T104242,C7227268,M,DELHI,20343.34,6/8/16,92635,840.0
T31076,C4117137,M,DELHI,11617.74,25/9/16,191439,700.0
T731785,C4012543,F,GANDHIDHAM,232816.31,2/9/16,160734,18.0
T279659,C4935473,M,DELHI,265.18,11/8/16,204230,100.0
T613130,C7034750,M,LUCKNOW,322724.62,26/8/16,131057,3050.0
T647407,C1140753,M,NOIDA,4903.46,25/8/16,152305,200.0
T54672,C4938540,M,PUNE,5728.34,3/8/16,193952,1322.5
T684359,C8423826,F,ALWAR,44342.8,30/8/16,223616,827.0
T1010928,C7831488,F,BANGALORE,12558.52,14/9/16,232313,739.0
T555615,C7740561,F,MUMBAI,552399.44,23/8/16,124659,24566.0
T396887,C7421335,M,NEW DELHI,482.5,13/8/16,210741,3105.0
T792337,C2515969,M,NASHIK,13284.57,5/9/16,114537,299.0
T37815,C7713916,M,BANGALORE,23623.02,30/9/16,131055,1481.0
T164182,C5210524,M,GURGAON,77768.66,4/8/16,120014,3431.0
T226390,C4029236,M,ROORKEE,328881.53,7/8/16,2056,10000.0
T193819,C4515067,M,JAIPUR,16275.48,9/8/16,185138,1195.0
T470144,C6840437,M,NOIDA,3105.35,21/8/16,214250,1000.0
T962140,C8550054,F,BANGALORE,11651.02,10/9/16,141712,459.52
T623581,C7729918,M,DEHRADUN,9.78,25/8/16,184449,755.42
T876247,C7112446,M,NEW DELHI,21.55,8/9/16,211515,220.0
T277397,C2129430,M,MARATHALLI OUTER RING RD BANGALORE,19937.27,11/8/16,80137,108.0
T683221,C5413720,M,PANCHKULA,16697.73,28/8/16,75325,1000.0
T444894,C8614645,M,THANE,205895.13,16/8/16,93157,766.0
T130187,C2537685,F,NORTH GOA,11707.02,6/8/16,200925,200.0
T471505,C6198365,M,PATNA,2286.2,21/8/16,215106,30.0
T798938,C6731853,M,HOSUR,378.26,5/9/16,161350,100.0
T835514,C4538680,M,DEWAS,78250.04,9/9/16,173103,72.81
T1015000,C4933054,F,NEW DELHI,32900.5,13/9/16,194302,219.0
T938716,C8815190,M,HARIDWAR,4659.96,11/9/16,162120,753.45
T10397,C2812389,M,NEW DELHI,152491.04,27/9/16,164348,120.18
T339133,C7328320,M,JAIPUR,56349.04,15/8/16,192750,4299.0
T906538,C1841276,M,NOIDA,40268.5,12/9/16,135439,539.0
T53707,C1212460,F,BANGALORE,22787.5,3/8/16,175920,3625.0
T6986,C2037287,F,NEW DELHI,20494.87,25/9/16,232933,49.0
T525076,C1635211,M,MUMBAI,,19/8/16,233252,1.0
T462100,C5810453,F,RAJKOT,8595.98,21/8/16,153028,299.0
T2267,C8924075,M,GURGAON,7060.46,21/10/16,152925,110.0
T273491,C8730887,M,MUMBAI,8010.36,11/8/16,40826,414.67
T677682,C5831255,M,CHENNAI VEGITABLES CHENNAI,128978.64,28/8/16,112628,721.0
T990627,C6975520,M,BANGALORE,649759.0,15/9/16,202211,781.0
T608898,C3038075,M,SURAT,72.92,26/8/16,65701,150.0
T46713,C3034666,F,NEW DELHI,4554.13,3/8/16,55513,70.0
T696468,C2171145,M,SURAT,2478.1,31/8/16,195945,40.0
T777607,C4389364,M,NARNAUL,3918.51,6/9/16,155856,250.0
T277872,C4542079,M,CHENNAI,3056.69,12/8/16,233133,50.0
T117199,C1427833,M,GURGAON,25.13,6/8/16,50037,39.99
T628593,C1323543,F,AHMEDABAD,12703.97,25/8/16,153928,63.0
T280940,C6524559,M,LUDHIANA,392.47,11/8/16,105453,1100.0
T696983,C6939688,M,VIDISHA,29017.34,30/8/16,130553,6999.0
T555261,C8312381,M,BELGAUM,49019.71,22/8/16,95139,100.0
T206057,C8924548,M,KOTTAYAM,50629.19,8/8/16,134738,500.0
T508933,C4713657,M,MUMBAI,12349.34,19/8/16,180400,1425.0
T312594,C1911746,M,UDAIPUR,369786.87,10/8/16,194404,292.0
T664557,C3524466,M,BANGALORE,14424.91,28/8/16,210759,185.0
T12433,C3154082,F,MUMBAI,8148.9,27/9/16,163010,2000.0
T726193,C5454373,M,FARIDABAD,75.81,2/9/16,80307,20.0
T411718,C7426233,M,JAIPUR,3700.15,18/8/16,190001,1927.6
T328598,C6511447,F,MUMBAI,80714.38,15/8/16,123633,295.0
T986552,C7268564,M,HYDERABAD,287259.07,15/9/16,1207,600.0
T700611,C1084834,M,ERNAKULAM,19.62,30/8/16,122345,100.0
T6999,C2617140,M,MUMBAI,7685.27,25/9/16,193603,240.0
T667478,C8832071,M,RUDRAPUR,53398.32,28/8/16,200007,170.0
T828819,C6830392,M,PRAKASAM DIST (AP),6250.46,4/9/16,133835,14.0
T518747,C8332486,M,MUMBAI,14931.62,19/8/16,232948,297.0
T1041631,C4516281,M,BALASORE,3828.62,18/9/16,144153,200.0
T414673,C1219526,M,BAGESHWAR,2899.65,18/8/16,135440,30.0
T66479,C6024416,M,UDAIPURA,13271.92,2/8/16,102649,289.29
T767357,C7138378,M,GURGAON,84348.94,1/9/16,5203,429.0
T582654,C2027315,M,DELHI,3215.36,22/8/16,201349,1588.0
T183783,C3268417,M,GHAZIABAD,46895.7,9/8/16,123906,300.0
T361892,C2715665,M,NEW DELHI,14776.01,14/8/16,180214,2660.0
T961577,C2899281,F,MUMBAI,164855.2,10/9/16,174000,740.0
T9554,C7130242,M,RANCHI,12330.03,25/9/16,202728,550.0
T692834,C2034671,M,NAVI MUMBAI,2168.98,31/8/16,230525,3331.0
T593052,C1279492,M,GURGAON,151938.38,27/8/16,203814,1846.0
T578248,C7785074,M,KURUKSHETRA,627.17,22/8/16,204212,240.0
T245404,C4122148,M,SINDHUDURG,214.24,7/8/16,184405,810.0
T792997,C2112970,M,DELHI,18361.26,5/9/16,83807,700.0
T374312,C7520384,M,KOHIMA,7632.1,13/8/16,135510,120.0
T930592,C5831622,M,BANGALORE,80.41,11/9/16,164748,679.0
T92773,C2414612,F,THANE,8483.79,27/9/16,184117,750.0
T605168,C7341646,M,GURGAON,22777.56,25/8/16,110114,177.0
T987085,C7822378,M,DELHI,89859.92,15/9/16,235814,3806.0
T1004714,C1622411,F,CHENNAI,204.65,14/9/16,145953,25.0
T377135,C3610740,M,NOIDA,14362.43,13/8/16,134025,394.0
T973768,C3942039,M,CHIKMAGALUR,7277.74,15/9/16,161453,70.0
T847573,C8061169,M,BHIWADI,1170.87,9/9/16,121240,200.0
T839564,C6828187,M,AMBALA CANTT,102204.43,9/9/16,162319,2078.0
T208717,C3914932,M,BAREILLY,1227027.45,3/9/16,131756,107.0
T218513,C8376089,M,NASHIK,405988.15,7/8/16,3914,1230.0
T171272,C6138138,F,NEW DELHI,305142.03,4/8/16,183508,3760.0
T907647,C6527657,M,JIND,62021.79,12/9/16,61735,60.0
T205222,C3041068,M,E VASAI PALGHAR THANE,36143.42,8/8/16,143456,155.0
T513662,C4657480,M,MUMBAI,13728.98,19/8/16,203703,88.0
T559800,C2610759,M,DUNGARPUR,24021.79,22/8/16,141335,100.0
T106591,C5594859,F,UDAIPUR,50255.86,6/8/16,81206,300.0
T341561,C6819311,M,DELHI,8230.62,15/8/16,213026,230.0
T751628,C3640439,M,NEW DELHI,19099.42,1/9/16,210256,228.78
T437736,C6036992,M,PATIALA,125761.51,17/8/16,225917,1443.0
T369835,C3338669,F,THANE,6455.58,14/8/16,205814,699.0
T828198,C7828079,F,GURGAON,260.62,4/9/16,160120,5000.0
T781126,C1374149,F,MUMBAI,65356.35,6/9/16,161847,137.18
T253678,C4412678,M,BELGAUM,218937.4,12/8/16,73518,6970.0
T360773,C9023586,F,BANGALORE,1055.9,14/8/16,165454,1000.0
T28080,C8627278,M,AURANGABAD,42691.21,25/9/16,210309,2610.27
T812425,C3530918,M,HYDERABAD,516566.0,4/9/16,200205,1060.0
T92279,C2573225,M,DEHRADUN,8114.96,22/9/16,135420,305.75
T866343,C3835386,M,DELHI,15692.52,8/9/16,170459,660.0
T317724,C7331348,M,NEW DELHI,3983.38,10/8/16,203353,700.0
T188595,C1213454,M,MUMBAI,812.99,9/8/16,140808,1329.82
T611745,C6721124,M,HALOL,8539.44,26/8/16,81258,99.0
T1041488,C9056178,M,AMBUR VELLORE,6178.0,18/9/16,123848,250.0
T1042836,C1134384,F,NOIDA,493206.75,18/9/16,120648,836.0
T278742,C5130142,M,JAUNPUR,4295.78,11/8/16,112551,100.0
T309117,C2715853,M,BANGALORE,697.15,10/8/16,181119,268.0
T767537,C5113191,M,DELHI,4065.42,1/9/16,41441,350.0
T736465,C3113760,M,NEW DELHI,12039.22,2/9/16,172013,795.0
T208137,C3912470,F,BANGALORE,14685.63,8/8/16,163824,49.0
T1018813,C5337442,M,NORTH 24 PARGANAS,13618.92,13/9/16,212607,680.0
T505742,C4360950,M,KOLKATA,50.3,19/8/16,918,11.0
T63752,C8711155,M,LUDHIANA,19828.45,3/8/16,221319,156.0
T869323,C6439559,F,UTTAR DINAJPUR,295.47,8/9/16,162918,50.0
T510059,C2545565,M,NEW DELHI,5052.81,19/8/16,111806,1799.66
T542857,C8536854,M,PRAKASAM,5020.07,23/8/16,101149,200.0
T800733,C7642613,F,GUWAHATI,117.93,5/9/16,164527,250.0
T13138,C1226091,M,GURGAON,4583.38,22/9/16,132453,50.0
T314902,C2519114,F,DEHRADUN,112475.73,10/8/16,224217,2743.0
T704038,C6121575,M,PUNE,11379.7,30/8/16,103447,104.95
T1026013,C7219484,M,PUNE,6116.17,13/9/16,153254,225.0
T872099,C4830376,F,DUBAI,74.88,8/9/16,173515,293.0
T539844,C3037538,F,BANGALORE,109297.72,22/8/16,5611,100.0
T1021715,C8699456,M,BANGALORE,7627.61,13/9/16,183558,348.97
T414904,C8511316,F,KOLKATA,190470.42,18/8/16,192809,1260.0
T361072,C8919025,F,CHITTO0R,7594.85,14/8/16,183341,2348.0
T767920,C1010923,F,BANGALORE,16748.07,6/9/16,213359,117.0
T396251,C8871522,M,AHMEDABAD,261064.17,18/8/16,101557,151.0
T192442,C5529683,F,SAMBHAL,58125.63,9/8/16,174805,50.0
T563621,C4882137,M,CHENNAI,31085.67,27/8/16,173509,4770.0
T1040285,C5024557,M,NOIDA,208246.9,18/9/16,142000,2999.0
T1047575,C1039832,M,VADODARA,9847.16,18/9/16,174939,710.0
T839267,C2021463,M,DELHI,35735.12,4/9/16,112556,500.0
T851170,C3628771,M,NOIDA,438.5,9/9/16,10843,2223.0
T895282,C7735272,M,ALWAR,39670.01,7/9/16,135736,200.0
T982446,C3613043,F,NEW DELHI,91517.95,15/9/16,184421,1000.0
T210294,C1612850,F,GURGAON,6553.94,3/9/16,141552,350.0
T873822,C3917356,F,PUNE,13817.65,8/9/16,191748,199.0
T421233,C1524979,M,MUMBAI,12694.87,17/8/16,101055,110.0
T898609,C1313368,M,CHENNAI,1557.87,7/9/16,102222,800.0
T49933,C7117115,F,MUMBAI,63962.4,3/8/16,143517,4199.0
T686765,C3429489,M,MUMBAI,112.53,30/8/16,71445,50.0
T233097,C2072522,M,GURGAON,69.57,7/8/16,123218,6335.03
T429835,C4722382,F,SEPAHIJALA,92.03,17/8/16,201833,100.0
T427771,C3047288,F,GURGAON,142014.59,17/8/16,172927,178.0
T1098,C4754947,M,DELHI,252836.65,21/10/16,211318,1000.0
T418626,C2878780,F,GURGAON,318888.66,17/8/16,114643,906.0
T667090,C7864832,M,MUMBAI,21874.06,28/8/16,122223,695.0
T658991,C4136936,M,NEW DELHI,1532848.5,31/8/16,180329,2000.0
T1032336,C4435116,M,NAGPUR,548.04,13/9/16,104008,160.0
T355314,C4831841,F,HYDERABAD,29972.87,14/8/16,143018,626.0
T159354,C7110719,M,BANGALORE,18498.78,4/8/16,91652,100.0
T125631,C7985263,F,ALLAHABAD,17978.45,6/8/16,191959,374.0
T871961,C4021769,M,KANGRA,3823.25,8/9/16,173144,40.0
T777960,C4733829,M,DELHI,7640.11,6/9/16,170007,200.0
T469930,C5139112,M,MUMBAI,64389.91,21/8/16,215144,282.0
T686196,C6623730,M,PUNE,399.97,30/8/16,160443,100.0
T745498,C5228352,M,ZIRAKPUR,70042.55,2/9/16,210616,1813.0
T517834,C8218122,F,GURGAON,4195.05,19/8/16,215306,687.0
T18384,C4338952,F,LATEHAR,21404.84,26/9/16,182640,165.0
T923100,C3221047,M,KOLKATA,7910.56,11/9/16,100135,440.0
T213897,C1713958,M,GREATER NOIDA,143.61,8/8/16,135723,899.0
T41148,C7816061,M,CHENNAI,16900.8,27/9/16,192235,796.0
T690060,C6022464,M,COIMBATORE,22627.54,30/8/16,193446,556.0
T909941,C7425763,M,CHANDIGARH,2100.38,12/9/16,122533,1300.0
T167583,C7459073,M,RANGA REDDY,462.02,4/8/16,202914,411.0
T730516,C4836168,M,ROAD PUNE,353.24,2/9/16,112017,160.0
T812686,C5080852,F,DELHI,104.15,5/9/16,215513,99.0
T657440,C6877617,M,HOWRAH,864.48,31/8/16,142633,35.0
T607481,C6717525,M,BAMBOLIM,246292.37,26/8/16,92200,26455.6
T320442,C7031711,F,GURGAON,6665.14,15/8/16,11809,220.0
T858570,C4133981,F,NAVI MUMBAI,1157.66,8/9/16,83534,300.0
T665944,C5827317,M,AHMEDABAD,844.89,28/8/16,172043,300.0
T597046,C7443041,M,NOIDA,166097.54,25/8/16,132115,1400.0
T564302,C5062129,M,NAGPUR,56186.52,27/8/16,41551,30.0
T1040390,C6532073,M,NASHIK,30186.22,18/9/16,123536,1000.0
T671106,C6929841,F,MUMBAI,43422.05,28/8/16,200401,15990.0
T112911,C3215134,M,DISTT HOSHIARPUR,20122.41,6/8/16,102839,1310.0
T16409,C5037365,F,BANGALORE,1592988.2,26/9/16,163249,298.0
T124323,C2923649,M,VIJAYAWADA,53180.83,6/8/16,193311,8052.0
T100998,C2711230,M,MUMBAI,44217.57,1/8/16,184454,1390.0
T751427,C3710192,M,ZIRAKPUR,96457.52,1/9/16,203356,459.62
T263490,C7122446,M,REWARI (HARYANA),6173.77,12/8/16,141707,220.0
T1014974,C6032235,M,NASHIK,4140.4,13/9/16,193517,750.0
T111936,C6715172,M,DELHI,71.17,6/8/16,171608,40.0
T281842,C3484891,M,ERNAKULAM,19.62,11/8/16,125422,568.0
T379114,C8824291,M,KANPUR DEHAT,332.45,13/8/16,143915,100.0
T1028207,C5942526,M,GURGAON,18438.54,13/9/16,133116,100.0
T838959,C1939339,F,GURGAON,37903.35,9/9/16,175739,12305.0
T908249,C2637460,M,MOHALI,39578.78,12/9/16,152119,2325.0
T326872,C8118717,F,NAVI MUMBAI,1312861.93,15/8/16,124849,100.0
T711829,C8370261,M,KRISHNA DISTRICT,5073.52,3/9/16,174345,798.0
T383711,C5442863,F,LUCKNOW,331304.84,13/8/16,164751,1380.0
T820775,C8984716,M,BANGALORE,53034.37,4/9/16,205150,900.0
T56192,C3722384,M,SAS NAGAR,30528.86,3/8/16,203131,80.0
T972962,C3736658,F,CHANDIGARH,6321.66,10/9/16,104934,460.0
T720507,C8121879,F,NOIDA,10326.11,3/9/16,213541,2238.5
T4511,C8030818,M,MUMBAI,51448.78,23/9/16,190940,340.0
T626109,C5114716,M,DELHI,42248.73,29/8/16,223526,351.0
T412352,C8616914,M,MUMBAI,36875.62,18/8/16,150416,261.0
T829755,C7019677,F,NEW DELHI,60213.45,4/9/16,182457,521.0
T601305,C5138350,M,THANE,12081.79,25/8/16,43545,45.0
T248543,C8747114,M,JHAJJAR,41513.05,12/8/16,104954,606.9
T714817,C2911171,M,PANIPAT,5.0,3/9/16,193350,1288.0
T996814,C8222938,M,MUMBAI,270.63,14/9/16,131315,215.0
T726130,C1542427,M,HYDERABAD,725.52,2/9/16,85436,20.0
T534637,C8714614,M,DHARMAPURI,43868.29,24/8/16,193613,5990.0
T832263,C5341979,M,THANE,80554.92,4/9/16,131252,896.0
T222362,C2523025,M,CHENNAI,10944.94,8/8/16,210133,269.0
T27286,C8535522,M,BHUBANESHWAR,317398.31,25/9/16,201309,2000.0
T64795,C5448788,M,TIRUPPUR,3132.53,2/8/16,95217,288.0
T1039721,C1733928,F,NAVIMUMBAI,84061.8,18/9/16,160545,802.0
T1013898,C4717672,M,DASUYA,8949.25,14/9/16,224506,200.0
T411464,C6940621,M,THANE,2988.45,18/8/16,183356,30.0
T360671,C2019730,M,BANGALORE,7008.55,14/8/16,203950,154.0
T567879,C1928390,F,AMBALA,911.36,22/8/16,141259,150.0
T503984,C5129867,F,DELHI,6.98,19/8/16,2233,300.0
T891566,C6441446,M,BANGALORE,6094.75,7/9/16,173635,1598.0
T201536,C5927814,M,MUMBAI,12514.22,9/8/16,212420,600.0
T717320,C5422521,M,DELHI,17901.82,3/9/16,190819,260.0
T500992,C1435361,M,CHENNAI,12816.62,20/8/16,200507,469.0
T464842,C3130480,M,COIMBATORE,15163.65,21/8/16,125619,435.0
T70571,C6012379,M,DELHI,237219.19,2/8/16,175322,866.6
T823264,C2713367,M,GURGAON,949.87,4/9/16,204920,190.0
T950402,C5029932,M,HADPSAR I C PUNE,24495.4,11/9/16,235635,248.0
T436947,C2430246,F,NEW DELHI,13.3,17/8/16,214304,180.0
T978398,C6312050,M,PUNE,338455.99,15/9/16,143543,1036.0
T824320,C3728580,M,GURGAON,2229.48,4/9/16,133950,1100.0
T203117,C9024868,M,KOLKATA NEAR COLLEGE MORE KOLKATA,65352.36,8/8/16,123048,670.0
T370291,C2420075,M,GURGAON,10.4,14/8/16,220644,156.0
T995998,C7842723,M,CHENNAI,8532.1,15/9/16,202850,270.0
T922178,C6839164,M,HYDERABAD,77901.41,11/9/16,100358,5623.0
T727908,C4339244,F,HAPUR,2.44,2/9/16,103850,179.0
T302881,C7140786,F,SECUNDERABAD,161236.76,10/8/16,115837,3700.0
T547460,C1527863,M,CHENNAI,3765.02,23/8/16,194314,200.0
T347101,C3553737,M,GURGAON,20996.26,15/8/16,224508,2791.0
T677337,C5738325,M,DELHI,10.72,28/8/16,193328,2739.0
T878795,C3725655,M,DIBRUGARH,4138.66,7/9/16,223947,30.0
T285235,C7117917,M,CHENNAI,14899.4,11/8/16,115053,240.0
T731517,C6321992,M,NAVI MUMBAI,52690.36,2/9/16,112656,2530.84
T771410,C7719372,M,GURGAON,31216.78,6/9/16,202239,100.0
T68376,C2327950,M,DELHI,43488.48,2/8/16,143027,1834.0
T785741,C4312214,M,PUNE,35189.92,6/9/16,33252,370.0
T1038247,C7450064,F,BANGALORE,11651.02,18/9/16,155337,200.0
T401970,C5727771,M,NAVI MUMBAI,9357.21,18/8/16,155516,305.0
T483600,C9024049,F,BANGALORE,332.53,20/8/16,120424,799.0
T270998,C6231972,M,NEW DELHI,565405.17,12/8/16,221655,1724.0
T169925,C2611831,M,RANGA REDDY,6376.29,4/8/16,162608,269.16
T429005,C4630425,M,GURGAON,2557.58,17/8/16,181820,848.47
T246592,C4131339,M,HUBLI,11369.68,7/8/16,204432,264.0
T702591,C7616131,M,GURGAON,,30/8/16,124549,268.0
T743497,C7216468,M,SURAT,5499.98,1/9/16,212929,1500.0
T124990,C4833337,F,NOIDA,2995.49,6/8/16,191021,730.0
T777269,C7619034,F,NASHIK,12500.26,6/9/16,162104,157.0
T671484,C6739166,M,AGRA,96692.69,28/8/16,194311,962.73
T183434,C6619815,M,BANGALORE,265540.1,9/8/16,120418,2699.0
T701322,C7335433,M,KOLKATA,78.77,30/8/16,144007,669.0
T1041018,C5910368,M,CHENNAI,54904.33,18/9/16,111856,712.0
T871894,C1245987,M,HYDERABAD,1190.02,8/9/16,152235,410.0
T329182,C7042117,M,BHIWADI,4114.97,15/8/16,141118,110.85
T150215,C4037683,M,SULTANPUR,5383.08,4/8/16,81653,20.0
T461639,C8984090,M,BANGALORE,17597.97,16/8/16,213737,1003.75
T603398,C7334333,M,MUMBAI,1039086.8,26/8/16,163227,2686.0
T12787,C7611340,M,MUMBAI,75192.06,25/9/16,214629,743.0
T596090,C7737747,M,BANGALORE,21608.71,27/8/16,205054,118900.0
T89574,C7726967,F,DELHI,10579.03,1/8/16,133225,192.0
T133246,C6935053,M,GURGAON,3853.03,5/8/16,111608,100.0
T583977,C1789771,F,CHENNAI,8898.71,22/8/16,204327,930.0
T335604,C2915816,M,NEW DELHI,40.92,15/8/16,144505,70.0
T168851,C6935168,F,MUMBAI,11182.8,4/8/16,180401,550.0
T498227,C7913861,M,DELHI,71491.54,20/8/16,205819,46.0
T867921,C2712526,F,KHAMMAM,31910.83,8/9/16,143215,50.0
T697246,C8342470,F,TRICHY,4667.31,30/8/16,195342,620.0
T159072,C8232267,M,PALGHAR THANE,144967.6,5/8/16,220705,500.0
T359945,C1937653,M,THANE,30378.89,14/8/16,214341,6181.0
T958529,C4022539,F,NOIDA,103023.35,10/9/16,194255,193.0
T985426,C3845313,F,NEW DELHI,139.4,15/9/16,202802,259.0
T419942,C5033040,M,BANGALORE,52177.45,17/8/16,82445,524.0
T96492,C6847218,M,NEW DELHI,24717.04,1/8/16,133857,646.0
T870274,C1130352,F,FARIDABAD,2489.92,8/9/16,172805,1000.0
T196825,C7623291,M,JAIPUR,69.71,9/8/16,200728,303.0
T1001481,C6115171,M,ITANAGAR,12480.93,14/9/16,161613,290.69
T809883,C4570842,F,REWARI (HARYANA),40390.32,5/9/16,205117,850.0
T692870,C3010663,M,MALDA,6.42,31/8/16,204932,175.0
T699098,C7212348,M,DASUYA,3882.02,30/8/16,203425,1245.0
T599161,C1016525,F,NEW DELHI,54830.97,25/8/16,80206,1000.0
T467472,C4421047,F,NAVI MUMBAI,11871.52,21/8/16,173335,3299.0
T732893,C7438815,M,KOLAR - DISTRICT,812.07,2/9/16,144857,100.0
T625835,C2545318,F,TARAKESWAR,11282.26,25/8/16,170327,1999.0
T554722,C2419437,M,PORVORIM,24965.69,24/8/16,141143,200.0
T159324,C2727076,F,ALLAHABAD,275063.15,5/8/16,220236,99999.85
T675804,C1842985,M,FARIDABAD NIT,10378.39,31/8/16,191645,20000.0
T215991,C3122432,M,SIWAN,822.5,8/8/16,112629,275.0
T266758,C1213215,M,SONIPAT,184747.36,3/9/16,113957,68.0
T675055,C6581831,M,BANGALORE,138901.28,28/8/16,110910,3000.0
T27828,C4216822,M,KOLKATA,97.44,26/9/16,134751,81.0
T215282,C8686512,M,KANYAKUMARI,3571.25,8/8/16,205134,50.0
T323430,C4029466,M,KOLKATA,12750.27,10/8/16,174847,200.0
T416805,C1218136,M,NORTH 24 PARGANAS,12244.64,18/8/16,181027,200.0
T331192,C7017153,M,RAJKOT,2066.91,15/8/16,152424,4226.0
T272762,C6921023,M,MUMBAI,11313.61,12/8/16,185213,2000.0
T785838,C6534920,F,DELHI,141392.83,6/9/16,94527,600.0
T967593,C8140480,M,DELHI,480.06,10/9/16,155142,152.0
T508558,C8569673,F,BHILWARA,4562.51,19/8/16,164212,359.26
T28265,C3339628,F,GURGAON,126005.89,25/9/16,210631,460.0
T426608,C7227152,M,PRAKASAM,17168.8,17/8/16,175153,132.0
T81572,C1210819,M,MUMBAI,11719.95,2/8/16,233829,1500.0
T1006715,C5141422,M,BANGALORE,2984704.0,14/9/16,204651,3555.0
T16691,C5427044,M,NEW DELHI,94180.78,26/9/16,175415,1440.0
T856399,C6117533,M,TRICHY,49.26,9/9/16,193441,649.0
T57401,C5525881,F,MOHALI,25615.57,3/8/16,230517,700.0
T969623,C1436334,M,BANGALORE,84.3,10/9/16,85528,200.0
T533109,C8119015,M,KANPUR,87542.09,23/8/16,205521,889.0
T501659,C2711754,M,PUNE,73.8,20/8/16,194421,309.0
T437565,C7033034,M,GOREGAON W MUMBAI,234.11,17/8/16,214300,435.0
T56262,C2315127,M,DERABASSI,75.26,3/8/16,184239,878.0
T407218,C6024792,M,LUCKNOW,8275.56,18/8/16,203746,3652.0
T402732,C4815852,M,ALWAR,32319.7,18/8/16,184923,762.39
T325983,C7135041,M,DELHI,7565.62,15/8/16,82731,100.0
T515485,C7433720,M,BANGALORE,1175.92,19/8/16,165303,30.0
T926453,C7034469,M,NEW DELHI,5028.64,11/9/16,82055,220.0
T827688,C6634288,F,ERNAKULAM DISTRICT,33230.5,4/9/16,113543,799.0
T887495,C8140743,M,SECUNDERABAD,46852.07,7/9/16,212650,67.0
T1024683,C3739442,F,BANGALORE,6074035.63,13/9/16,52028,29.7
T4288,C2795478,F,BANGALORE,587.83,22/9/16,92114,1470.0
T403327,C4239887,M,BANGALORE,8570.02,18/8/16,192340,2117.0
T508758,C3933787,F,BANGALORE,528660.55,19/8/16,174024,70.0
T926564,C2731526,M,NOIDA,98622.52,11/9/16,131251,2174.0
T279159,C4542576,M,JAIPUR,15579.19,11/8/16,45728,295.0
T669954,C3710783,M,KANGRA,15489.25,31/8/16,90437,101.0
T144691,C6462391,M,INDORE,6076.23,5/8/16,173452,745.03
T304905,C4417738,M,BANUR,6384.95,10/8/16,171631,1199.0
T487787,C7679316,M,PANCHKULA,1337.17,20/8/16,185048,649.0
T826154,C1420434,M,BANGALORE,21326.49,4/9/16,115608,262.22
T586494,C7351352,F,DELHI,110590.0,25/8/16,133901,11678.0
T112386,C6515566,F,KOLKATA,26.71,6/8/16,112420,251.0
T235562,C8642457,M,DELHI,3119.4,7/8/16,150559,282.0
T349072,C5014863,M,HYDERABAD,33769.17,14/8/16,124109,1000.0
T242626,C2852838,F,NEW DELHI,20415.05,7/8/16,235339,454.0
T966660,C7531268,M,KOLHAPUR,220.88,10/9/16,120755,219.0
T457529,C8015287,M,HYDERABAD,19167.97,21/8/16,104450,1000.0
T345204,C4622166,F,MUMBAI,31.72,14/8/16,809,21.0
T463539,C2829839,F,THANE,32769.49,21/8/16,162427,3914.0
T555454,C7640511,F,AHMEDABAD,12409.86,22/8/16,112133,426.0
T704317,C6829619,M,AHMEDABAD,65346.34,30/8/16,135054,318.0
T332069,C1415063,M,THANE,210773.21,15/8/16,204757,1319.0
T357051,C7427760,M,AURANGABAD,45541.36,14/8/16,100738,340.0
T771848,C6413589,M,BANGALORE,4787.89,1/9/16,81129,841.96
T671056,C4651640,M,BENGALURU,81503.32,28/8/16,115338,1425.0
T460364,C8824436,M,MUMBAI,149036.86,21/8/16,150033,2717.91
T645308,C7431549,M,PRATAPGARH,5.84,25/8/16,132310,60.0
T655976,C4914147,M,GHAZIABAD,4991.88,28/8/16,152534,1000.0
T946223,C1427256,M,MUMBAI,100.07,11/9/16,83530,35.05
T860383,C5315681,M,NEW DELHI,13727.06,9/9/16,205044,1550.0
T243488,C5311092,M,NARWANA,76743.91,7/8/16,192834,1008.63
T314548,C4510274,M,TARAN TARAN,12875.8,10/8/16,194826,499.0
T963502,C8133235,M,FARIDABAD,30071.04,10/9/16,152737,6050.0
T235338,C2415869,M,WARANGAL,82100.01,7/8/16,142201,40000.0
T779489,C8284425,M,NOIDA,19578.38,6/9/16,173202,100.0
T788192,C8213063,M,THOOTHUKUDI,0.53,5/9/16,95926,1845.0
T669053,C6420371,F,NAVI MUMBAI,7689.43,31/8/16,81244,60.0
T460115,C5430565,M,KANCHIPURAM DT,993.8,16/8/16,214118,525.0
T772411,C3411359,M,AGRA,21266.27,6/9/16,203337,41.0
T873315,C5491783,M,GURGAON,648070.62,8/9/16,195429,193.0
T447411,C1183561,M,PUDUCHERRY,4664.23,16/8/16,140156,3501.63
T282151,C2039031,M,KOLKATA,46321.57,11/8/16,163638,754.0
T684747,C5635949,M,BANGALORE,1295.07,30/8/16,213633,25.0
T633791,C7630868,F,DELHI,61176.3,29/8/16,171345,96.0
T255632,C6611050,M,BANGALORE,225.4,7/8/16,154800,20.0
T747768,C6928440,M,NAVI MUMBAI,294.91,2/9/16,223347,999.0
T222646,C1842980,M,BATHINDA,74312.58,8/8/16,201542,7500.0
T833166,C1673084,M,GURGAON,7862.13,4/9/16,115410,89.0
T243035,C4479130,M,KANGRA,97512.69,7/8/16,231012,1369.0
T865767,C5574183,M,HYDERABAD,9464.99,8/9/16,145617,30.0
T368706,C3136345,M,PUNE,128952.9,14/8/16,202441,595.0
T131847,C7842842,M,CUDDALORE (DT),2288.75,5/8/16,31237,70.0
T390300,C1826988,M,RANCHI,13981.85,13/8/16,194320,4519.0
T791806,C8937860,F,BARODA,31850.19,5/9/16,102941,600.0
T571344,C4424744,F,ALIGARH,14069.72,22/8/16,123110,179.0
T1035459,C7498287,M,UDAIPUR,114513.62,13/9/16,92610,134.0
T499335,C8890514,M,MUMBAI,117357.02,20/8/16,214945,868.0
T538896,C4331448,M,FONTENAY AUX ROSES,36206.7,23/8/16,205945,2187.0
T950004,C1340337,M,BHIWANDI,8851.85,11/9/16,213011,90.0
T155088,C4818757,M,NEW DELHI,27701.04,3/9/16,160724,1348.0
T957165,C1333772,M,BANGALORE,60.28,10/9/16,165359,1300.0
T692370,C4889261,F,BANGALORE,2140.75,31/8/16,201026,330.0
T549477,C4431339,M,BADLAPUR,2128.77,23/8/16,132935,61.0
T928216,C5736046,M,NAGPUR,132033.86,11/9/16,123244,400.0
T416494,C3021861,M,GHAZIABAD,988.43,17/8/16,3932,311.44
T643462,C1027016,F,ALLAHABAD,275063.15,25/8/16,215348,74896.58
T864465,C2233311,M,NAVI MUMBAI,5.09,8/9/16,134132,10.0
T266695,C3832363,M,MUMBAI,33487.53,3/9/16,121851,2092.5
T697663,C3418573,F,GURGAON,12330.84,30/8/16,141015,50.0
T661604,C4137832,F,NEW DELHI,24326.61,28/8/16,230448,606.9
T374112,C7116967,F,BULANDSHAHR,4466.3,13/8/16,141731,185.0
T936999,C5619762,M,HYDERABAD,11631.51,11/9/16,194350,30.0
T599655,C3226047,F,HYDERABAD,5258.22,26/8/16,215651,100.0
T430828,C8940442,M,VADODARA,172055.13,17/8/16,181338,320.0
T32595,C4916523,F,MUMBAI,516647.4,25/9/16,193222,610.0
T1030013,C8122712,M,NEW DELHI,51771.63,13/9/16,132636,1970.0
T291555,C5095384,M,BANGALORE,54417.53,11/8/16,185752,2958.0
T216935,C3019623,M,NEW DELHI,25525.44,8/8/16,74717,337.22
T65237,C7816931,M,DELHI,0.53,2/8/16,120543,300.0
T565354,C6319290,M,CHENNAI,125.68,22/8/16,121027,1000.0
T576692,C1519446,M,HYDERABAD,14033.68,22/8/16,112109,291.0
T240570,C4335238,F,NEW DELHI,5723.89,7/8/16,171457,700.0
T965155,C4517082,F,SHOWROOM MUMBAI,13936.7,10/9/16,160139,266.62
T968777,C3138625,M,DELHI,27795.51,10/9/16,110053,148.0
T897085,C4812048,M,MUMBAI,92866.87,7/9/16,110911,2000.0
T376397,C5321749,F,FOUNDATION BANGALORE,513986.88,13/8/16,140530,198.0
T871018,C4335047,F,GURGAON,54340.24,8/9/16,180508,55.65
T845513,C2795752,M,MUMBAI,592776.61,9/9/16,110620,853.75
T711478,C8619721,F,MUMBAI,64486.8,3/9/16,185451,1451.0
T194567,C7731879,F,HYDERABAD,29972.87,9/8/16,225645,97.0
T794701,C5024918,F,GREATER NOIDA,2210.06,5/9/16,142235,70.0
T675818,C8637960,F,GUWAHATI,11165.76,31/8/16,185850,527.0
T963877,C7323892,M,BANGALORE,32795.14,10/9/16,133933,257.0
T95749,C2832859,M,BANGALORE,65.22,1/8/16,143942,466.0
T368000,C9020845,M,DELHI,25272.22,13/8/16,92928,1000.0
T789536,C8731581,M,MYSORE,9430.54,5/9/16,5115,445.0
T134147,C7216833,F,MUMBAI,32368.33,6/8/16,221739,3820.0
T136578,C3124174,F,THANE,15342.82,6/8/16,160851,150.0
T62670,C5428987,F,RANGA REDDY,45909.91,3/8/16,223130,1000.0
T331156,C3925080,M,NEW DELHI,2737632.66,15/8/16,174428,87097.5
T481867,C8085743,M,MUMBAI,62052.74,20/8/16,121034,450.0
T367837,C6940377,M,AMRITSAR,34.98,14/8/16,192402,799.01
T529754,C3317032,F,AHMEDABAD,40985.79,23/8/16,142805,2805.0
T479044,C7517235,M,THANE,22088.36,20/8/16,90454,100.0
T913885,C5019427,M,MUMBAI,293818.71,12/9/16,113550,7840.0
T81575,C2925916,F,KASHIPUR,91739.9,1/8/16,55239,199.0
T975698,C4718784,M,AHMEDABAD,26055.21,15/9/16,165903,25.0
T264987,C3331568,M,DELHI,22.83,12/8/16,183955,8.0
T719485,C7516613,F,VADODARA,110141.74,3/9/16,212158,324.0
T976790,C6211966,M,HATHRAS,5065.49,15/9/16,142232,20.0
T596267,C3521013,M,KOLKATA,39265.91,25/8/16,11735,251.0
T832306,C7525642,M,ERODE,18255.93,4/9/16,102256,1300.0
T715500,C8717757,F,PUNE,12878.42,3/9/16,193729,398.0
T730439,C1015370,M,DELHI,77469.37,2/9/16,152305,16000.0
T545221,C2424072,M,FACTORY ANDHERI-E MUMBAI,2.28,23/8/16,215558,10.0
T610557,C2215675,M,DELHI,10677.96,26/8/16,101521,450.0
T695817,C3037579,M,NARWANA,8146.94,31/8/16,201543,600.0
T286209,C7233443,M,DISTRICT RAIGARH,341774.3,11/8/16,154827,3897.0
T22427,C1714442,M,THANE,6477.51,23/9/16,195725,958.0
T44203,C2714924,,THANE,2106.69,3/8/16,84429,500.0
T82981,C8134981,F,BANGALORE,77759.76,2/8/16,210851,167.0
T926664,C7441474,M,JAIPUR,21400.97,11/9/16,53829,6.0
T622598,C1424181,M,HOSUR,202.09,28/8/16,70321,30.0
T399164,C3739537,M,LUDHIANA,2002.05,18/8/16,111952,25.0
T233009,C4526958,M,BANGALORE,245.29,7/8/16,150711,1253.0
T811493,C5161877,M,KOLLAM,45.82,5/9/16,131823,30.0
T417703,C8533392,M,LUDHIANA,2028.7,17/8/16,52332,246.0
T398328,C6722364,F,NEW DELHI,55731.83,18/8/16,114104,368.0
T813881,C6114556,F,NEW DELHI,25006.0,4/9/16,191944,70.0
T523501,C6127534,M,RANCHI,331879.07,24/8/16,83321,100.0
T872536,C5213520,M,CHENNAI,26336.27,8/9/16,202007,898.0
T709320,C6625965,M,KANPUR,15461.74,3/9/16,121,294.0
T297353,C2711785,M,DELHI,7898.1,10/8/16,105012,100.0
T224844,C7773487,M,BANGALORE,183570.93,8/8/16,233218,47.0
T518143,C2011842,M,NEW DELHI,285852.22,19/8/16,205315,745.0
T325308,C3426769,F,MUMBAI,28890.7,15/8/16,144913,32859.72
T1042356,C5025266,M,NEW DELHI,117839.68,18/9/16,153549,321.0
T360314,C5230329,M,BANGALORE,406905.31,14/8/16,220033,2508.0
T781304,C6513075,M,NOIDA,85734.66,6/9/16,174842,1398.0
T529041,C2339228,M,MUMBAI,40452.14,24/8/16,203502,220.0
T807773,C2031185,M,GUWAHATI,177492.25,4/9/16,212133,581.0
T783565,C3724847,M,KANNUR,50.7,6/9/16,123546,743.0
T831015,C1732340,M,MUMBAI,2776.65,4/9/16,133201,663.0
T148501,C4438283,M,AGRA,107463.92,4/8/16,231843,176.0
T671509,C6926973,M,SITAPUR,300375.86,28/8/16,204140,446.0
T128646,C1814431,M,CHENNAI,27021.05,6/8/16,205000,700.0
T296367,C7127415,F,MUMBAI,1497.17,11/8/16,204442,880.0
T209182,C8227814,M,DELHI,17381.29,3/9/16,125348,500.0
T740464,C1830926,M,BANGALORE,1645489.33,2/9/16,185453,1000.0
T27553,C1691657,F,NEAR HUSKUR GATE BANGALORE,54145.89,26/9/16,133148,140.0
T441657,C1122360,M,NEW DELHI,121782.15,16/8/16,124000,2500.0
T504773,C5826683,M,POWAI MUMBAI,17466.56,20/8/16,215437,1002.0
T92735,C5716985,M,BANGALORE,83769.96,27/9/16,182711,10.0
T585235,C1424234,M,DELHI,37618.77,23/8/16,163318,137.0
T768170,C8616133,F,MUMBAI,129634.68,6/9/16,225029,8980.0
T258315,C6131867,M,AMBATTUR CHENNAI,39155.36,12/8/16,122857,1449.27
T24318,C2076880,M,NOIDA,19574.72,22/9/16,115945,710.0
T85153,C6627045,M,SHIMOGA,40800.24,1/8/16,104711,200.0
T932026,C4140875,F,NEW DELHI,388768.12,11/9/16,153134,1897.0
T680902,C5438891,F,DELHI,44508.33,30/8/16,225354,250.0
T631266,C6727873,M,BEHIND SANGEETA MOBILES BANGALORE,10943.1,29/8/16,112424,700.0
T949489,C5812288,M,CHENNAI,21262.81,10/9/16,211445,1000.0
T42639,C8537148,M,NEW DELHI,337763.97,3/8/16,94859,549.0
T106863,C1729932,M,BAHADURGARH (HARYANA),58524.58,6/8/16,80112,9890.0
T467907,C3924286,M,NOIDA,148445.62,21/8/16,193022,1196.0
T839155,C2239020,M,HYDERABAD,164630.62,9/9/16,183410,1000.0
T901865,C4441792,M,GREATER NOIDA,9467.06,12/9/16,171716,50.0
T310515,C5535719,M,RENIGUNTA,11460.71,10/8/16,214433,7214.0
T414566,C2838837,M,KOLAR - DISTRICT,812.07,18/8/16,204112,150.0
T721611,C7722867,F,THANE,154166.14,3/9/16,202451,2395.0
T535684,C2812267,M,LTD ANDHERI WEST MUMBAI,15014.34,23/8/16,234834,204.0
T714778,C3630651,M,HOWRAH,5915.29,3/9/16,190515,88.0
T905608,C3129571,M,BEHROR,124.23,12/9/16,162306,135.0
T769705,C7721491,M,GURGAON,27944.49,6/9/16,214547,600.0
T159277,C8817550,M,NEW DELHI,375006.54,5/8/16,221228,445.0
T826923,C6624492,M,DELHI,3903.22,4/9/16,111645,405.0
T53090,C1614990,M,DELHI,3937.8,3/8/16,174752,140.0
T703093,C7817868,M,BANGALORE NORTH,26239.0,30/8/16,130755,248.0
T393879,C7646888,M,MANKUVA BHUJ,5351.45,13/8/16,222029,114.9
T578646,C5619861,M,NEW DELHI,11465.89,27/8/16,131515,1537.0
T155417,C8034989,M,NEW DELHI,99694.67,3/9/16,145916,2344.0
T692340,C8822742,M,GURGAON,247706.27,31/8/16,204059,1400.0
T412453,C7138955,M,SION E,30488.33,18/8/16,200638,999.0
T95847,C5941065,M,GUNTUR,7622.82,1/8/16,114823,26.0
T646436,C4142844,F,DELHI,1754.36,25/8/16,160900,1.0
T43138,C7729828,M,GURGAON,2056.61,3/8/16,15148,70.0
T176270,C3822577,M,NELLORE,6595.6,9/8/16,113121,1075.0
T929504,C5048020,M,ZIRAKPUR,16775.42,11/9/16,153559,185.0
T643887,C3616390,F,ETAWAH,14113.24,25/8/16,201211,630.97
T296191,C8712024,F,PANAJI,22538.8,11/8/16,212326,1000.0
T21220,C1214279,F,RANGA REDDY,78559.14,23/9/16,204201,220.0
T238216,C6342221,M,NOIDA,451.51,7/8/16,212151,418.0
T1011997,C8119147,F,RAIGARH,2174.92,14/9/16,193122,1112.1
T863998,C4511772,M,PANVEL,23285.65,8/9/16,150124,2099.0
T355928,C4359991,M,GURGAON,29740.24,14/8/16,130848,1804.33
T897377,C1918588,M,NAVI MUMBAI,20796.82,7/9/16,131154,200.0
T318074,C8434732,M,NEAR YESBANK OPP ROAD BANGALORE,7017.2,15/8/16,112917,2000.0
T652845,C2534148,F,EAST KHASI HILLS,46.97,28/8/16,210647,60.0
T563460,C2725843,M,NEW DELHI,12.13,27/8/16,122722,1122.0
T626604,C1550246,M,GURGAON,35.45,29/8/16,195712,250.0
T436986,C8230478,M,JODHPUR,10751.2,16/8/16,82700,98672.75
T683076,C4626723,M,NEW DELHI,238589.9,30/8/16,220106,10.0
T323527,C1135058,M,DEHRADUN,18301.84,15/8/16,144747,145.0
T484087,C8221562,M,SURAT,10825.25,20/8/16,130110,3500.0
T909032,C6210686,M,MEERUT,45856.24,12/9/16,103918,2629.0
T752848,C1024253,M,MALAPPURAM,32053.26,1/9/16,215841,200.0
T328350,C2415984,M,BANGALORE,7860.15,15/8/16,134029,4999.0
T159808,C8610237,M,MUMBAI,19328.87,4/8/16,83416,1285.0
T1043413,C8541539,M,MUMBAI,5809.2,18/9/16,115148,1206.0
T276026,C6418760,M,COIMBATORE,12999.23,11/8/16,93426,25.0
T854198,C6099522,M,SIRMOUR,4246.93,9/9/16,194118,1300.0
T393558,C4921850,F,DELHI,222358.43,13/8/16,220425,153.0
T70708,C8418046,M,KOLHAPUR,5871.54,2/8/16,162008,506.48
T354650,C7434960,M,PANIPAT,6877.64,14/8/16,141508,818.0
T728413,C6336378,M,NEW DELHI,25376.19,2/9/16,115700,518.0
T448496,C3261481,M,BHANDARA,7756.05,16/8/16,190549,1000.0
T23723,C2237155,F,NEW DELHI,252113.99,26/9/16,185211,430.0
T37518,C7629779,M,AHMEDABAD,22976.89,26/9/16,202123,779.15
T421431,C1412657,M,VISAKHAPATNAM,69.39,17/8/16,113303,200.0
T674233,C1740941,M,MUMBAI,275807.73,28/8/16,122253,553.0
T944479,C5133647,M,DELHI,178506.98,11/9/16,211122,69500.0
T887867,C7522556,M,GANGTOK,97657.66,7/9/16,171411,607.0
T105398,C3441953,M,NEW DELHI,88548.44,6/8/16,94941,101.15
T434851,C6522870,M,NAVIMUMBAI,156047.15,17/8/16,233953,400.0
T993047,C2033176,M,GURGAON,2141.02,15/9/16,222350,3200.0
T895274,C4214755,M,NAVI MUMBAI,102829.67,7/9/16,141551,101.15
T7558,C6230556,F,KATRA DISTT REASI,9855.37,25/9/16,192216,986.0
T1047225,C7243123,F,BANGALORE,1410.26,18/9/16,200919,100.0
T312460,C1239148,M,BIRBHUM,13135.51,10/8/16,122351,200.0
T577867,C4741022,F,DAMAN,117964.28,27/8/16,162849,1512.75
T87637,C8519819,F,ANDHERI MUMBAI,14283.07,1/8/16,111249,10200.0
T518448,C4116761,M,HYDERABAD,895.61,24/8/16,120756,50.0
T406547,C8912324,F,ERNAKULAM,36181.58,18/8/16,220318,6122.23
T687476,C8824271,M,AMRITSAR,312239.33,31/8/16,224633,3938.0
T582682,C7954783,M,GAUTAMBUDH NAGAR,536674.47,23/8/16,161553,651.0
T579085,C7162522,F,PUNE,63953.6,27/8/16,160718,150.0
T1030953,C8828944,M,BANGALORE,39620.61,13/9/16,71436,200.0
T620353,C1026244,M,DELHI,15117.95,27/8/16,181117,404.0
T202857,C8943658,M,BHIWADI,395448.9,8/8/16,101848,2000.0
T49971,C8211928,M,DELHI,19042.39,3/8/16,144221,300.0
T814543,C6434943,F,NOIDA,33104.73,4/9/16,201351,2699.0
T687550,C2116712,M,HYDERABAD,933434.09,30/8/16,161021,200.0
T150821,C4715270,M,SIVAGANGA,28510.8,5/8/16,224306,3830.25
T887178,C8045525,M,CHITTO0R,6200.68,7/9/16,181834,58.0
T259478,C2318835,M,HYDERABAD,643607.67,12/8/16,142413,443.2
T839948,C7714923,M,NEW DELHI,784991.88,9/9/16,135335,1000.0
T557118,C8829635,M,MUMBAI,79750.28,22/8/16,165807,820.0
T884643,C8913115,F,MALAD WEST MUMBAI,1683.97,7/9/16,201114,760.0
T225044,C8217673,F,GURGAON,1621.88,7/8/16,85406,50.0
T949668,C6120130,M,GHAZIABAD,349672.35,11/9/16,212056,4250.0
T399523,C6636729,F,BANGALORE,12498.1,18/8/16,132918,115.0
T584970,C6628330,M,GURGAON,2265.25,23/8/16,155250,49.0
T236194,C8940948,M,MUMBAI,,7/8/16,91524,20.0
T329796,C4133034,M,DELHI,2217.79,15/8/16,110847,6500.0
T444837,C5241127,M,DELHI,15907.28,16/8/16,161419,270.0
T697815,C3420751,M,SITAPUR,13565.71,31/8/16,201538,89.0
T545839,C3626121,M,BANGALORE,15568.41,23/8/16,211700,50.0
T486049,C8818675,M,MEERUT,3173.82,20/8/16,154528,1000.0
T732171,C1112031,M,BURDWAN,114873.81,2/9/16,154827,550.0
T737035,C2761153,M,MUMBAI,100712.06,2/9/16,162756,659.0
T56356,C7610421,M,MARCELA,23545.71,3/8/16,194218,1760.0
T163164,C7316041,M,JABALPUR,42910.84,4/8/16,112755,16650.0
T370763,C2027146,M,CHENNAI,20529.75,13/8/16,124931,182.0
T136435,C6822423,F,DELHI,89104.65,5/8/16,122351,15400.0
T673621,C1840856,F,UDUPI,5041.42,31/8/16,182434,130.0
T929361,C8837063,M,AHMEDABAD,14074.68,11/9/16,121113,15432.0
T646418,C6086182,M,GREATER NOIDA,5503.83,25/8/16,224028,29.0
T242566,C5819858,M,SECTOR 21A FARIDABAD,566.2,7/8/16,182502,300.0
T329114,C2135314,M,LUDHIANA,65.12,15/8/16,181553,264.59
T154276,C1219644,F,NAVI MUMBAI,9667.89,5/8/16,204712,140.0
T643854,C8039951,F,NEW DELHI,38550.02,29/8/16,153628,558.54
T759780,C2532368,M,MUMBAI,9747.69,1/9/16,100525,6.11
T794213,C8776930,M,PURULIA,34127.33,5/9/16,111709,10.0
T752731,C4799191,F,KANCHIPURAM,13071.41,1/9/16,205725,804.0
T612159,C5236487,M,SHETTY ROAD NEAR RMO MUMBAI,10776.1,26/8/16,105849,1680.0
T161531,C1624838,M,SUNDARGARH,106.68,4/8/16,102902,100.0
T746790,C8126638,M,THANE,369.36,2/9/16,225229,250.0
T826757,C8379085,M,NEW DELHI,746.58,4/9/16,181501,120.0
T301028,C8212440,M,JAIPUR,16172.99,11/8/16,223112,599.0
T722516,C5524490,F,MUMBAI,53296.35,3/9/16,210123,289.0
T125337,C8288051,F,DELHI,9742.0,6/8/16,225000,599.0
T137455,C3616236,M,GHAZIABAD,8399.77,5/8/16,105505,400.0
T301783,C1210889,M,RANI,425.85,10/8/16,104143,50.0
T170399,C8431025,M,LUDHIANA,1649376.5,4/8/16,171459,2815.81
T427309,C5417290,M,MUMBAI,32328.58,17/8/16,152612,2685.0
T695148,C3239587,M,LUCKNOW,45135.53,30/8/16,194025,274.0
T976978,C6234780,M,DELHI,1.56,15/9/16,112612,250.0
T893966,C2128778,M,GWALIOR,20903.6,7/9/16,141351,8275.0
T1000132,C3230542,M,NEW DELHI,11472.25,14/9/16,33740,60.0
T587972,C5040466,M,BURDWAN,5283.32,22/8/16,232859,420.0
T516605,C2517074,F,KANJURMARG EAST,923.01,19/8/16,205620,63.0
T132838,C2635124,M,KOLKATA,79.48,5/8/16,91454,222.0
T927057,C2062357,M,PUNE,1717.33,11/9/16,124801,75.0
T353978,C8011730,M,GURGAON,7082.44,14/8/16,160417,1260.33
T498360,C6718266,M,FARM OLD BOWENPALLY TIRUMALAGIRI,11056.02,19/8/16,82903,950.55
T854274,C1592869,F,BANGALORE,266421.5,9/9/16,202442,710.0
T947775,C7819555,M,KONDHAPURI,513.99,10/9/16,202602,683.89
T191472,C4822561,M,FARIDABAD,14915.99,9/8/16,171348,1000.0
T770036,C6641856,M,NEW DELHI,5741.76,6/9/16,201931,220.0
T822569,C5511379,F,USMANABAD,13569.69,4/9/16,205218,15600.0
T279166,C8342064,M,RAIGARH,19482.57,12/8/16,221256,397.95
T58131,C2425226,F,BANGALORE,21.25,3/8/16,212109,1473.4
T991155,C3828984,M,KOLKATA,51805.42,14/9/16,102157,1149.0
T1019073,C7737124,F,MUMBAI,15424.54,13/9/16,175926,800.0
T1021266,C7131139,M,GURGAON,263878.98,13/9/16,182105,5690.0
T683610,C7611271,M,PUNE,64793.95,30/8/16,231544,390.0
T604354,C7426045,M,VADODARA,27809.15,26/8/16,193655,25.0
T1002540,C6715884,M,BANGALORE,14805.67,14/9/16,133232,556.0
T542721,C2915341,F,HYDERABAD,114.67,24/8/16,182154,1094.0
T965720,C1621365,M,NOIDA,5289.35,10/9/16,133500,1200.0
T529447,C3416124,M,CHENNAI,67296.58,24/8/16,21418,27.0
T484572,C7626875,M,DELHI,22813.68,20/8/16,133946,80.0
T775526,C2213370,F,PUNE,24250.0,6/9/16,200300,412.0
T123864,C6913132,M,MANAPAKKAM,6874.15,6/8/16,201730,23.0
T556276,C8638880,M,NEW DELHI,8755.27,22/8/16,171510,200.0
T387102,C1715285,F,DELHI,71468.68,13/8/16,180631,3500.0
T285723,C4525430,M,JAIPUR,31801.19,11/8/16,155321,1600.0
T1039126,C8211224,M,MUMBAI GHATKOPAR WEST,316102.18,18/9/16,180108,3998.0
T431398,C5027334,M,HYDERABAD,16033.05,17/8/16,204518,1287.0
T126605,C7914433,M,BANGALORE,33791.64,6/8/16,211007,1663.0
T660754,C1326661,M,THANE,107588.5,28/8/16,161405,270.0
T920423,C6042634,M,KOREGAON PARK PUNE,243723.35,12/9/16,230630,540.0
T625067,C3031812,M,RANCHI,5.54,29/8/16,105337,50.0
T266291,C2285978,M,BANGALORE,5052.72,3/9/16,115121,2000.0
T157208,C2410624,F,NEW DELHI,5415.21,3/9/16,163414,1020.0
T991304,C4622717,M,BANGALORE,6271.74,15/9/16,222542,260.0
T549504,C4026040,M,TIRUPUR,12562.96,23/8/16,122423,100.0
T870639,C6446664,F,BANGALORE,98713.35,8/9/16,182940,699.0
T937714,C5394023,F,THANE,10403.54,11/9/16,190840,98.0
T623041,C6629811,M,CHANDIGARH,59691.05,28/8/16,101622,1798.0
T965727,C2532427,M,DELHI,385371.34,10/9/16,132430,1367.0
T409648,C6932789,M,THANE,17361.99,18/8/16,194207,1000.0
T394833,C7253945,M,MUMBAI,136363.67,13/8/16,222655,436.0
T439320,C6116542,M,KALYANI PO-KALYANI,60745.43,17/8/16,222434,125.75
T971989,C5823642,M,PANIPAT,103.89,15/9/16,170128,54.0
T396132,C3935779,M,DELHI,11446.19,13/8/16,221643,180.0
T636312,C5462680,F,GURGAON,90137.2,25/8/16,225112,750.0
T517142,C5534643,M,BHUBANESWAR,8419.82,19/8/16,173542,100.0
T249421,C3416363,M,BANGALORE,1209.16,7/8/16,210231,1650.0
T253186,C8434930,M,CHENNAI,193537.31,12/8/16,82322,1207.0
T900609,C2617236,M,THANE,20913.28,12/9/16,172720,130.0
T402988,C7915987,M,ALIGARH,138382.52,18/8/16,121856,716.28
T1041629,C2490066,M,PANVEL,197.45,18/9/16,160609,30.0
T464558,C2327160,M,BANGALORE,4759.3,21/8/16,115826,1942.0
T877138,C1514958,M,THANE,897237.47,8/9/16,205631,7000.0
T319295,C5614166,F,MUMBAI,7470.95,10/8/16,202418,1114.0
T292706,C8117157,M,CHENNAI,60738.6,11/8/16,190452,450.0
T649417,C5818939,M,STATUE PUNE,13335.36,31/8/16,130457,6098.04
T489991,C6098951,M,CHENNAI,4447.36,20/8/16,110655,10000.0
T614505,C4854992,F,NOIDA,9727.17,27/8/16,195120,173.0
T869532,C6219016,M,NEW DELHI,31987.14,8/9/16,152501,2004.61
T872178,C5730314,F,HYDERABAD,14007.38,8/9/16,210402,266.0
T536269,C4840930,F,SHIMLA,8194.95,22/8/16,72537,50.0
T554698,C1333345,M,PATNA,33039.82,23/8/16,130754,150.0
T527226,C7533290,M,FARIDABAD,78956.41,24/8/16,145505,1800.0
T376505,C3812567,M,MANGALORE,2681473.53,13/8/16,131552,30000.0
T166655,C6388929,M,NAVI MUMBAI,4344.51,4/8/16,91520,360.9
T943285,C7810347,M,NEW DELHI,4160442.98,11/9/16,84732,7.34
T389303,C6613323,F,NOIDA,77557.21,13/8/16,200229,50.0
T759240,C3513859,M,MADIPPAKKAM,648987.54,1/9/16,154547,174.0
T150825,C8018712,M,DOMBIVALI WEST VISHNUNAGAR THANE,71767.91,5/8/16,210409,300.0
T1018735,C4012320,M,FARIDABAD,15236.96,14/9/16,211308,375.0
T785359,C8341247,M,BANGALORE,20829.92,6/9/16,125216,500.0
T595191,C5458738,M,NEW DELHI,4.34,27/8/16,222300,95.0
T958028,C7323855,M,GURGAON,1734.32,10/9/16,195507,480.0
T327335,C7023581,M,THANE,86672.31,15/8/16,192028,261.0
T397991,C1523616,M,MUMBAI,102.69,13/8/16,210717,490.0
T101647,C4911929,M,NEW DELHI,3209.01,6/8/16,95912,50.0
T523402,C1819319,M,CALANGUTE,20619.2,24/8/16,102321,100.0
T464778,C7910840,M,MUMBAI,13021.91,21/8/16,164815,512.92
T219572,C3037919,F,CHENNAI,61843.48,7/8/16,45948,20.0
T69702,C2217925,M,GURGAON,41411.41,2/8/16,122327,937.0
T944667,C1533550,M,NAVI MUMBAI,1542637.04,11/9/16,231826,1576.0
T327675,C7138158,M,DAUSA,67280.36,15/8/16,131916,20000.0
T784655,C3125457,F,PARGANAS,242.56,6/9/16,115352,374.24
T868591,C6740980,M,MUMBAI,275807.73,8/9/16,153045,300.0
T977467,C7614683,M,KOLHAPUR,637.79,15/9/16,112134,900.0
T877659,C7084425,M,DHULE,86.42,8/9/16,193257,7.0
T102576,C8835158,M,MUMBAI,23131.25,6/8/16,32953,60.0
T537980,C8680152,M,RUWI,78.92,23/8/16,203522,4503.0
T166737,C2525627,F,DELHI,70.5,4/8/16,100158,2300.0
T313737,C3515844,M,MOHALI,8099.78,15/8/16,73431,2490.0
T253031,C5537537,M,VIRUDHUNAGAR,71.96,12/8/16,135708,1040.58
T764427,C5299125,F,MUMBAI,8655.89,1/9/16,3229,50.0
T105569,C7526234,M,THIRUVARUR,35896.52,1/8/16,204135,4287.24
T708518,C6625765,M,THANE,83772.45,3/9/16,93332,50.0
T446356,C4836460,F,PRAKASAM,1728.88,16/8/16,185600,150.0
T369490,C6622884,M,MOHALI,27919.83,14/8/16,123434,50.0
T898737,C9039122,M,GURGAON,15729.34,7/9/16,93710,500.0
T889960,C1732335,M,NORTH GOA,187086.14,7/9/16,193228,1057.0
T610472,C9014714,M,DELHI,42248.73,26/8/16,131707,4140.0
T575631,C4325119,F,GURGAON,145722.37,22/8/16,204145,114.0
T53825,C3539587,M,BANGALORE,15583.7,3/8/16,190512,426.0
T23431,C1313337,F,GURGAON,441386.46,27/9/16,164738,250.0
T916060,C4328881,M,NEW DELHI,565.85,12/9/16,195356,395.0
T980066,C2242037,M,MUMBAI,102798.21,15/9/16,95327,713.0
T383278,C7220718,F,PUNE,12630.24,13/8/16,154513,50.0
T941466,C7961170,M,MUMBAI,100712.06,11/9/16,205523,400.0
T988632,C4920061,M,MUMBAI,4743.86,15/9/16,5922,275.0
T121446,C5915847,M,NAVI MUMBAI,47195.42,6/8/16,195719,225.0
T919151,C4430889,F,MUMBAI,11135.62,12/9/16,212616,504.78
T513010,C5726964,M,JAMSHEDPUR,23496.09,19/8/16,194105,1530.0
T388020,C8625586,F,NEW DELHI,48880.9,13/8/16,194110,2741.0
T282142,C6811391,M,GURGAON,17792.41,11/8/16,163804,4837.22
T412980,C4129323,M,NOIDA,17703.43,18/8/16,195435,71.0
T670581,C7238649,M,CHENNAI,1367.22,28/8/16,142048,30.0
T107993,C8536131,M,WEST GODAVARI,1628.98,6/8/16,13302,100.0
T87907,C6990314,M,BANGALORE,900193.76,1/8/16,133343,14768.0
T22357,C8312838,F,BANGALORE,174175.13,23/9/16,114013,550.0
T716216,C5020941,F,GURGAON,20190.53,3/9/16,183304,799.0
T420437,C3325776,F,DELHI,592674.03,17/8/16,175403,654.0
T525664,C7396945,F,GURGAON,10352.12,24/8/16,115518,354.0
T95511,C1436068,M,GHAZIABAD,18995.33,1/8/16,162221,2000.0
T214543,C7530867,M,REWARI (HARYANA),89.71,8/8/16,174837,20.0
T128526,C5765874,M,DELHI,29725.11,5/8/16,4758,291.98
T503348,C3435736,F,VADODARA,54175.64,19/8/16,145933,1150.0
T551899,C5127318,M,BETUL,15617.78,23/8/16,120234,400.0
T518530,C4135254,F,DELHI,462190.09,19/8/16,213107,1647.5
T306788,C2826177,M,MUMBAI,11607.2,10/8/16,173815,2200.0
T113552,C2017739,F,GHAZIABAD,854283.14,6/8/16,162025,377.0
T476745,C7025559,M,BANGALORE,11686.01,21/8/16,185541,240.0
T803497,C5746120,M,CHEMBUR POST OFFICE MUMBAI,293410.26,5/9/16,210056,4474.56
T744399,C8916188,F,BANGALORE,13957.77,1/9/16,224039,200.0
T778191,C4827941,F,NEW DELHI,7137.97,6/9/16,163646,1073.04
T80575,C1728486,M,LUCKNOW,9175.62,2/8/16,232320,299.0
T143189,C8883735,F,PUNE,203635.98,5/8/16,191607,3673.0
T540989,C2247471,M,HYDERABAD,12655.42,23/8/16,202203,6200.0
T770513,C3134113,M,VAPI,94053.31,6/9/16,212637,2990.0
T983841,C7214644,M,KANCHIPURAM,223601.52,15/9/16,201822,150.0
T524027,C7938514,M,KANNUR,35313.51,19/8/16,234524,200.0
T411932,C5713930,M,NAVI MUMBAI,27061.99,18/8/16,122955,160.0
T96459,C6333175,F,AKOLA,621.71,1/8/16,140351,1247.93
T589884,C2421252,M,NAVI MUMBAI,13034.22,27/8/16,192528,1000.0
T727894,C8827115,M,PUNE,7207.09,2/9/16,101948,716.0
T360808,C4840076,M,NEW DELHI,108671.55,14/8/16,185430,3529.69
T14857,C2026068,M,GUNTUR,47835.7,26/9/16,205841,680.0
T545737,C7132820,M,GURGAON,62014.7,24/8/16,185239,546.5
T213421,C4364172,M,MAHABUBNAGAR,20.53,8/8/16,151230,100.0
T643870,C3641429,M,KANNUR,43428.31,25/8/16,191156,618.0
T962340,C6427978,M,CHENNAI,232258.39,10/9/16,165813,1100.0
T37412,C2738435,M,GHAZIABAD,5508.94,30/9/16,201311,420.0
T456797,C2014734,F,NEW DELHI,41165.99,21/8/16,112408,514.0
T763463,C1525625,M,SIVIDAO,27825.73,1/9/16,135224,300.0
T236971,C7638924,F,BANGALORE,337.1,7/8/16,180655,765.0
T623746,C1935082,M,BANGALORE,556.44,29/8/16,193007,123.0
T37328,C2913063,F,DELHI,17749.63,30/9/16,144306,200.0
T280938,C8941559,M,MAINPURI,2270062.96,11/8/16,50243,299.0
T369785,C5524963,M,LUCKNOW,27501.76,13/8/16,84554,172.0
T801078,C7834718,M,MUNGER,2656.1,5/9/16,165023,6000.0
T506321,C3973583,M,THANE,12024.96,19/8/16,50631,50.0
T569996,C3929623,M,AHMEDABAD,65346.34,27/8/16,145307,530.0
T157900,C4378938,F,AHMEDABAD,29971.17,3/9/16,152932,1004.0
T656153,C5424830,M,BANGALORE,38643.84,28/8/16,161637,399.0
T751790,C7529111,M,GURGAON,2464630.42,2/9/16,220107,1786.0
T48055,C5442170,M,BANGALORE,19904.52,3/8/16,135031,150.0
T229493,C1914952,M,TAL MULSHI PUNE,8417.19,7/8/16,122129,10.0
T682421,C6717624,M,CHANDIGARH,526456.6,28/8/16,80257,6.83
T1024710,C7822041,M,BANGALORE,1675.68,13/9/16,161045,763.0
T768797,C7540485,M,CHANDIGARH,36144.22,1/9/16,53125,48.0
T39655,C7367570,M,NEW DELHI,222197.19,22/9/16,101302,700.0
T429067,C3713720,M,GURGAON,196672.37,17/8/16,175047,489.0
T900945,C4625986,M,KANPUR,15461.74,7/9/16,24122,705.0
T947247,C3368527,M,HYDERABAD,287259.07,11/9/16,200501,786.0
T437740,C8819055,F,KANPUR,55572.9,17/8/16,232302,6.0
T309787,C6944466,M,HYDERABAD,746298.36,10/8/16,160528,598.0
T707030,C3613746,M,MUMBAI,4588.08,30/8/16,104706,100.0
T945383,C3430656,F,JOGESHWARI (W) MUMBAI,2140.11,11/9/16,222235,650.0
T506442,C4529822,F,BANGALORE,15526.58,20/8/16,213214,363.0
T587968,C3679728,M,MUMBAI,84.48,22/8/16,220225,60.0
T55397,C5717134,F,JAMNAGAR,28209.82,3/8/16,185919,220.0
T188828,C1324039,M,CHANDIGARH,21.18,9/8/16,180943,150.0
T588695,C6511278,M,DELHI,1441.5,27/8/16,204124,80.0
T151490,C2163579,M,GHAZIABAD,5746.46,5/8/16,184726,427.0
T819198,C2528654,M,MANALI,6965.23,4/9/16,171937,550.0
T673672,C8119465,M,DELHI,5.86,28/8/16,141430,186.39
T1003910,C4014968,F,BANGALORE,198419.95,14/9/16,182949,359.85
T879507,C6979025,F,MUMBAI,50098.85,8/9/16,202411,1840.0
T690740,C2339839,F,BAREILLY,238542.6,30/8/16,180509,1627.5
T274481,C2722929,M,DINDIGUL DISTRICT,588.59,12/8/16,160216,100.0
T429,C1899643,F,NELLORE,103551.87,21/10/16,200908,1456.5
T213651,C2328723,F,CHENNAI,106.0,8/8/16,150026,523.0
T555167,C3311715,M,PUNE,272.72,24/8/16,141506,120.0
T1016114,C7023237,M,THANE,4838.52,13/9/16,202815,2038.0
T305083,C6690849,M,OPP SURAJ WATER PARK THANE,91335.26,10/8/16,165154,300.0
T578706,C1883454,M,GURGAON,57120.01,27/8/16,132018,21780.0
T673531,C5632052,M,FARIDABAD,78167.16,28/8/16,183356,1018.5
T187952,C5215621,F,NEW DELHI,153972.51,9/8/16,135351,330.0
T365184,C1519677,M,NEW DELHI,735.86,13/8/16,82408,213.0
T728545,C2613063,M,AHMEDABAD,3672.29,2/9/16,123535,1079.0
T969250,C2838625,M,BANGALORE,28147.52,10/9/16,95733,50.0
T984708,C2738629,M,BANGALORE,25568.21,15/9/16,183055,1223.0
T150223,C3530916,M,HAJI ALI WORLI MUMBAI,12432.65,4/8/16,1633,160.0
T404482,C4370023,F,BANGALORE,17834.33,18/8/16,151116,292.0
T114993,C6435112,M,HYDERABAD,961.75,6/8/16,131119,30.0
T437725,C8919459,M,LUDHIANA,313819.7,17/8/16,214331,767.0
T953029,C1217817,F,CHENNAI,32153.4,10/9/16,193539,287.0
T368719,C6721789,M,GHAZIABAD,237.37,13/8/16,40952,46.0
T54177,C8541536,M,THANE,18894.79,3/8/16,201821,199.0
T290770,C7440259,M,PATHANAMTHITTA,10212.27,11/8/16,184049,100.0
T566337,C3220641,M,CHENNAI,37025.28,27/8/16,153923,11.0
T411082,C2239424,M,SAS NAGAR,8184.7,18/8/16,174616,399.0
T704023,C2277923,F,GOHANA,1432.52,30/8/16,184319,99.0
T755982,C1336655,M,NOIDA,3345.81,1/9/16,192921,1328.0
T121604,C6435314,M,NASHIK,11.87,6/8/16,172937,10.0
T477594,C7928260,M,GURGAON,20448.46,21/8/16,194753,830.0
T578579,C3614115,M,MAHABUBNAGAR,49420.97,27/8/16,125102,398.0
T217310,C6116591,F,CHENNAI,536889.23,8/8/16,173853,7395.0
T1025918,C6919465,M,PORVORIM,24965.69,13/9/16,141946,200.0
T1011838,C2629760,M,DELHI,588545.47,13/9/16,212625,2850.0
T272368,C5533621,M,NEW DELHI,12214.65,11/8/16,95013,200.0
T883806,C8415615,M,BANGALORE,431.56,7/9/16,213027,100.0
T100383,C3014554,M,JAIPUR,97797.91,6/8/16,101934,710.0
T34720,C6241361,M,KANPUR,8260.55,30/9/16,160801,360.0
T1007493,C6733090,F,NEW DELHI,46.37,14/9/16,192417,3396.75
T184618,C8556923,M,SHENCOTTAI T K,8043.19,9/8/16,160612,196.0
T983543,C1214529,M,NASIK,467.84,15/9/16,125820,3042.0
T702282,C8263791,M,DELHI,619727.79,30/8/16,135612,6300.0
T282340,C5716519,M,BANGALORE,1710.72,11/8/16,144736,465.0
T335550,C4818638,M,MUMBAI,55392.59,15/8/16,153005,225.0
T410643,C7342365,F,BARIATU ROAD RANCHI RANCHI,5157.93,18/8/16,175157,200.0
T818586,C5438578,M,MEERUT,21328.05,4/9/16,175249,241.0
T777370,C1511784,M,BANGALORE,362.77,6/9/16,173852,1500.0
T895561,C8123730,M,PUNE,7705.78,7/9/16,123741,70.0
T1006504,C1632892,M,DELHI,9646.3,14/9/16,190512,370.0
T950165,C7523791,M,UDAIPUR,2819.15,10/9/16,211327,200.0
T81523,C6216848,M,BANK GURGAON,1177.33,2/8/16,220116,707.0
T936455,C8531791,F,UJJAIN,296724.06,11/9/16,200829,90.0
T606320,C1529037,M,BUDAUN,41959.23,26/8/16,180042,8000.0
T392683,C8512047,M,NEW DELHI,248583.13,13/8/16,191316,178.0
T461939,C1917938,F,NEW DELHI,16305.89,16/8/16,220252,799.0
T584683,C1232541,F,SANKARA COLONY CHEMBUR MUMBAI,2291.11,27/8/16,151855,6038.27
T487847,C6841939,M,SURAT,165438.96,20/8/16,125435,4695.0
T841115,C8132639,M,NEW DELHI,711502.98,9/9/16,150920,2900.0
T1034462,C8038527,M,DARBHANGA,69549.14,18/9/16,173449,514.92
T341842,C6020379,M,WARANGAL,42499.74,14/8/16,113212,204.73
T174510,C6237692,F,DELHI,6454.31,4/8/16,200825,100.0
T499100,C7842832,M,BANGALORE,43067.35,20/8/16,220514,1700.0
T381100,C7720487,M,AGRA,10.19,13/8/16,163414,1680.0
T1046808,C6510783,F,GURGAON,7208.6,18/9/16,183311,237.0
T691755,C4824613,M,NAGAR SOC PUNE,22886.21,31/8/16,204841,30.0
T105448,C6120358,M,CHENNAI,649042.32,1/8/16,220659,500.0
T492880,C3329656,M,DELHI,38558.56,20/8/16,181726,200.0
T67200,C6229192,F,BANGALORE,13304.19,2/8/16,124941,243.0
T244254,C4175338,M,BANDRA EAST MUMBAI,88074.98,12/8/16,5433,1000.0
T328079,C8413349,M,NEW DELHI,48166.37,15/8/16,125231,390.0
T516742,C8423939,M,NOIDA,96639.98,24/8/16,105408,526.13
T357073,C3315278,M,BANGALORE,237321.5,14/8/16,154150,2252.0
T100002,C4548131,M,RAJPURA,324498.79,1/8/16,183530,100.0
T861458,C2115021,M,AIZAWL,4548.63,8/9/16,70055,101.15
T956779,C8018634,F,CHENNAI,1974.38,10/9/16,192052,2685.0
T181861,C4325677,M,NEW DELHI,30386.82,9/8/16,15417,200.0
T385777,C1637253,M,NAVI MUMBAI,4890.48,13/8/16,202327,169.0
T812684,C1712550,F,THANE,12250.37,5/9/16,215328,1672.95
T1017305,C1736360,M,INDORE,24219.12,13/9/16,184433,570.0
T778066,C4862779,M,GURGAON,5707.7,6/9/16,184257,1500.0
T750472,C7526925,F,LUCKNOW,12646.22,1/9/16,221346,1495.0
T644114,C6285958,M,GURGAON,72841.24,29/8/16,164134,926.0
T808576,C2159760,M,KARIMNAGAR,6.45,5/9/16,200315,100.0
T111761,C2024088,M,GURGAON,13655.49,6/8/16,171956,380.07
T1034592,C6077787,M,NEW DELHI,157890.63,18/9/16,155212,500.0
T358765,C7312891,M,THANE,18374.02,14/8/16,165915,1691.94
T602687,C1794772,M,BANGALORE,99003.81,26/8/16,195607,390.0
T438071,C7038885,M,HYDERABAD,12606.96,16/8/16,102414,32.0
T838137,C2635674,M,NEW DELHI,702519.73,4/9/16,24833,4.7
T205053,C6441520,M,AMRAVATI,208917.69,8/8/16,145636,120.0
T736539,C8827129,M,CHANDIGARH,69289.51,2/9/16,172813,4833.64
T858550,C4335340,F,GUWAHATI,11122.77,8/9/16,91833,110.0
T438110,C1436327,M,KOLKATA,481530.22,17/8/16,232120,200.0
T46155,C3019644,M,PUNE,1655.0,3/8/16,122710,43.0
T45652,C7641287,M,GAUTAM BUDDHA NAGAR,323.79,3/8/16,125800,2200.0
T433360,C2332432,M,KANPUR,29308.18,17/8/16,220716,3480.0
T787912,C3330865,M,BHUBANESHWAR,175770.52,6/9/16,111142,275.0
T136754,C9036929,M,JAIPUR,18.36,6/8/16,160937,135.0
T572473,C5071117,F,NEW DELHI,141384.74,22/8/16,35129,310.0
T886468,C2024944,M,MUMBAI,12694.87,7/9/16,223959,1063.0
T883948,C5429676,M,AHMEDABAD,1553.91,7/9/16,202707,350.0
T801309,C2334969,F,BANGALORE,46576.17,5/9/16,164332,404.0
T499443,C3028362,M,MUMBAI,124043.6,19/8/16,113636,41200.0
T1008752,C5431963,M,AHMEDABAD,27.1,13/9/16,223056,110.0
T234568,C2215077,M,AIZAWL,4548.63,7/8/16,133047,101.15
T524105,C3138889,M,MUMBAI,142398.38,24/8/16,110205,16297.0
T334153,C5234517,F,CHHINDWARA,2002.15,15/8/16,145431,20000.0
T402618,C4240027,M,SOLIHULL,594095.66,18/8/16,154606,3397.0
T444536,C6916329,F,JAIPUR,27890.76,16/8/16,151416,1944.15
T830233,C4442020,M,BANGALORE,21340.05,4/9/16,183751,1321.0
T112319,C1888619,F,DELHI,22674.39,6/8/16,103136,100.0
T390851,C7510151,M,BANGALORE,25779.36,13/8/16,194510,712.0
T876066,C8225053,F,MUMBAI,12527.19,8/9/16,232607,2477.56
T122084,C7579859,M,BILASPUR,35389.1,6/8/16,165410,100.0
T791037,C2915245,F,GURGAON,9938.33,5/9/16,85343,1150.0
T285102,C8835134,M,VISAKHAPATNAM,12614.65,11/8/16,170601,650.0
T120674,C8822190,M,KARAULI,2486.3,6/8/16,151040,6000.0
T766031,C8739819,F,DHENKANAL DISTRICT,20737.65,1/9/16,120231,1259.0
T228721,C4126971,M,NOIDA,1627.96,7/8/16,92433,522.0
T55960,C6223861,M,NEW DELHI,21246.43,3/8/16,194731,630.0
T140493,C1532618,M,SANAND,6376.64,5/8/16,114250,145.0
T732453,C3742930,M,ANANTAPUR,151914.42,2/9/16,145013,245.0
T518576,C1418762,F,JALANDHAR,23681.23,19/8/16,201203,424.0
T554578,C2639427,M,VARANASI,96.98,22/8/16,4447,25.0
T372174,C6437428,M,BANGALORE,1101.07,14/8/16,224351,100.0
T1016990,C5034883,F,PUNE,134272.44,13/9/16,195427,1217.0
T507998,C8727736,F,MUMBAI,26145.82,19/8/16,174113,240.0
T671373,C7837223,M,HYDERABAD,9507.28,28/8/16,132035,1483.0
T384436,C4521512,M,DEHRADUN,48814.07,13/8/16,190604,2299.0
T426978,C8137130,M,GURGAON,449242.31,17/8/16,153921,400.0
T794810,C3415683,M,BAMBOLIM,13032.31,5/9/16,111335,100.0
T303498,C4937784,M,PANCHKULA,14714.28,10/8/16,93312,1000.0
T687560,C1534054,F,AMRITSAR,737.51,30/8/16,165035,279.0
T246422,C8244023,M,KOTA,5564.65,7/8/16,190239,1990.0
T600688,C5697513,F,BARIATU ROAD RANCHI RANCHI,6745.1,26/8/16,203046,246.0
T974538,C1519256,M,HOSHIARPUR,23116.1,15/9/16,164328,500.0
T71312,C3729971,F,MUMBAI,39227.5,2/8/16,172550,3990.0
T317434,C8724654,F,NEW DELHI,44596.22,10/8/16,222449,256.0
T366516,C6031614,F,DELHI,125672.28,14/8/16,200510,9247.0
T130656,C8339325,M,DELHI,32333.36,6/8/16,194415,802.0
T269679,C3616223,M,AURANGABAD,105721.75,12/8/16,185514,251.0
T676883,C6450332,F,GURGAON,42145.89,28/8/16,112516,200.0
T252929,C2631233,M,MUMBAI,196.85,7/8/16,230146,74.0
T212447,C6215657,M,PUNE,2111.32,8/8/16,134804,20.0
T294726,C4837331,M,BANGALORE,9883.55,10/8/16,70700,200.0
T535052,C8427391,F,KURUKSHETRA,4049.12,22/8/16,104423,50.0
T97400,C6540879,F,DIST NAVSARI,10008.97,1/8/16,154550,60.0
T553986,C7533127,M,NEW DELHI,1901.91,22/8/16,4347,93.0
T412554,C2839667,M,NAVI MUMBAI,154771.22,18/8/16,215955,266.0
T16478,C1331526,M,OFF HAL AIRPORT BANGALORE,13517.67,26/9/16,203726,200.0
T496235,C6339935,F,AURANGABAD,1318.63,19/8/16,81808,169.0
T888166,C3727576,M,MUMBAI,69081.16,7/9/16,180515,6354.0
T563411,C4517970,M,NEW DELHI,1701.13,27/8/16,95049,500.0
T604380,C3318828,M,SURAT,30207.74,25/8/16,123557,129.0
T13629,C6327882,M,NEW DELHI,63911.56,27/9/16,175042,1259.0
T600138,C3134982,M,MUMBAI,107574.32,25/8/16,63105,10.0
T286501,C7224331,M,KOLKATA,4274.31,11/8/16,151047,398.0
T586028,C1835641,M,GORAKHPUR,199543.66,27/8/16,193055,700.0
T510452,C7310619,M,MEERUT,45856.24,19/8/16,130525,712.0
T550412,C7826723,M,SAHIBJADA AJITSINGHNAGAR,10.95,23/8/16,181232,20.0
T807461,C1225066,M,G B NAGAR,16286.62,5/9/16,194130,1390.0
T399333,C2040042,M,GHAZIABAD,362.09,18/8/16,134520,39.0
T983650,C6332181,F,SURAT,4875.25,15/9/16,201352,138.92
T168263,C3137526,M,NEW DELHI,1450.3,4/8/16,194438,454.5
T499819,C3624579,M,KOLKATA,10828.72,20/8/16,210134,539.52
T212137,C4823260,F,COIMBATORE,687.25,8/8/16,190948,867.0
T985458,C6129590,F,MUMBAI,149409.9,15/9/16,70214,2000.0
T317467,C6718374,M,MANDI,5253.56,10/8/16,213955,47.0
T607344,C2780372,F,DELHI,81.71,26/8/16,112112,4847.0
T172588,C1731412,M,DELHI,876909.46,4/8/16,133243,80.0
T200641,C7423711,F,MUMBAI,98026.53,9/8/16,225846,8300.0
T620132,C8317340,M,GHAZIPUR,15380.95,27/8/16,190249,60.0
T823182,C7526553,M,BANGALORE,4358.51,4/9/16,160855,30.0
T627824,C5235232,M,BAREILLY,2187.05,29/8/16,143252,257.03
T95774,C2238216,M,BANGALORE,30264.08,1/8/16,141035,80.0
T705552,C2015563,M,MERIDEAN GUINDY ALANDHUR CHENNAI,13160.6,30/8/16,101847,659.75
T255979,C7085690,M,JAYAKONDAM,4448.99,12/8/16,122739,4538.0
T927165,C1747770,M,MANDIR GOHANA,4386.3,12/9/16,231358,791.0
T667540,C1928646,M,CHANDIGARH,2559.97,28/8/16,173147,123.0
T788161,C5836288,F,NOIDA,48527.09,5/9/16,92453,600.0
T32034,C3214160,M,HYDERABAD,32096.1,25/9/16,213342,401.0
T800049,C7931044,M,ROADSHYDERABAD,352.0,5/9/16,175817,500.0
T936029,C2318222,F,MUMBAI,160316.28,11/9/16,180921,510.0
T668122,C4627580,M,VADODARA,198892.68,31/8/16,90854,150.0
T209147,C3616627,M,MUMBAI,8363.85,3/9/16,123215,197.0
T100387,C7526952,M,VADODARA,146100.76,6/8/16,94912,286.0
T674852,C6514652,M,NEW DELHI,522807.31,31/8/16,184305,4451.0
T176673,C7020047,F,REWARI,470167.27,4/8/16,221916,220.0
T96111,C1239789,M,MUMBAI,34602.16,1/8/16,134717,1000.0
T633708,C5321658,M,NEW DELHI,7189.52,29/8/16,204135,1500.0
T516470,C6630033,F,HOSHIARPUR,8330.83,24/8/16,92454,115.0
T109380,C3036545,M,HUBLI,77394.98,6/8/16,145341,325.0
T100305,C8436422,F,DELHI,405095.77,1/8/16,185128,2000.0
T545377,C8796466,F,LUCKNOW,8348.02,24/8/16,212739,4676.0
T969410,C2841014,F,KARNAL,12947.49,10/9/16,75825,360.0
T543132,C5236434,F,CHENNAI,1805736.39,24/8/16,190908,640.0
T505857,C1082771,M,ROURKELA,5105.39,19/8/16,152750,1894.0
T123687,C8624548,M,SAHARSA,8.42,6/8/16,170712,110.45
T472875,C1213277,F,DIBRUGARH,5778.2,21/8/16,231928,358.91
T1026204,C4516812,M,RANCHI,21693.52,13/9/16,150554,23.0
T376293,C7631663,M,NEW DELHI,39991.3,13/8/16,143604,1500.0
T742317,C9055585,M,DELHI,15.65,2/9/16,192727,950.0
T530874,C7831783,F,CHENNAI,7.79,23/8/16,204206,940.25
T866945,C3031521,M,BANGALORE,7808.39,8/9/16,175315,2382.53
T810563,C2339087,F,BANGALORE,332608.91,4/9/16,194438,4795.0
T110391,C7392548,M,MUMBAI,108892.34,6/8/16,142411,3835.0
T312064,C6087028,M,RAIGAD,10896.14,10/8/16,175209,998.0
T375279,C2752916,M,MAIN AJMER ROAD JAIPUR,2.86,13/8/16,85541,50.0
T33251,C1676957,M,MANALI,1950.09,25/9/16,215028,250.0
T302577,C2539832,F,PATNA,14294.9,10/8/16,100510,177.0
T982963,C6628455,M,NOIDA,13099.68,15/9/16,130014,20.0
T98881,C3154566,M,GANDHINAGAR,8178.2,1/8/16,173951,368.0
T858930,C5535831,M,BANGALORE,11.38,9/9/16,212334,500.0
T862886,C2213885,M,KANPUR,16119.55,8/9/16,112929,461.0
T922796,C6238969,M,MADURAI,8408.14,11/9/16,93412,50.0
T801967,C1317372,M,DELHI,170292.39,5/9/16,192440,1426.0
T263272,C5241972,F,RANCHI,15853.27,12/8/16,191517,8381.0
T625240,C3622760,M,MUMBAI,24284.81,25/8/16,183426,2000.0
T810550,C2622935,M,CHENNAI,14879.34,4/9/16,192010,418.5
T864663,C9018873,M,NEW DELHI,126951.87,8/9/16,145640,3038.0
T747576,C1045183,M,BANGALORE,11590.63,1/9/16,214045,468.0
T642939,C1512451,M,DELHI,256524.84,25/8/16,200848,500.0
T328307,C5122317,F,DELHI,84969.57,15/8/16,132202,742.0
T679459,C9024143,M,GHAZIABAD,6314.04,28/8/16,90509,110.45
T23445,C4986573,M,AHMEDABAD,31698.26,27/9/16,162433,850.0
T984761,C8228367,M,PANCHKULA,425980.08,15/9/16,2054,2342.0
T403474,C3540373,F,MUMBAI,215762.99,18/8/16,135913,195.0
T514652,C6040637,M,BANGALORE,25935.13,19/8/16,211435,599.0
T29149,C5321662,M,THANE,1771.18,26/9/16,121146,10.0
T809692,C2739422,M,MUMBAI,19319.88,4/9/16,215514,830.0
T547878,C4761934,M,CHANDIGARH,583.76,23/8/16,170510,1.57
T339923,C3136818,M,FARIDABAD,624.28,15/8/16,184403,1861.0
T608559,C5928986,F,GURGAON,17195.93,26/8/16,191634,500.0
T252312,C3915753,M,PUNE,51.25,7/8/16,215720,730.0
T407727,C3238969,M,NAVI MUMBAI,11765.92,18/8/16,220629,2425.0
T155457,C8982636,M,NOIDA,11466.09,3/9/16,143251,800.0
T1038502,C8916890,M,NOIDA,142459.48,18/9/16,161428,266.0
T547427,C8394961,M,MARG LOWER PAREL MUMBAI,4355.24,23/8/16,131613,2415.0
T389737,C2614659,M,FARIDABAD,53818.49,18/8/16,80656,175.0
T40220,C2825764,M,PRATAPGARH,260.19,27/9/16,220716,7017.25
T691819,C8723076,F,MUMBAI,1284772.99,30/8/16,173644,15000.0
T219508,C9012611,M,JAMSHEDPUR,49019.49,8/8/16,221141,200.0
T362525,C7229984,F,MEDAK,43578.55,14/8/16,230934,35.0
T233696,C8221212,M,GHAZIABAD,264376.32,7/8/16,184316,472.0
T437965,C3024341,M,HYDERABAD,494274.7,17/8/16,212813,1996.0
T125702,C5924545,F,FARIDABAD,109525.97,6/8/16,174247,42.97
T479530,C2028049,M,LUCKNOW,3161.71,21/8/16,233606,25.0
T146915,C1732539,M,MUMBAI,8835.45,5/8/16,202212,2431.0
T489311,C8042855,M,CHENNAI,56847.75,20/8/16,113729,3995.0
T709210,C6819414,M,PUNE,6116.17,3/9/16,93029,100.0
T863261,C8891450,F,THIRUVALLUR,30421.24,8/9/16,152329,641.0
T723989,C4526091,M,SRIPERUMBUDUR,2192.28,3/9/16,235550,30.0
T76954,C7227460,F,CHENNAI,66922.09,2/8/16,194751,450.0
T214745,C8317121,M,CHENNAI,6857.27,8/8/16,203326,313.84
T219093,C5424752,M,NOIDA,5871.63,8/8/16,221826,100.0
T598418,C7250269,M,BANGALORE,33182.53,26/8/16,171734,290.0
T889302,C3122413,M,TOWERS BANGALORE,97560.57,7/9/16,180944,1738.0
T286340,C5541476,F,MUMBAI,37702.49,11/8/16,180243,239.0
T354877,C5810571,M,AZAMGARH,30174.61,14/8/16,183908,293.0
T381849,C7763429,M,SAS NAGAR,281208.85,13/8/16,181330,2072.0
T518816,C3836413,M,BENGALURU,2628.16,19/8/16,190553,230.0
T220518,C2936446,M,BARNALA,5383.23,8/8/16,175840,225.0
T249400,C4794771,M,DIST-PUNE PUNE,25548.93,7/8/16,213627,543.0
T67469,C6523052,F,MUMBAI,30115.87,2/8/16,143630,804.0
T140610,C1910524,M,DELHI,36941.64,5/8/16,171125,2000.0
T713272,C3919629,M,BEED,84582.16,3/9/16,175910,804.25
T753988,C3885616,F,CHANDIGARH,19425.02,1/9/16,185211,2362.0
T899791,C8862871,M,NAGAPATTINAM,8098.62,7/9/16,85436,39.0
T79682,C4516688,M,GURGAON,46.15,1/8/16,13609,30.0
T330462,C7128676,M,ERNAKULAM,44823.67,15/8/16,172047,908.6
T245879,C7039517,M,JYOTIBA PHULE NAGAR,1759.25,12/8/16,222,17.0
T446596,C8832538,M,ZIRAKPUR,8394.63,16/8/16,162947,1898.0
T524204,C2411882,M,DELHI,10542.32,24/8/16,105046,439.0
T669501,C2817749,F,MUMBAI,23676.5,28/8/16,130352,64.36
T166543,C5543926,M,MUMBAI,71723.55,4/8/16,193727,1099.0
T428949,C5223269,M,DEOPUR DHULE,527.88,17/8/16,210257,219.0
T283686,C4621743,M,JHAJJAR,8227.26,11/8/16,143256,299.0
T603428,C2742254,M,MOHALI,251732.01,25/8/16,125330,1000.0
T16921,C7934012,M,BAREILLY,19536.59,26/9/16,160203,129500.12
T639800,C3923042,M,NEW DELHI,122881.44,25/8/16,203736,282.86
T895679,C3640915,F,KARUR,9700.01,7/9/16,141005,1000.0
T402540,C8518579,M,MUMBAI,211859.8,18/8/16,185518,556.4
T1007059,C4013428,M,NEW DELHI,26553.68,14/9/16,183438,1892.0
T771504,C1427179,M,DELHI,76461.8,6/9/16,212746,1400.0
T992211,C4022833,M,BANGALORE,31889.1,15/9/16,214712,153.0
T1039145,C5533058,M,THANE,9058.8,18/9/16,74642,65.0
T714856,C7955021,M,PANCHKULA,571982.75,3/9/16,194934,536.0
T1022001,C8715643,M,GURGAON,214117.14,13/9/16,152328,222.0
T649060,C5093873,M,KAITHAL,29989.85,25/8/16,165023,190.0
T685903,C1919311,M,MUMBAI,30056.71,30/8/16,180333,1.0
T4378,C2914013,M,GURGAON,1842.9,22/9/16,75623,200.0
T667510,C7026770,M,NEW DELHI,41332.57,28/8/16,180902,691.0
T806365,C3072949,M,GUWAHATI,32801.28,5/9/16,211643,145.0
T472157,C5521514,F,NAGPUR,5254.74,21/8/16,221738,200.0
T863468,C5835354,M,DELHI,38333.73,8/9/16,135328,1300.0
T427777,C8121754,F,GURGAON,28795.3,17/8/16,163055,2000.0
T668266,C2039677,F,MORADABAD,10681.66,31/8/16,83814,85.0
T54844,C8936313,F,PUNE,36667.74,3/8/16,193014,1660.0
T156072,C3434633,F,NEW DELHI,4554.13,3/9/16,152210,1472.0
T115663,C4255685,F,MUMBAI,106275.56,6/8/16,132623,1499.5
T908008,C6017649,M,GURGAON,1773.75,12/9/16,151757,650.0
T928958,C9027714,M,GURGAON,11420.15,11/9/16,161651,238.0
T609682,C7526244,M,REWARI,11314.25,26/8/16,83643,101.0
T934687,C1012572,M,MUMBAI,3340.73,11/9/16,190402,270.0
T718596,C3411528,M,BANGALORE,108706.84,3/9/16,205441,245.0
T805942,C8423416,M,MALAPPURAM,121.59,4/9/16,172957,1500.0
T992475,C6034664,M,YAMUNANAGAR,7.08,15/9/16,184047,510.0
T247470,C4412291,M,SEEPZ ANDHERI (E) MUMBAI,810.38,7/8/16,190037,350.0
T385743,C9024029,M,NEW DELHI,52208.42,13/8/16,203458,2118.59
T218194,C4130263,M,AHMEDABAD,13913.45,8/8/16,192304,2850.0
T751070,C6746412,M,RANGA REDDY,2499.7,2/9/16,215436,295.0
T467522,C1922833,M,NEW DELHI,81950.18,21/8/16,132108,480.0
T730460,C6230755,M,NAMAKKAL DT,5326.4,2/9/16,143115,200.0
T293913,C4926177,F,INDORE,54588.86,11/8/16,205921,744.0
T147471,C2276925,M,MAHALAXMI MUMBAI,2057.61,4/8/16,55550,500.0
T213372,C7016813,F,MUMBAI,60419.15,8/8/16,182648,2087.25
T1039500,C5825290,F,MUMBAI,199889.94,18/9/16,150540,1896.0
T77942,C3029880,M,CHENNAI,11350.11,2/8/16,214937,898.0
T874122,C8931730,M,BANGALORE,109448.37,8/9/16,204332,570.0
T469290,C3234546,F,AHMEDABAD,8660.46,21/8/16,143848,237.0
T740247,C1444170,M,GURGAON,59697.95,2/9/16,190833,2000.0
T281792,C1941686,M,NAGAR HYDERABAD,64.07,11/8/16,150838,200.0
T456529,C5021727,M,SOLAN,2403.25,16/8/16,194203,300.0
T600920,C2186933,M,NEW DELHI,245.11,26/8/16,233206,800.0
T751242,C4416671,M,MOHALI,2505.54,1/9/16,221513,50.0
T828739,C7842523,M,MUMBAI,2944.49,4/9/16,145456,6500.0
T628791,C7128346,M,MUMBAI,8991.75,29/8/16,200008,776.0
T700387,C6429375,M,MEERUT,21107.22,30/8/16,141413,199.0
T60559,C2314773,M,GURGAON,29455.88,3/8/16,205547,1560.23
T277098,C1532691,M,GHAZIABAD,10292.63,11/8/16,82735,67.0
T670908,C6610628,M,MUMBAI,18265.2,28/8/16,144432,554.0
T663857,C6066147,M,AHMEDABAD,23597.97,31/8/16,92232,424.0
T707609,C4214054,M,UDAIPUR,86390.07,3/9/16,100347,1068.0
T562303,C6523347,M,BANGALORE,2903.7,22/8/16,225121,1.0
T78733,C5222315,M,BETIM,9405.61,2/8/16,202319,50.0
T203932,C6731355,F,SAS NAGAR,504.35,8/8/16,43315,50.0
T630623,C2216867,M,ERNAKULAM,4.91,29/8/16,201832,1228.0
T278453,C3637423,M,PANCHKULA,6736.72,11/8/16,112157,640.0
T265860,C2726657,M,KOLKATA,6752.6,3/9/16,115858,177.0
T952573,C5335265,M,HYDERABAD,695334.48,10/9/16,214722,1517.0
T57912,C1724225,M,GURGAON,32773.98,3/8/16,213613,147.0
T472934,C4216376,M,KALYAN,220498.21,21/8/16,222701,1821.0
T239207,C6222557,M,BANGALORE,38532.01,7/8/16,165336,330.0
T662767,C6539070,F,IMPHAL WEST,46243.15,31/8/16,130936,4994.0
T433587,C3631472,F,NAVI MUMBAI,97.83,17/8/16,233456,25.99
T604404,C4036687,M,DELHI,177018.97,25/8/16,113030,308.0
T489062,C7138949,M,GURGAON,67459.35,20/8/16,164104,210.0
T622556,C6135832,F,NOIDA,76789.08,25/8/16,163425,3000.0
T239555,C7688747,M,NOIDA,9645281.25,7/8/16,144115,547.0
T704000,C3036542,F,MANALI (21/26) KULLU,192035.79,30/8/16,142430,1512.75
T878047,C7928890,M,GURGAON,119548.16,8/9/16,222234,300.0
T503040,C3937476,M,THANE,17502.23,19/8/16,94747,1940.0
T329446,C6117787,F,PUNE,30382.93,15/8/16,122659,150.0
T608688,C1019331,M,CALANGUTE,20619.2,26/8/16,120142,500.0
T378820,C4018374,M,NAVI MUMBAI,56656.26,13/8/16,155330,1999.0
T615273,C3963267,F,INDORE,15365.35,26/8/16,145137,2261.0
T33425,C2822174,M,DELHI,24054.67,25/9/16,210811,2893.74
T285257,C6120245,F,WAYANAD,19263.83,11/8/16,174939,216.5
T80867,C8829953,M,NEW DELHI,66719.84,2/8/16,210403,1798.0
T534829,C4716878,M,SAMBHAL,12540.8,22/8/16,101509,100.0
T60415,C4241558,M,NEW DELHI,14715.25,3/8/16,223021,274.0
T921607,C4426333,F,MUMBAI,62763.03,12/9/16,214717,222.0
T170168,C3468013,M,CHENNAI,2643.13,4/8/16,160721,2000.0
T140320,C2537290,F,DELHI,11804.77,5/8/16,161434,250.0
T540043,C2615340,M,VAPI,172.8,23/8/16,102455,120.0
T916370,C1238346,M,GHAZIABAD,272513.81,12/9/16,175341,331.0
T277518,C5313747,F,NEW DELHI,376.49,11/8/16,23522,1299.0
T199890,C7913743,F,SONIPAT,1185.73,8/8/16,114048,31.0
T96406,C1540351,F,DELHI,151358.97,1/8/16,151008,100.0
T929430,C8520777,M,JHANSI,7.9,11/9/16,134654,70.0
T459712,C6440136,F,GURGAON,13392.76,21/8/16,115942,99.0
T352311,C6512671,M,DINGDINGA,10298.59,14/8/16,161808,2937.0
T916235,C4321821,F,DELHI,21534.31,12/9/16,192303,997.0
T578900,C2333013,F,GURGAON,188203.59,27/8/16,145743,469.0
T933658,C6118124,M,BANGALORE,52191.88,11/9/16,172659,2283.0
T1001298,C7542816,M,SAHIBABAD,64.3,14/9/16,81144,190.0
T596102,C3133320,M,MANALI,21653.43,26/8/16,164825,1866.0
T650679,C5032127,F,MUMBAI,78874.37,25/8/16,212833,1500.0
T626077,C7230524,M,BANGALORE,292561.25,29/8/16,150102,1839.0
T28109,C8941061,M,MUMBAI,1977.71,26/9/16,123601,1261.0
T738017,C4216019,M,WEST SINGHBHUM,6807.91,2/9/16,154228,690.06
T679429,C7316465,M,KARIM NAGAR,2883.17,28/8/16,94015,10.0
T599434,C5017857,M,BANGALORE NORTH,26239.0,26/8/16,210912,520.0
T1020690,C2124112,M,CUDDALORE DISTRICT,3232.13,13/9/16,152927,20.0
T416122,C2627254,M,KARNAL,632375.73,18/8/16,194345,13537.0
T42365,C7727670,M,GURGAON,12589.73,3/8/16,85328,200.0
T464606,C3618151,M,AJMER,52485.56,16/8/16,221154,1686.34
T257468,C3341824,F,NEW DELHI,281240.02,12/8/16,160028,612.0
T962719,C4737761,M,NOIDA,705797.95,10/9/16,140125,177.0
T88395,C5140412,M,ROAD BANGALORE,73.15,1/8/16,133415,200.0
T557794,C5040880,M,MAINPURI,214.3,24/8/16,162009,49.0
T64682,C3781774,M,DELHI,17783.93,3/8/16,173559,300.0
T647042,C4825362,M,KOLHAPUR,880679.64,25/8/16,61038,5.0
T447531,C6720322,F,KOLKATA,49031.3,16/8/16,174417,1100.0
T952090,C5015169,F,DELHI,23368.24,10/9/16,213315,5327.0
T207840,C4928567,M,MUMBAI,103913.77,8/8/16,122626,200.0
T534472,C8235868,M,NEW DELHI,3567.18,23/8/16,233548,590.0
T895631,C3516250,F,HYDERABAD,133940.05,7/9/16,160344,100.86
T762151,C7521786,M,GURGAON,8241.66,1/9/16,143813,100.0
T692057,C7328840,M,PLATFORM MUMBAI,101458.28,30/8/16,195206,1269.0
T614216,C2322765,M,HAZARIBAGH,105919.86,27/8/16,184357,365.0
T308540,C3535761,M,RENIGUNTA,11460.71,10/8/16,184321,24708.0
T589086,C7979887,M,CHENNAI,1295.92,23/8/16,152631,7898.0
T94942,C3739691,F,NEW DELHI,363413.08,1/8/16,162655,6016.0
T136467,C6536575,F,LUCKNOW,5709.73,5/8/16,115150,199.0
T81668,C1323029,M,CHENNAI,10944.94,1/8/16,123354,60.0
T1024057,C5923151,M,NEW DELHI,10119.27,13/9/16,141724,866.52
T855319,C6954713,M,HYDERABAD,8917.33,9/9/16,192725,2000.0
T625524,C3142528,M,GURGAON,695013.22,29/8/16,211909,300.0
T190860,C1341631,F,SOLAN,470.52,9/8/16,194430,606.9
T251624,C2416039,M,NEW DELHI,5235.73,12/8/16,3238,335.0
T293082,C7635917,M,NAVI MUMBAI,72134.13,11/8/16,203511,255.0
T586728,C5314976,F,WEST MAMBALAM,37994.04,25/8/16,123716,256.5
T874288,C4541666,M,MUMBAI,7598.46,8/9/16,200013,590.0
T540322,C3216081,F,MUMBAI,6847.3,24/8/16,164613,494.0
T969266,C8626389,M,NEW DELHI,236.16,10/9/16,144513,30.0
T980432,C4325280,M,BHIWANI,16549.84,15/9/16,122948,124.0
T476432,C4724639,M,BOKARO,37197.22,21/8/16,204625,420.0
T928488,C2232642,M,HYDERABAD,3888.77,11/9/16,115152,499.0
T58289,C3623883,M,KOLKATA,292810.48,3/8/16,195724,1500.0
T587093,C2947134,M,HOWRAH,26863.31,23/8/16,161216,200.0
T77447,C6424069,M,AHMEDABAD,45965.04,2/8/16,203613,100.0
T595767,C2794919,M,MUMBAI,208733.59,27/8/16,201402,6000.0
T529287,C2940834,M,HYDERABAD,116912.6,23/8/16,141416,185.0
T433605,C5213475,M,PAURI GARHWAL,7870.0,16/8/16,184055,97.0
T1021872,C8515051,M,NOIDA,401304.32,13/9/16,171755,750.0
T377227,C3157434,M,MUMBAI,13728.98,13/8/16,121825,488.0
T629109,C1437776,M,BURDWAN,10680.05,29/8/16,173338,50.0
T623164,C1229244,F,KOLKATA,121.63,29/8/16,210948,338.0
T930197,C3730614,F,JALANDHAR,47.42,11/9/16,115721,260.0
T203339,C8120567,F,KOLKATA,76060.97,8/8/16,143842,427.0
T880922,C8137917,M,HYDERABAD,12257.5,7/9/16,213554,8693.0
T1025487,C4042476,F,KOLKATA,14480.11,13/9/16,144850,228.86
T615730,C1142143,M,DELHI,15527.07,27/8/16,183904,500.0
T216808,C7520434,M,CHENNAI,12139.41,8/8/16,203629,2142.0
T431459,C3542148,M,THANE,27486.66,17/8/16,194427,2000.0
T417399,C7534067,M,CHENNAI,23959.84,17/8/16,153628,820.0
T654873,C1612786,F,FARIDABAD,25000.01,28/8/16,225605,5400.0
T597532,C2075062,M,MOHALI,23308.64,27/8/16,212558,130.0
T128023,C5611240,M,BHUBANESHWAR,157734.21,6/8/16,211013,402.8
T796059,C6333572,M,BHUBANESHWAR,4922.78,5/9/16,160758,2000.0
T366275,C3568228,M,HALOL,254421.28,14/8/16,190320,1919.62
T464479,C2218188,M,DELHI,14951.53,21/8/16,163449,824.0
T946092,C3021240,M,KOLKATA,927919.6,10/9/16,202711,645.0
T618194,C6521243,M,NEW DELHI,252768.89,26/8/16,124437,245.0
T324193,C1319416,M,JAUNPUR,4969.9,15/8/16,150117,1000.0
T707796,C6630945,M,MUMBAI,9961.78,3/9/16,101116,220.0
T219750,C2430167,M,PUNE,6710.55,7/8/16,5614,26.0
T552553,C2210376,F,NAVI MUMBAI,7172.97,23/8/16,195120,136.0
T764192,C5925579,M,NOIDA,3463.54,1/9/16,143115,500.0
T962597,C2624986,M,LUCKNOW,30008.29,10/9/16,170715,500.0
T183724,C7396188,M,BANGALORE,102922.86,9/8/16,113720,48.0
T405995,C6728240,M,DELHI,30386.52,18/8/16,152903,746.0
T204332,C8736654,F,GURGAON,6771.83,8/8/16,93004,400.0
T439343,C8856117,F,FARIDABAD,12497.18,17/8/16,215725,3039.5
T715600,C3114818,M,PUNE,1318108.84,3/9/16,200329,51.24
T724555,C6022442,M,THANE,2035.41,3/9/16,234842,225.0
T249626,C4535939,M,KASHIPUR,6620.06,7/8/16,234759,33.0
T424381,C1811745,M,CHANDIGARH,7726.82,17/8/16,104141,147.0
T119053,C5914059,F,COIMBATORE,38144.62,6/8/16,160240,363.0
T501904,C5137657,M,GURGAON,29414.79,20/8/16,220642,280.0
T125797,C3142240,M,EKSAR ROAD MUMBAI,33192.85,6/8/16,215904,1850.0
T192221,C8435866,F,DELHI,43832.56,9/8/16,185040,984.0
T1044524,C5391684,M,DELHI,23976.56,18/9/16,105505,598.0
T65056,C4622438,M,BANGALORE,3544.26,2/8/16,113226,1263.72
T713707,C8838775,M,DELHI,119361.71,3/9/16,184721,2100.0
T955847,C2733342,M,GUNTUR,6742.02,10/9/16,192018,426.0
T104496,C1864459,M,BELGAUM,10231.18,1/8/16,203133,379.52
T151561,C4641626,M,DEHRADUN,3701.89,4/8/16,13739,500.0
T263045,C7615369,M,GURGAON,25215.04,12/8/16,193539,428.0
T438365,C6932026,F,INDORE,21198.71,17/8/16,215904,350.0
T5589,C5814063,M,BANGALORE,19044.4,22/9/16,135921,800.0
T877625,C2336519,F,MUMBAI,118257.64,8/9/16,201532,717.2
T284358,C4327885,F,MEERUT,11872.56,11/8/16,124009,85.0
T311059,C6030869,M,NEW DELHI,14764.5,10/8/16,201431,160.0
T317416,C9012089,M,BANGALORE,8.11,10/8/16,211445,100.0
T297142,C4233361,F,KARIMNAGAR,13486.25,11/8/16,223437,70.0
T739842,C5332091,M,NEW DELHI,23088.66,2/9/16,205838,371.0
T189136,C4336016,F,PUNE,12492.21,9/8/16,141120,299.47
T610241,C5691188,M,AHMADABAD,110680.89,26/8/16,113151,689.0
T502258,C7837688,M,JAIPUR,234086.67,19/8/16,123334,1700.0
T976219,C8626090,M,MUMBAI,4271.96,15/9/16,133334,110.0
T356957,C6739717,M,HOWRAH,8091.62,14/8/16,192645,334.0
T630654,C8525088,M,MUMBAI,35727.55,29/8/16,125328,10109.26
T455937,C6521942,F,GURGAON,4321.06,16/8/16,184528,214.0
T168038,C6629358,M,NOIDA,480.34,4/8/16,133532,187.0
T466775,C3915833,F,GURGAON,56.1,21/8/16,142105,150.0
T422461,C2310943,F,LUDHIANA,95350.58,17/8/16,133539,1199.7
T486297,C6788453,M,NEW DELHI,13297.47,20/8/16,151934,1690.0
T824878,C5238976,M,GURGAON,67459.35,4/9/16,184035,1445.0
T826290,C2641819,M,GURGAON,16840.24,4/9/16,141723,500.0
T809183,C1115276,M,LUCKNOW,3829.07,5/9/16,193729,100.0
T52314,C5130253,F,HOWRAH,37038.69,3/8/16,160249,600.0
T906482,C3219923,M,BAMBOLIM,246934.28,12/9/16,143838,1468.0
T776442,C5132745,M,PUNE,37.68,6/9/16,222650,1806.0
T745769,C8155357,F,DELHI,809944.35,2/9/16,212704,5504.55
T932717,C6737412,F,KOTTAYAM,108.34,11/9/16,182814,2004.0
T434947,C6031543,F,KACHCHH,17505.55,17/8/16,212141,297.0
T444428,C2033527,F,NEW DELHI,33402.52,16/8/16,160934,7946.0
T685749,C3939719,F,WARANGAL,23010.63,30/8/16,210209,1262.8
T538437,C2912049,M,GURGAON,53525.09,22/8/16,62355,220.0
T187533,C1521814,M,GHAZIABAD,165296.5,9/8/16,150212,1000.0
T594377,C2123784,F,CHENNAI,520.49,27/8/16,203313,461.0
T125146,C4610411,M,BANGALORE,33969.57,5/8/16,10947,230.0
T60350,C3518363,F,DELHI,32316.87,3/8/16,215439,51.0
T36693,C2330456,M,BANGALORE,448977.01,30/9/16,134714,855.0
T90923,C5315769,F,BANGALORE,1743096.97,22/9/16,150757,827.0
T363902,C6289240,F,AGRA,19647.86,14/8/16,170947,798.0
T345439,C8427314,M,ULHASNAGAR,405450.1,14/8/16,123838,139.0
T158256,C4110621,F,MUMBAI,4354.54,3/9/16,145508,453.75
T978610,C6939982,M,AGRA,121202.96,15/9/16,121136,150.0
T40871,C7782447,F,NOIDA,49060.86,22/9/16,163856,245.0
T107762,C3719362,M,THANE,73.66,6/8/16,10944,1550.0
T577371,C5820521,F,MUMBAI,72042.98,22/8/16,222158,519.0
T388696,C7021554,F,CHENNAI,616.92,13/8/16,183108,1134.0
T1003311,C3023163,M,GREATER NOIDA,15092.19,14/9/16,141648,95.0
T612784,C3628920,F,SOUTH 24 PARGANAS,55403.74,25/8/16,65419,200.0
T860390,C5428631,F,AHMEDABAD,34885.42,9/9/16,220831,5000.0
T601671,C5842247,M,HYDERABAD,13899.64,26/8/16,161529,100.0
T587009,C1928171,M,DELHI,179798.89,27/8/16,220421,695.0
T979453,C4432138,M,AGRA,242358.11,15/9/16,104955,10047.0
T363601,C8530927,M,BRIDGE SANTACRUZ E MUMBAI,14821.98,13/8/16,345,981.0
T432846,C6714131,M,VILLAGE VARTHUR HOBLI BANGALORE,88444.04,17/8/16,203428,1104.0
T606812,C7653733,M,VADODARA,96.2,26/8/16,190438,453.0
T694259,C6522147,M,SOLAN,254528.76,31/8/16,194047,1930.0
T126831,C8225082,M,HOWRAH,0.93,5/8/16,15158,175.0
T410530,C4419977,F,GHAZIABAD,18404.73,18/8/16,200915,324.0
T370685,C2630579,M,MUMBAI,108724.36,14/8/16,220530,3723.0
T627856,C7422412,F,BANGALORE,302901.96,29/8/16,175302,267.2
T985650,C7217388,M,GHAZIABAD,1241.71,15/9/16,103905,135.0
T740419,C5634166,M,CHENNAI,79740.47,2/9/16,200631,2500.0
T662237,C3933519,M,NOIDA,29707.76,28/8/16,152906,1300.0
T462043,C8858925,M,BANGALORE,803.99,21/8/16,155700,380.0
T154716,C8235852,M,GURGAON,46903.7,4/8/16,74838,27.0
T456540,C7920834,F,CHENNAI,30378.86,16/8/16,200359,8000.0
T1014223,C6824665,M,AHMEDABAD,12741.28,14/9/16,213435,1966.69
T348907,C1634472,F,NEW DELHI,4794.92,14/8/16,110508,400.0
T738900,C3016154,M,HYDERABAD,110481.86,2/9/16,154226,334.0
T428598,C7815177,M,NEW DELHI,73430.09,17/8/16,161937,1020.0
T855594,C9064236,M,TRIVANDRUM,3241.73,9/9/16,205658,233.0
T805900,C7333046,M,MUMBAI,131814.23,5/9/16,230234,1490.0
T482212,C4324315,M,HYDERABAD,94860.36,21/8/16,223715,525.0
T671880,C1415825,M,VASAI W,21127.78,28/8/16,201545,326.0
T931348,C2837848,M,GURGAON,21731.2,11/9/16,141206,274.0
T434020,C8033944,F,BARIATU ROAD RANCHI,27412.77,16/8/16,81025,275.0
T886639,C8326036,M,NOIDA,4120.74,7/9/16,215155,499.0
T82671,C1841223,F,KANCHEEPURAM,8162.78,2/8/16,215503,530.0
T943671,C8919290,M,NEW DELHI,53072.23,11/9/16,195633,554.0
T829226,C4790034,M,DIVA E,85893.68,4/9/16,144512,500.0
T130160,C5738926,M,FARIDABAD,216034.75,6/8/16,202306,675.0
T1007489,C6231411,F,GUNTUR,18329.7,14/9/16,191517,167041.46
T767472,C1430030,M,NEW DELHI,96770.23,1/9/16,111955,300.0
T909965,C2328054,F,BANGALORE,19199.27,12/9/16,102927,350.0
T442382,C5623741,M,BURDWAN,15044.07,16/8/16,143048,10.0
T200533,C7028060,M,CHANDIGARH,46.36,8/8/16,14312,460.0
T1002812,C2726116,M,NANDED,1050.69,14/9/16,155748,200.0
T755958,C8869777,M,BANGALORE,2479.14,1/9/16,204419,1154.0
T873171,C4015539,M,MUMBAI,7192.98,8/9/16,184210,105.0
T177928,C2232284,M,NAGPUR,20799.06,4/8/16,222824,2241.0
T395860,C8842786,F,DELHI,300.13,13/8/16,212007,370.0
T1011558,C3934732,M,RANGA REDDY,4.11,14/9/16,194414,700.0
T190215,C8913150,M,CHENNAI,460.27,9/8/16,171954,196.0
T602740,C2629911,F,FANGANI,8285.07,25/8/16,120513,1000.0
T967846,C3093364,M,BANGALORE,5697.06,10/9/16,150324,348.0
T13017,C6942262,M,MUMBAI,25467.28,27/9/16,170828,567.0
T787233,C6026653,M,RAE BARELI,921.24,6/9/16,124112,54.0
T902274,C6315066,M,AIZAWL,4548.63,7/9/16,65650,101.15
T917277,C3497837,M,FARIDABAD,31169.01,12/9/16,214416,100.0
T179772,C7156188,M,BANGALORE,53759.08,4/8/16,210727,2125.18
T226704,C1035861,F,NOIDA,44535.6,8/8/16,224043,100.0
T730534,C1935269,M,RAIGAD,498.27,2/9/16,135841,1000.0
T806694,C1110840,M,NEW DELHI,1278025.92,4/9/16,232528,1292.5
T597215,C8391884,M,MUMBAI,29261.5,27/8/16,213830,510.0
T350962,C4825948,F,PUNE,70277.47,14/8/16,180223,2813.0
T495555,C6312770,F,KANGRA,59145.66,20/8/16,211347,1731.97
T813869,C2630230,M,PUNE,14136.62,4/9/16,192301,400.0
T899558,C7628743,M,FATEHABAD,55773.02,12/9/16,163212,159.0
T1025413,C8442453,M,GURGAON,692.25,13/9/16,151755,130.0
T777328,C4123392,M,VISAKHAPATNAM,22389.9,6/9/16,195533,449.0
T790015,C2036653,M,NEW DELHI,520289.99,5/9/16,1625,4510.0
T124805,C9020982,F,MUMBAI MAHIM WEST,661.38,6/8/16,221457,2000.0
T710825,C6540448,M,PATNA,552.93,3/9/16,164950,70.0
T702214,C4140562,F,NOIDA,5017.48,30/8/16,161547,248.0
T31414,C4427348,M,LUCKNOW,91272.45,25/9/16,203000,210.0
T230228,C6530022,M,NEW DELHI,2172.12,7/8/16,114355,630.0
T736404,C7527518,M,PUNE,168944.04,2/9/16,134214,199.0
T841862,C3475954,M,SONITPUR,34490.35,9/9/16,141006,755.0
T267837,C8846818,M,MANKUVA BHUJ,5351.45,3/9/16,121140,30.0
T152072,C5235631,M,KOLKATA,25139.66,5/8/16,201400,425.0
T18476,C3237915,F,ERNAKULAM,32598.77,26/9/16,153529,1548.0
T1040798,C7822076,M,GUWAHATI,863.43,18/9/16,112514,140.0
T750951,C4195840,F,NEW DELHI,27313.55,1/9/16,203933,50.0
T518290,C8819128,F,MUMBAI,13116.0,24/8/16,82331,199.0
T165337,C1441837,M,PALAMANER,120.7,4/8/16,91922,8.0
T874687,C4529671,M,DELHI,27149.69,8/9/16,194627,5249.0
T396443,C8137850,M,NOIDA,23754.63,13/8/16,220713,388.0
T681323,C7528580,M,MUMBAI,457941.1,30/8/16,114850,150.0
T350319,C8424977,M,BANGALORE,27.9,14/8/16,104803,10.0
T43640,C5745986,F,MUMBAI,1214.32,3/8/16,93844,500.0
T727258,C8342871,M,BANGALORE,43067.35,2/9/16,121908,134.0
T835857,C5438824,F,BANGALORE,1128.0,9/9/16,175836,100.0
T748068,C7223835,F,KOHIMA,129.92,2/9/16,201836,280.0
T575477,C3223545,F,NOIDA,7054.4,27/8/16,122205,259.0
T382055,C4935542,M,DOMBIVALI E,10590.71,13/8/16,151105,60.0
T149509,C2637315,F,NEW DELHI,6787.29,5/8/16,202128,367.0
T716580,C3811459,M,MUMBAI,592819.3,3/9/16,200415,1356.0
T305786,C4731560,M,AURANGABAD,908.89,10/8/16,124645,420.0
T323052,C5729148,M,ENCLAVE HOWRAH,15487.88,15/8/16,104021,1943.4
T159795,C7730279,F,NOIDA,93611.1,4/8/16,85019,829.0
T514403,C3882537,M,ROAD BANGALORE,5630.04,19/8/16,165647,100.0
T136411,C4222386,F,KALKA,158339.32,5/8/16,132707,50.0
T862511,C3934988,M,HYDERABAD,34.02,8/9/16,90219,100.0
T398218,C8266324,M,GURGAON,4783.69,18/8/16,31656,3655.0
T119586,C4019465,M,UNNAO,618118.89,6/8/16,162448,1350.0
T240219,C4692392,F,DELHI,102842.16,7/8/16,175130,250.0
T490546,C7920714,M,CHENNAI,11.4,20/8/16,170801,28.0
T163656,C6126520,M,BANGALORE,105442.64,4/8/16,123704,171.24
T831741,C6266959,F,BANGALORE,14127.34,4/9/16,121510,650.0
T579330,C6132141,M,ZIRAKPUR,6581.54,22/8/16,192254,500.0
T150332,C4013057,,MUMBAI,735.46,5/8/16,204739,100.0
T84821,C1134813,M,DELHI,7368.85,1/8/16,63503,300.0
T113316,C2623884,M,GANJAM,66.0,6/8/16,111033,17.0
T781009,C8930734,M,WEST MUMBAI,15824.08,6/9/16,151100,999.0
T341536,C2514130,M,AMRITSAR,,14/8/16,112133,415.0
T687916,C2225424,F,KHARAGPUR,1978.34,30/8/16,213958,25.0
T981321,C4089013,F,BANGALORE,96688.92,15/9/16,80804,12.0
T1036507,C3312673,M,THANE,46656.72,18/9/16,154540,220.0
T1036076,C3035448,F,MUMBAI,737.44,18/9/16,162613,179.0
T372777,C2282980,F,BANGALORE,52125.39,14/8/16,230554,333.0
T878884,C6733449,M,HOSHIARPUR,505000.72,8/9/16,220932,1493.0
T226014,C6336875,M,PEN,2428.61,7/8/16,135052,200.0
T144872,C1531643,M,DELHI,75518.62,5/8/16,165658,924.0
T619987,C1042158,M,BANGALORE,154836.72,25/8/16,191718,210.0
T967107,C3636134,M,AHMEDABAD,13049.24,10/9/16,130818,140.0
T956672,C5926464,F,GURGAON,2.65,10/9/16,164515,88.0
T479923,C7419220,F,NAVIMUMBAI,55298.74,20/8/16,112808,578.13
T269985,C2866214,M,NOIDA,11.8,12/8/16,220048,59.0
T1029565,C1134173,M,MUMBAI,31716.26,13/9/16,123214,435.0
T209733,C5113922,M,MEDAK DIST,18130.58,3/9/16,142033,491.0
T251576,C1933362,M,NOIDA,11342.78,7/8/16,214546,198.0
T934069,C6031128,M,SRINAGAR,15681.46,11/9/16,140529,470.0
T504118,C4927743,M,DOHA,585166.55,19/8/16,103801,1540.0
T83197,C2135760,M,NEW DELHI,49780.92,1/8/16,5922,2263.0
T120134,C7473320,F,DELHI,316967.94,6/8/16,160058,1956.0
T989861,C3237822,M,MUMBAI,49353.85,15/9/16,200138,4775.0
T865557,C4394248,M,BHAVNAGAR,10238.63,8/9/16,133831,175.0
T842631,C2226459,F,JALANDHAR,87.19,9/9/16,34113,1.0
T953302,C1330213,M,GURGAON,20600.21,10/9/16,200017,302.6
T644675,C3112215,F,BANGALORE,3602.29,25/8/16,185434,948.0
T644064,C5825329,F,BANGALORE,221312.92,29/8/16,95422,1500.0
T494505,C2218636,F,GURGAON,9413.93,20/8/16,171208,108.02
T945023,C6981974,M,MUMBAI,80326.67,11/9/16,224700,1000.0
T370504,C6626745,F,GURGAON,9846.02,13/8/16,112637,67.0
T280157,C6424382,M,BHAYA SONPUR,36069.29,11/8/16,154503,776.0
T433486,C8612471,M,NEW DELHI,9318.61,16/8/16,93251,128.0
T1015893,C4912056,M,FARIDABAD,7992.0,14/9/16,220540,310.0
T860604,C1834778,F,FATEHPUR,99.35,9/9/16,235334,606.9
T22663,C7321724,M,VATSALYA GUEST HOUSE HYDERABAD,737988.17,23/9/16,135137,977.5
T591180,C8916782,M,NEW DELHI,169791.6,27/8/16,200125,390.0
T183687,C7026459,M,ANANTAPUR,14397.81,9/8/16,161754,110.0
T955888,C1217947,M,GURGAON,91701.39,10/9/16,182741,6170.0
T1006093,C1128637,F,SAHARANPUR,404241.24,14/9/16,173055,12950.0
T525695,C3310347,M,GURGAON,18759.36,24/8/16,102948,1260.23
T17949,C5576929,F,NEW DELHI,98565.1,26/9/16,164932,500.0
T1047006,C6142839,F,GURGAON,13340.0,18/9/16,2531,36.0
T279765,C3035258,M,CHENNAI,28639.45,11/8/16,114344,3060.0
T53531,C6824284,M,NEW DELHI,87418.44,3/8/16,174355,23.0
T977622,C5176419,F,CHIRAG MOTORS SION MUMBAI,1710.12,15/9/16,115711,1227.0
T200163,C8032926,F,DELHI,2624.88,8/8/16,130802,700.0
T96377,C7629360,M,GURGAON,15448.95,1/8/16,193939,150.0
T209908,C4681368,M,NEW DELHI,117736.93,3/9/16,142045,8017.81
T963239,C1917351,M,MUMBAI,15479.31,10/9/16,132043,1949.17
T282458,C3938519,M,MUZAFFARNAGAR,25787.1,11/8/16,105512,760.05
T308263,C5034733,M,GURGAON,13432.07,10/8/16,152448,310.65
T524540,C5774649,M,NOIDA,134702.63,19/8/16,205233,3034.0
T757724,C5325279,M,VADODARA,90026.62,1/9/16,172135,1473.0
T913997,C7120758,M,NEW DELHI,1096842.32,12/9/16,183111,129.61
T27490,C6628533,M,NEW DELHI,214585.61,26/9/16,220431,1100.0
T142727,C4616955,M,AURANGABAD,4818.96,5/8/16,130508,66.0
T397777,C4313538,F,UDAIPUR,88913.03,18/8/16,105638,12000.0
T940721,C3089124,F,DELHI,11125.27,11/9/16,223941,210.0
T453072,C6162812,M,RAJSAMAND,236.35,21/8/16,94644,353.02
T586382,C3626686,M,GURGAON,218560.68,25/8/16,134616,3701.0
T975681,C7713552,F,GHAZIABAD,103.67,15/9/16,165601,1999.0
T457951,C4712756,F,POOL BANGALORE,81038.89,21/8/16,110109,235.0
T79699,C5224644,M,CHENNAI,3414.0,1/8/16,81013,200.0
T392001,C7040117,F,BANGALORE,10379.03,13/8/16,203433,5000.0
T527260,C6928676,M,NEW DELHI,18637.65,24/8/16,135330,1840.0
T496317,C2723533,M,PAURI GARHWAL,15347.28,20/8/16,212545,3770.74
T285624,C7523668,F,NORTH 24 PARGANAS,4928.29,11/8/16,131611,198.0
T514681,C5811951,F,NAWANSHAHR,8980.17,19/8/16,181146,85.0
T250017,C7014069,M,BIJNOR,4089.55,7/8/16,221714,237.0
T852628,C3030543,M,DELHI,7755.63,9/9/16,225315,44.0
T859304,C7523935,M,ERODE,247886.99,8/9/16,82502,21.0
T884080,C3825252,M,FATEHPUR,7818.1,8/9/16,212815,1075.0
T814804,C8620889,M,MUMBAI,76527.48,4/9/16,232531,345.0
T542676,C2331125,M,DELHI NEW DELHI,54317.92,24/8/16,212703,8318.0
T147230,C3437235,F,BANGALORE,209935.63,5/8/16,155804,274.0
T48675,C6841077,M,GUWAHATI,1544.54,3/8/16,140706,50.0
T710131,C6918946,M,NOIDA,12990.42,3/9/16,50510,9.0
T639770,C1092326,M,CHITTO0R,1.39,29/8/16,70448,50.0
T457068,C5316731,M,TEZPUR,3485.9,21/8/16,122236,3898.0
T531909,C5659558,F,DELHI,49611.83,23/8/16,141047,259.0
T693914,C5411031,F,HYDERABAD,36559.45,30/8/16,211003,160.0
T1003354,C8920587,M,RAMPUR,117775.47,14/9/16,180612,240.0
T381838,C8928239,M,HOSPITAL BANGALORE,2098.81,13/8/16,175628,388.57
T654818,C8320828,M,NEW DELHI,1538.36,28/8/16,215145,124.43
T581411,C8437591,M,MORADABAD,46396.27,27/8/16,133454,500.0
T235812,C3295851,M,NAVI MUMBAI,1622.37,7/8/16,172104,500.0
T964631,C8411255,M,PONDICHERRY,4340.64,10/9/16,113712,200.0
T213642,C4611891,M,AHMEDABAD,492.12,8/8/16,151636,1513.0
T928068,C7967019,M,MUMBAI,9837.77,11/9/16,164328,1000.0
T689591,C5572414,M,MUMBAI,36331.44,31/8/16,215735,580.0
T235236,C7123090,M,PANCHKULA,12538.15,7/8/16,162010,1845.0
T834743,C8619124,M,GURGAON,45489.39,9/9/16,181050,300.0
T297359,C1238975,M,NEW DELHI,21736.19,10/8/16,111730,1900.0
T141341,C7835724,M,NEW DELHI,28830.82,5/8/16,140621,891.0
T44665,C7152138,M,RAIPUR,276887.47,3/8/16,92900,10.0
T339781,C4238761,M,GURGAON,197869.83,14/8/16,100138,69.0
T758590,C5214386,M,DELHI,8353.1,1/9/16,164400,37.0
T315327,C6255234,M,GHAZIABAD,63574.04,10/8/16,202010,300.0
T894531,C3919453,M,MUMBAI,3542.85,7/9/16,153737,320.0
T1009068,C4462048,M,BANGALORE,21.57,13/9/16,224220,1114.45
T665955,C5815025,M,FARIDABAD,3060.43,28/8/16,170739,1164.0
T635,C6020515,M,NEW DELHI,571075.98,21/10/16,224047,2188.25
T310702,C3721971,M,KANGRA,3545.3,10/8/16,202909,50.0
T946902,C4041184,M,ULHASNAGAR,224087.19,11/9/16,222345,98.67
T35301,C3620921,M,THIRUPPUR,32758.26,27/9/16,132,50.0
T664334,C7428766,M,KOLHAPUR,186.41,28/8/16,213108,281.0
T182170,C5641322,M,AHMEDABAD,28773.3,9/8/16,94328,50.0
T707412,C3112642,M,NOIDA,23.83,30/8/16,114104,100.0
T356447,C2032686,F,DELHI,4362.27,14/8/16,143956,545.0
T266530,C2732764,M,PUNE,14584.36,3/9/16,121639,500.0
T111905,C1921038,M,NEVILLE HOUSE MUMBAI,11707.34,6/8/16,55717,870.0
